# Resource object code (Python 3)
# Created by: object code
# Created by: The Resource Compiler for Qt version 6.8.0
# WARNING! All changes made in this file will be lost!

from PyQt6 import QtCore

qt_resource_data = b"\
\x00\x013:\
\x89\
PNG\x0d\x0a\x1a\x0a\x00\x00\x00\x0dIHDR\x00\
\x00\x01\xf4\x00\x00\x01\xf4\x08\x03\x00\x00\x00\xfc\x08/\xb8\
\x00\x00\x00\x09pHYs\x00\x00\x0e\xc4\x00\x00\x0e\xc4\
\x01\x95+\x0e\x1b\x00\x00\x03\x00PLTEGpL\
\x88\x85\x82\xbf\xbf\xbf\xfa\xfa\xfa\xf3\xed\xeb\x8f\x8f\x8d\xca\
\xc9\xca%%%\xd9>!\xc43\x1c\x05\x03\x05@ \
 ,,,\xa9 \x11\xdc`I\xa0\x9f\x9d\xa4[I\
r\x19\x0b\xc4\xc4\xc2\xab\x0e\x09\xac=*\x97L@C\
<5\xd3\xd1\xd5\x94\x94\x94\xf7lG\xbc_P\x99S\
A\xc6\xc6\xc6\xf6\x9e\x8a\xda\xda\xd9ddb\xb4\xb4\xb4\
\x5c\x5cZ\xe7\x84i\xb2\xb1\xeb\xba\xba\xba\xdd\xccI\x0c\
\x0f\x0c\xa7I2\xbdym\xb7N:<\x00\x00;1\
,\xce\xcc\xbc\xf3\x93\x86\xab;&\x9d\x93\x8c\xa89)\
B(%\x13\x13\x13\xd7\xd0\xc9\x9e\x9b\x9bC=8X\
XU662\xc8\xc6\xbd\x15\x14\x12pp\xa7\x90\x17\
\x0e\xb4O@]VB\x95\x84eNNJ\xd1\x8c\x87\
\xd5\xcd\xc6\xaa\x9b\x96c\x13\x06\x9f)\x1b\x95\x95\x95\xb0\
gO\x92|\x9d\xb9\x87nLF?\xa6\x93\x93\x9c\x9b\
\xec\xa8\xa8\xa8\x99\x1d\x1f\x12\x13\x96\xcd\xcd\xcdO/-\
\x8f\x8c\xc4\xc8\xc8\xc8XX\xb1}\x83\xa8`\x15\x0ec\
e^\xad\x83g~\x81z\xdd\xc3\xc9\xd0\xd0\xd0zm\
mv\x82gz\x85\xcf\x98|\x89\xfc\xc8$\xf9\xc4(\
215\xfa\xc1*\xfc\xd3\x19\xfb\xb90\xfb\xbe-\xfb\
\xcf!gfb\xdd\x06\x02\xfa3\x1158.89\
:\xfb\xcc$30*\xfd\xfb\x09\xfb\xec\x1f\x8e\x1f\x0b\
\xfb\xd6\x17\xfa\xc7(\xfc\xf3\x13\xf2\xc5'!\x19\x18\xfa\
\xb55\xf8\x85k\xe61'\xb8\xba\xba\xfa\xe6'\xf7|\
euur|{y`^_\xe8=$\xfb\xd4K\
\xe1mV\xf5\xce\x1f\xb0\xaf\xabpom\xdc\xd4K\x19\
\x08\x09\xf23\x12\xe3\x14\x0b\xfc\xdd:\xa7\xa7\xa5\xe82\
\x11\xfb\x8fs\xf4`C\xe4\xea\xec\xb1\xb2\xb4\xdf(\x13\
\xd1&\x15\xea\xbe\x22\xf2N3\xf7pW\xe6xa\xdc\
N5\xfe\xfd\xfb\xda\xa9%\xbb\x854\xf8\xf7\xed\xe4\xb5\
)\x8b\x0e\x0a\xea%\x12\xc0%\x10olf\xd0\x0d\x08\
\xfa\xd3)\xda2%B>A\xf9\xcaa\xc7\x92+\xc4\
@)\xf4>$\xae.\x1aEF=Q\x12\x09\xf6\xa8\
\x93\xc1\x10\x09\xe4sU\x910\x1e\xd91\x0f\xdfnJ\
\xa4\x9b\x91\x99[M\x83xw\xdc\xcc\xcb\xfc\xdaD\xf9\
\xde\x19\xf5\xa5,\xc5oJ\xfa\xcbLSS\xf2HH\
M\x5cLC\xe3\xd5j\xf8\xb5D\xf0\x924\x96tR\
\xf7\xf2\xccrr\xf1r\x0b\x05\xc3\xbd\xbd\xf7\xb5\x9e\xf0\
\xc7\xbd\xa4\x91\x8d\xc2^:q0*I10\xf6\xd2\
\x18\xc8M7\xce\xa0.\xc5\xbf\xc7\x92@5\x84\x83|\
\xec\x86.D<0\xec\x91q\xe5\xe1\xe6c[=\xc0\
\x9b\x92\xac\x90p\xf6\xe9\x9b\xf3\xb9\xb0\xe8\xd9\xb3\xf7\xf5\
B\x98to\xef\xdc\xd5\xf8\xd3[\xf9\xf4\xa0\xcc\xb9\xa9\
\xcd\xab\xa3\xb2\xa7\xa3\xee\xa5B\xbcld\xf4\xa2o\xf7\
\xe8Z\x8d\x8b\xf3XVY\xee\xde\x92\xdc\xcbi\xec\xb9\
V\xd8\xdd\xe9\xb4\xa16\xd2\xce\x9d\xc9\xca\xf2\xa2\x86e\
\xb8\xa0g\xc1\x84u78\xdf\xed\xf7\xf9VU\xb7\xf4\
{B\x22 \xad\xcb\xbb_\x1c\x1a\xde\xec\xc6\x9b\xf8\xdc\
a\xf7\xbfQtc2\xa6\x924\xdcv)\xc8\x01\xf0\
\x5c\x00\x00\x00_tRNS\x00\xfe\x04\xfe\xfe\xfe\xfe\
\xfe\xfd\xfe\xfe\x08\xfe\xfe\xfe\xfd\x0e\xfe\xfd\xfe\xfe\xfe\x22\
\xfe\xfe\xfe\xfe7\x12\xfe\xfd\xfc\xf8\xfc\xfe\xfe%\xfe\xe1\
e\xfe\xfe^\xfd\xfd\xfe\xcf\xfa\xf6\xfe\xa1lB\xfec\
=\xd1\xfd\xfe\xf8\x9f\xfe\xfe\xef\xf7H\x99\xd8\x97\xc6\xc8\
\xf8&\xa1j\xfe\xcd\xd1\xf3\x94\xd5\xfe\xe8-\xfd\x95\x9d\
\xab\xfb\xa6\xb3\xc0\x1c\x1fE\x9b\xccf]\x00\x00\x04k\
iTXtXML:com.adob\
e.xmp\x00\x00\x00\x00\x00<?xpac\
ket begin='\xef\xbb\xbf' \
id='W5M0MpCehiHz\
reSzNTczkc9d'?>\x0a\
<x:xmpmeta xmlns\
:x='adobe:ns:met\
a/'>\x0a<rdf:RDF xm\
lns:rdf='http://\
www.w3.org/1999/\
02/22-rdf-syntax\
-ns#'>\x0a\x0a <rdf:De\
scription rdf:ab\
out=''\x0a  xmlns:A\
ttrib='http://ns\
.attribution.com\
/ads/1.0/'>\x0a  <A\
ttrib:Ads>\x0a   <r\
df:Seq>\x0a    <rdf\
:li rdf:parseTyp\
e='Resource'>\x0a  \
   <Attrib:Creat\
ed>2024-11-02</A\
ttrib:Created>\x0a \
    <Attrib:ExtI\
d>476e157e-2f5a-\
4335-a1fb-a11baa\
02bbc1</Attrib:E\
xtId>\x0a     <Attr\
ib:FbId>52526591\
4179580</Attrib:\
FbId>\x0a     <Attr\
ib:TouchType>2</\
Attrib:TouchType\
>\x0a    </rdf:li>\x0a\
   </rdf:Seq>\x0a  \
</Attrib:Ads>\x0a <\
/rdf:Description\
>\x0a\x0a <rdf:Descrip\
tion rdf:about='\
'\x0a  xmlns:dc='ht\
tp://purl.org/dc\
/elements/1.1/'>\
\x0a  <dc:title>\x0a  \
 <rdf:Alt>\x0a    <\
rdf:li xml:lang=\
'x-default'>Logo\
 PCCC - 1</rdf:l\
i>\x0a   </rdf:Alt>\
\x0a  </dc:title>\x0a \
</rdf:Descriptio\
n>\x0a\x0a <rdf:Descri\
ption rdf:about=\
''\x0a  xmlns:pdf='\
http://ns.adobe.\
com/pdf/1.3/'>\x0a \
 <pdf:Author>Ph\xc3\
\xad T\xc3\xb9ng</pdf:Aut\
hor>\x0a </rdf:Desc\
ription>\x0a\x0a <rdf:\
Description rdf:\
about=''\x0a  xmlns\
:xmp='http://ns.\
adobe.com/xap/1.\
0/'>\x0a  <xmp:Crea\
torTool>Canva</x\
mp:CreatorTool>\x0a\
 </rdf:Descripti\
on>\x0a</rdf:RDF>\x0a<\
/x:xmpmeta>\x0a<?xp\
acket end='r'?>\xfe\
\x08\xd0%\x00\x00 \x00IDATx\x01\xec\xbd\x09\
@Ue\xfe>.\xc8\x9al\xb2\x08\xa2\x90C\x9a\xe0\
6\xa2\x99\xb9\xe4hY\xd3f6MM\x8d\xd3\xa4\x98\
K\xb1\xfc\x87\xfcBH.\x08\xb8\xa2\x80\xa0\xa0\x22\xa2\
\x80\xe2E\x10\x145a\xc0\xc4D\x01EPDT\x12\
\x03\x05sOI\xcdq\xfd?\xcf\xfb\x9e{\xb9 \x0a\
\xce\xa46\xf3\xf3\xbd\x97s\xcf=\xe7\xdcs/\xe7y\
\x9f\xcf\xf6~\xde\xcfi\xd5\xeai{z\x05\x9e^\x81\
\xa7W\xe0\xe9\x15xz\x05\x9e^\x81\xa7W\xe0\xe9\x15\
xz\x05\x9e^\x81\xa7W\xe0\xe9\x15xz\x05\x9e^\
\x81\xa7W\xe0\xe9\x15xz\x05\x9e^\x81\xa7W\xe0\xe9\
\x15xz\x05\x9e^\x81\xa7W\xe0\xe9\x15xz\x05\x9e\
^\x81\xa7W\xe0\xe9\x15xz\x05\x9e^\x81\xa7W\xe0\
\xe9\x15xRW\xe0\x85\x17\xdb=\xa9\xaf~\xfa\xbdO\
\xe6\x0at|\xab\xa7\xf3\xe0O\x9e\xccw?\xfd\xd6'\
s\x05:\xbe\xd2\xdb\xcc\xc1\xb9\xab\xee\x93\xf9\xf6\xa7\xdf\
\xfa$\xae@\xe7\xc1\xc6q\xc6\x81\x0e5/>\x89/\
\x7f\xfa\x9dO\xe4\x0at\x1e\xdc\xdb8!5\xc1/\xe5\
\xf5\xa7\x02\xfe\x89\x00\xf0\x04\xbe\xb4\xe3+\xf6\xa6q\x11\
\x11\x11IC\x87\xbe\xd5\xe6\x09|\xff\xd3\xaf|\x02W\
\xe0\xefC{&\x99&D\x98Z\x0fu\x9e\xd9\xf9\x09\
|\xff\xd3\xaf|\x02W\xc0\xe2\xa3\x9eQ\xd6\xc6*k\
{\xe7j\x83W\x9e\xa2\xfe\x04\x10x\x12_\xf9\xe7\x8f\
\x1c\xa2J\x5cj\xea\x9c7\xb7\xce{\xe5\xa9\x05\xff$\
 x\xfc\xdf\xa9\xdb\xe1\xb5\xa3\xce5u\xf9\xe1y\xb6\
W:\xbd\xf5\xf8\xbf\xff\xe97>\x89+\xa0\xdb\xe1\x95\
\xfc\xfc\xfc\x13y\x9dBl\xaf\xbc\xf3\xc2\x93\xf8\x05O\
\xbf\xf3\x09\x5c\x81\x8e\xaft*\xf6\x0f\x0e\x0f\x0f\x09\xbb\
\xf2\xce'O%\xfc\x13@\xe0I|\xe5\xdfG\x1a\x14\
\x07\x07\x07w\xf2\xd7+{\xa5\xe3\x93\xf8\x01O\xbf\xf3\
\x09\x5c\x81\x8e\x7f\xf5/\x0e\x0f\x09\x0f\xc9\xbb\xe2\xf8\xd4\
\x98{\x02\xd7\xff\xc9|e\xe7w\x0c,\x83;\x85\x87\
\x18\xb46x\xeb\xa9\x80\x7f2\x18<\xfeo\xed<\xca\
?<\xdc?8\xd8\xb6\xf5\xfbOM\xf8\xc7\x7f\xf9\x9f\
\xcc7\xeav~\xc9\x12\x02\xbe\x13P\x7f\xe9\xa9\x09\xff\
d0x\xfc\xdf\xaa\xfb\xc2K\xc5\xe1\xb0\xe6\xc2\xcb\xc2\
\xdey\xe3\xf1\x7f\xfd\xd3o|2W`\xd8Ky\xe1\
!\x10\xf2za\x7f}:\xe0\xf6d x\x02\xdf:\
\xec}\xffN\xf0\xd6-i\xc2?\xb5\xe6\x9e\x00\x00O\
\xe2+\xdb\xf4e\x8c\x06\x91\xb9\xd6\xb6O\x8d\xb9'\x01\
\xc0\x13\xf9N\xdd\x91\x96\x9d\x82\xfd\x83\x81\xfa\xfb/<\
\x1d\x5c\x7f\x22\x10<\x81/\xfd\xfb(\xcb\xe0\x90N\xc1\
!\x8eW\xde\x7fj\xc2?\x81\xeb\xffd\xbe\xf2\x85\xf7\
-\x83\xc3\xfd;\xe5\xd9\xea=u\xdc\x9e\x0c\x02O\xe0\
[u\xfb\xbe\x9f\xe7\x1fn>uf\xb0\xe3S\xc7\xed\
\x09\x5c\xff'\xf3\x95\x1d\xffji\x19>m\xa6\xb9N\
p\xd8+\x7f\x7f2?\xe1\xe9\xb7>\xf6+\xd0\xd7\xd2\
6dfH\xb8~H\x98\xe3+\x16\x8f\xfd\xdb\x9f~\
\xe1\x93\xb8\x02\x1dG\x9a\xdbZ\xda\x99\xdb\xe9\x87\xdb\xb6\
6x:\xe2\xf6$ x\xdc\xdf\xa9\xdb\xb1\xaf\xfeL\
s[\xff\x90\x10\x7f\xcb`\x98\xf0OG\xdc\x1e7\x02\
O\xe0\xfb:\x8fr\x0c\xf9\xdd\xb3\xe6\xb6\x06\xc5\x96\xfe\
!\xe6eW\x82_x\x1a\x99{\x020<\xd6\xaf\xec\
<\xca\xd6\xdf\x5c\xe7\xf4\xb4p\x03Dh0\xd0\x1a\xa6\
\xf7\xce\xa7\x8f\xf5\x07<\xfd\xb2\xc7~\x05\x80y'\x1d\
\x1d}\x9d\x99S\xc3\x91R\x01\xcf\xcd_/\xec\x9d\xff\
\xe1\xb1\x17\xdd6\x16\x16\xed\xda\xb5\xb3h\xd7\xe6\xff]\
y\xd6y\x94\x81\xb9\x9d\x8e\xbe\xb9\xddT}GK\xcb\
\xbc\x90\xf0\xf0`\xff\xb0\xff\xd9\xa4\xb96\xfd\xbb\xf5\xe9\
\xd3\xe7y\xd1\xfa\xf4\xf9\xb0[\xff\xff\x17\xe3\xce\xba\xc3\
F9\x9a\x83\xe7v0\xdc\xf5Z\xdb\xfaC\xc2\x87\x07\
\x87\x18\xc4\xfcO\x9a\xf0\xed\xba\xf5y\xfe\x19M\x1b0\
`\x80\xa1\xa1\xc9{\x1f\xf6\xff\x7f\x0dx\xdda/\xd9\
\x82\xe6vh\x96WZ\xb7n\xed\xe8o\x10\x8e\xac\xe8\
p\x03\x98\xf0\x8f]\xcf<\xe2/l\xd7\xedy-\xc8\
\x81\xfd\x00C\xb7\xc4\xec\xd3\xa7\xb3\xff\xf0f\xb7\xff\x97\
*rt\xeckkk7\x95\xb2]\xdf\xa0\xb5\x9e^\
\xeb%W\x0c\xf2,\xc3\xfd\xfd\xcd\x83\xcb\xaet\xfa\xdf\
\x1aqk\xd3\xad!\xe2j\xc2\x9b$\x9e~v\xda\xcc\
?\xbc\xd9\xff\xff\x11\xdcuuG\xda\xfa\xebL\xd5\xb7\
3\xd7\xb1+k]\xd6wd\xeb\xd6K\xc2\xf2\x0c\x98\
H\x13\x1c\xee\xd8\xfa\x7f\xca\x84\xef\xdfG\x8d\xf2\xbd\xaf\
\x03\x06\x9c\xfe\xd8\x5c\xe7\xbd\xff7\xe8\xdey\xa4m'\
}\xd0\xdc\x5c'$\xac\xf5\xa8\xce\xad:\x8e\x5c\x02\xd4\
-\xe1\xab\xfb\x03w8n\xff33 ,\xeai\x0e\
\x13\xaeO\x9fn\xa2\xf5\x81M\x87\xb7\xec\x05\x03\xdc\xa6\
\x86\xe8\xff\xe1\xc3\xffy\xb6\xeb\xc2U\x0b\xd1\xd1\x816\
\x9f\xd6\xe9\xca\x92\xb2a\xf0_:\xea\x81\xeb\x8ey\x06\
\x96D\xddR\xef\xfc\xff\xca\xbc\x97z\x9a\xf7\xe9\xd6\xdf\
\x02\xf6z\x1b6\x98\x10X\xb6\x839/\xc8o23\
D\xff\xbd\x0f\xff\x87]U\xfc\xbf\xba\xc3\xde\xb75\xff\
\x98\xea\x5c\xc7\xb2\xf5\x12=Aj\xdd\xbeK`\xcc\x19\
\x18\x18\x80\xeb\xc1\x9d,\xf5l\xff'\xa2\xf0\xba\xfd\x15\
m\xfe|\x9f\xfe\xf7\xd8\x8a\xa2\x07\xf4\x97F\xbd\x9b\xbe\
\xf9\xd4\xf7\xba\xfd/\xfbp}\xdf7\xb0\x9b\x06\x9e\xeb\
\xeb\xdb\x02s\xf2\x1c\xad3\xa9~\x05\x5c\x0fF\x90\x06\
\xe9S\x96\x8f9\x0a\xaf\xab\xdbQ\xf7WO\xceT\x8b\
\xf6>\x0fp\xcd`\xd9S\xc8'\xdau:\xddD\xcf\
\xb8\xa7\xab\xfcwn\xe8\xd8\xd7\xc0\x9f\x98\x9b\xeb\xeb;\
\xb6\xbe\xa2\xd7W\xf9/t\xa9\xd5\x97\xb4\xb6\x0d\xb7\x0d\
6\xc7\xbc\x17\xc7\xd6\x9d\x1eW\x14\xbe\xcd'\x1d\xbav\
\x1d<\xb8W\xaf^\x83\x07\x0f\xee\xfa\xe9\xa7oXX\
\xfc:\xf12\xddnBx?\xf3|7\xca\xf5\xfb7\
\x8b\x0f\x85<\xf8]\xc84\x93\xffQ\x8bN\x98p\x1f\
S\xb4\xdb\x9do}e\xc9H\x8d\xc56\x0cn\xdb\x92\
%W,\xe1\xb8!2\x17\x12\xa6\xd7\xe9\xb1$\xcd}\
\xd2u\xf8\x88\x11\xbdMMM\x8d\x8d\x13\x12\x8c\x8d\x92\
\x8c\x8a\x8a^\x7f\xbd\xeb\xa7\xbf\x86\x82Ux\xfe \x9a\
+=A\xb2\xddpj\xc8\xb3\xcf\xdf\xab\x06\xee\xdf[\
\x9e\xe0\x1e\xdd\x8eo\xb4|\x8e9M\xb8\x8f?FH\
F\xc7<lIk\xbdz\xcc[\x81\xea`zk=\
\x7fKH\xf8\xf0\xe0Nze\xeft~\xd4\xffU\x9b\
\x0e]G\xa4Y\xdb\x9b\x05FE\x99\x99\x85.Z\x14\
=\xd9hr@\x80Q4\x80\x1f\x0c\xc6\xffg_\xdf\
N\xea\xf3>-\xb2\xcb\xa5/\xeff\xfe\xf1\xf3\x1f\xfe\
\x87_\xfb\x9f\xfd\xe8\x16~\x1a\x91\xb5?\xbe\xde\xc2i\
I4\xdb\x85\x09g\xae\xe3\xdf\x1a\x08ka\x8eo\x1b\
\xc9MK\xca0\xc8J\xaewz\xf4c/\x9f\x0c\xef\
U\xe0\xd4\xd3!\xe5\xe8\xae])\x0e~S\x16/\x0e\
\x0d\x0d]\xb4vm\x00q\x8f.0\x1b\xfc\xa9F\x0c\
\xb5\xf0Zh\x1f\xd6NZ\xe6-\xc3\x1c\x1flGe\
0 \xfb\xd9\xe7\x9f\xef\xff\xebh\x17\xed\x1f\xf3+\xaf\
\xeb\xf6\x1d\x1a\xe5P\xf37\x8b\x96\x9cVD^\xa5\x09\
W\xdc\x1a\xfa|d\xc3\xffN\xb7/$<\x1d7\x81\
:&1\xdb>R\xc7\xadM\x87^fQNN~\
~~NQ\x81f\xedC\x05\xe4\x8b\xc0\xf7Ek\x03\
\x16\x05DGG\x9b\x99\xbd\xfeV\x0b{s\x13\xff\xbd\
P\xe8\x03Z\x8c9\x9c8a\xea\x1b\x0e\x80\x0d\xd0Y\
\xab\xb7Y\xc0\xe2\xe8\xf0+Y\x19M\xfc\xcc\x7fg\x93\
n\xdf\xc0\xde\xbd\xa3zf\x0cn\x88_\x93\xa7\x02\xe6\
\xfe\x1c`\x81\x09g\x0bI^\xd6\xf7\x9e\xcft\xec{\
\x05;\x1c\x8b\xf3\xe0\xb8u\x0a1\xb8b\xfb\x08Mx\
\x8b\xc1\x8bBC\xa3\xa3\x13\x92\x12\x8c\xa1\xce\xa1\xd0\x13\
&\x07\xac]\xb4\x16\x98\x83\xecl\x90\xf6\x90\xfbo\xfd\
\x9b\xda\xbd\xbf0\xe2\x9eo\x91lW_-\x0b%v\
\xa7\xff\xd2k\x1a+\xb6\xdd\x87\x83\xac\xe2z\xbd\xde\xf5\
\xdf\xfc\x19\xeaS\xff\x9a\xaf\x1d\xfb\xd6\xf4^\x15a\xec\
\xd7\xf3\xf5\xe6s\x1f\x90\xecl\xa9Ou\xaeow~\
\x09h\xae\xd5\x9b5?I*v[\xff<\xe4\xc2\x87\
tr\x8cyt\xd5\xa7\xde\x18\x1c0y\x05\x0aWF\
DL\x16-`r\xc0\xe4\xb5\x93\x03\x8c\x8c \xdc\x05\
\xe4\x02\xfeE\xa1\x81\xaf\x0f\xb3\xd0\xfc\xbc\x96\xafX\x08\
\x85\xfe\xd0f\x99\xb0\xfdtb\xf4z\xe8(\x9d\xad\xdd\
\x88\x84\x88\xd4\x84\xd0\xc5\x81\x1f}\x04#\xe3\x81N@\
\xcb\x7f\xdc\x7fv\xa4E_\xfb\xde\x11s''\x14\xf5\
\x1c\xfaJsg\xc2\x08K8\xa3p\xfa:\xef\x94\xe9\
\xe9\x8d\xea\xdb\x14\xe68G\x19\xcc9=[\x18s!\
\xfe!H\x9a{D3  \xda\x8d\x12V\xcc]1\
y2\x9e\x12t\xa0\x1e\xb06 Z\xc1\x1cD\x17\x8f\
\xe8\xd0)S\xfe\x1d%#-\xf7n\xcd]\x94{\xf6\
#\x82\x97\x5c\xa6\x17\xb3\xa32\xe4#\x9a\xb1\xed\x86\x9b\
-^\x94\x90`\xe6\x94r\xd4!\x0a^E\xd7\xce\x1d\
\xef\x11\x8f\xf7\x9c\xe3\x11o\xe8<\xb4\xc6\x18\xa0\xc7\x99\
\xd6\x0c}\xb6\xf3\x83\x7fM\xc7\x91\x88\xbc\x82\xe7\xe6\xaf\
\xbd2\xac\xef\xb0a\xf7\xfda\xc3\xa4\xe3\xa6\x18se\
z\xaf=\x8a\x5c\xf86]G\x18\xa7G,\x04\xe4\x0b\
W\x00\xf69\x93\xe7O\x9e\x1c0'\x00\xb8\x0b\xc1.\
\x17\x02\xf5Ek\xcd\x16G}\xd4\xf9a)&-\xf7\
>\x0f\xfb1\x5c\x956\xdd\x9e5\xef\x11\x13\x13\xb3\xe3\
\xc4k/t\xd4\xedj=%\x1aJ(p\xca\x02\x07\
\x87\x9eS\xcc\xa2\x93z\xbd>\xf8\xad'\x0c\xfc\xa7C\
S\x02\x8d#\xe2Lm\x9c\xcb\xf3_{\xa0\x83\xc5$\
\x99\x8f\x11\x91\xb1{\xe5\xcf\x0f\xee\x1c\xad\xfa2FS\
\x96g\x8bD\x1ahv\x98\xf0\xf7\x11\x09\xf7\xed6-\
\xd8\xd1\xb5wR\xba\xb1\x91\x91QB\xc2Z\xd0|\x0e\
\xa9>\x87\xe2}\xedZ\xfe\xa1\x05\x04,\x8a\xc6C4\
\xb3\xc5~C\x1f6d \x94\xf3\xc3)t\xf5\xcfn\
\xf3\xe2\xc7\x1fWU\xee\xd0\xdb\xd1\xe3\xd2+}_O\
\xeb9e1LJb\xee\x07\xef\x22:!\xce\xd4\xb4\
\xd7\xebo\x0dk\x86b\xea\x93=\x8a\xd7\x8e\x1f\x0d\xed\
if\xac\xb2\xa9\xf9c\xb5^\xf1\x03\xa2\xe5p\xd5\xde\
\xd7g\x14\xee\xb5\xb7\xda4\x17\xeb\xec\xd8\x17~[\xeb\
0\x7fKK\xba\xeb\xb6\xa89\xd6\xdc'\x1e\xf6?\xb3\
\xe8\x9a\xa6\x82\xf1\xc6\x96\x04\xfb-A@N\xbc\x03\x8c\
@xH\xf9E0\xf1\xd8\x16\xc3\x94\x0f\x0d\x88\x0e\x05\
\xea\x0fw\x91%\xd1\x1f^\xb8\xcb\xff\xe4\xc5MC\x82\
+w\xc4\xec\xa8\xbaT\x9e\x11[4\xc5\xcc\xb8(\x0a\
\xa0/\xf0\xc3\xcf\x09H\x88K\xb5\xb22U\xb9\xbc\xfe\
\xca\xb0'F\xf8\xce\xaf\x0f\xedYc\xef\xec\x9c\xdf\xa9\
\xacu\xa7\xfb\x9b\xda\xc3^\xea\xa4\xa3\x0f\x13\xee\xb5O\
[\x22\xf0\x86\x8d\xd4\xd3\xbb\x02\xb5\x8e:D!\xfa\xe6\
\xb6\xbf\xf2\xd8\x8bn\xff^i.E\x08\xc8\x98\x05\xa2\
\x99\x99\x99EC\x8f\xc3\x86\x9b<\x19\xf8\x1b-\x824\
\x0d]\xbcx\xca\xe2)\xb2\x11\xf7E\xd1S\x80\xfaC\
t\xad6\xc2]\xfb\xf7\x88\x8e\xafi\xf3\xe2\xca\xdc\x8d\
\x15;*+oT;{\xc7Z\xc5%\x84\x02s\x07\
\x87)\xf8\xb5\xc6\xc4\x1c\xcdTe\xecR\xf3\x11\x80o\
Fl>\xc4\x8f~\x88C\xff\xfe\xd1\xd0\xa1u\x7f,\
\x0f\x0f\xefT\xa6w\xbf\x92\x9f\x18U\xebd\xa7\xa3c\
n\xfeJK\xfd\x0e\xc0\x8e\xa4\xb9<\xff`\xfdg\xa7\
\xea[\xfe\x9a\xe9S\x16\x1d\xde,\xb1wBD\xa6\xa7\
\x83CJ\x0a.e\xcf\x05S@ \x80\x0ek]\xe2\
=e\x8a\x9f\x1aq\xbc.n\x0f\xd4C\xa7\xf8\x09\xbb\
\xaa\x85\x17F\x9a\xee\xff.\xd1\xf1%@}H\xd5\xc5\
\xca\x8a\x1d\x15\x07\xadcc\x8d\x8b\x02{\xa68,X\
\x1c\x18X\xd4\xabk\xd7\xe1\xc3G\x98\x0e\xb2\xb2\x1a4\
\x08|\xb7\x1f\xfaQ\xdf7:>\x02\xfd\xd7\xcc?j\
\xf1\xd6k\xe6\xd5\xe1Hy\x09\xd7sl2n\xaa\x0b\
W-X\x0c\x9e\xbfe\xd1\xcc\xb9\xeaw\x0f\x1b\xb5D\
\xcf\xd1\xc0\xc0|\xa2\xb9\x81~p\xd8\xaff\xc2\xeb\xf6\
\x1fn\xef\xdc\x13`\x13\xef\x94\x9eP\x93`z\xa8Q\
j\xc4\x0a*\xf2\xd0\xc5j\xb8\xd5\xa8\x0b\xfc\xdbC\xbb\
\x87\xfa\xf9=\xc4<\xbb\xff\x8c\xe8\xb8\x0am\xde|y\
\xe2\xefwTTUTT\x1eu\xd9\xb93vg\x9a\
5~h\x91\x19#\x9f\xba\x16\x16\x9fv\x1d\xdc\x8b\xc3\
\x05\xa6\xa6\xaa\xa4\xa2\xd7\x87>\x09\xc2w~\xc9\xa0\x93\
ypx\x9e\xe5\x15\xdb\xd7\x9ap(:\x8e|\xdf\x9c\
\xd1v\xa8\xf3zP\x9b[\xebX\xb9dI\x99\xbf\xa3\
\xbfN\x88\x9d\x8e\x7f\xd9\x95\x97Z\x1e\xdc\x7f\xd0\x99?\
\xe9j_\xe7\xb0K\x00\xee\x80\xb0\xabYt\x821\xfc\
\xf4\x84E\x01\x11s\x17.\x846\xa7\x7f\xa6\x01^a\
;\xb6,\x86I\xb7\xd8\xcf\xe9\x85\x96\x8aRI\xf4>\
\x0f\xfa%\xcd\xedk\xf3frU\x8f\xea\xaa\xaa\x1b;\
*\x86\x96\xb8\xb8\x94x\xef\x8c\x8d+\xb2\x7f\xbd\x83r\
\x09u;v~\xe1-\x0c\x0c\x8e\xe8\x9d\x96f\x9dd\
\xef<td\xdf\xce\x8fW\xd2\xb3 \x1c\xb3\x97Q\x10\
\xce\xf1^\x97\xb6\xf3\xc8\xf71\x90jn\xfe\xda\xc3\x19\
\xc0}\x97\x5c1\xff\xd8\xdf1\x043\x98-\xfd\xe1\xb8\
Y4w\x99\x9a\xdf\xdf\xa6\xff\xeb\xce)\x08\xb2;\xe0\
\x09\xf7\xa7HD\xe2h\xc8\xc1pK@\x8c\x06\x1ez\
\xc0\x22\xa8\xf3)~\xf5D\x97\xc8\xc3i2\x9b\xd2s\
hKC\xb2\x22\x9c\xfa\xd0q\x99\x86\xff@\xbb\xf7\x92\
_\xce\xad\xde}\xb1\xba\xbcz\xf7\xee\x14\x87\xba\xb44\
33\xfbO\x1bt;P\xbe\x039o\xd3\xdb%\xd3\
ih\xcf\xbf\x8e\x1c\xf68\xe5<\x0a\xc2\xc1\xe8\x0a\x09\
\x09/\x8b\xc9{\xa5\x11\x9dQ\x17\x12Q8\xf0\xfc!\
\xdd\xed\xbeWl\xed\x9e\x9d\x86D\x1a\x03\xcb\xf0N\x96\
\x98\x01\xf1\x1f\xa3\xdenx\x0d\xe1\xdeE=>\xc5\x0c\
\x88\x8b\xd0+L\xf7\x04p}\x91Q\x5c\x5c\x02@O\
\x88^\xbc\xb8\xbd\x86\xe3r\x05V]\xe8\xa2\x22\xb3\x05\
\x07[\xaa\x9e\x84t\xffw|t-\xdc\x87\xbd\xff;\
\xf7\xd2\xdc\x13\xc1\x97{\xec\xd8\xbd\xbbr\xf7\xee\xba(\
\xa7\x1a\x97\xc6\x962\xfa@\x1b]\x8b7\x00|F\xe6\
\xd0\x83C\x87\xfe\xb5\xef\xe3\xc4}\xd8\xfby\x98\x88f\
\x1e\x1e\x86\xaa\xfd\x0dz\xe3\xb0Q0\xdb\xe1\xaa\xb5\xd8\
\x84S\xfe\xef\x8e\xa3\x1c\x0d\xccg\x9e\x9e\xeah\x80\x11\
\xb7\xe0`\xcb+e\xffa.<l\xf6\xa1)T\xe6\
P\xe5\x8b!\xd69z.\x9c5X\xed0\xdb\xe1\x99\
\xe1fB0\xe6\x02\xa0\xd9\xc9\xf6\x86m\xf1\xe2\xe8\xa2\
)\x0e-\xa5\xba\x88\xc0\xfe\x07f\x1c\xa0|\xe3\xaf\x95\
\x15/\x1f\xdax\xb9\xaa2&\xa6\xaa:F\xaf\xfa\xe8\
P\xa7\x9eQ\xafw\xd0\xea\x16\x9aU\xddV\x1d?y\
\xe3\xa3\xd7k\xec\xd1\x86\xfeUID\xd2\xec}t+\
\xba}\xfd\xfd;a*Z'==s-\xd41\xc2\
\x22]\xb5\x96rD\xfd\x0bu\xfb\xda\x1a\x98c\x8a\xdb\
L;\xcc\x80\xc0\x14\x88N\x061\xff\x99\x09\xdf\xa6k\
\x06\x0c`a\xb0\x83\xe5q\x11D\x1c$GL\x8e\x8b\
\x84\x84\xb8\x80\xd0\xb5\x11\xa9D\x1d\xf8\xd3ek\xd8@\
\xff\xe8\xc0\x9e\x07[\xa6\xd5\xc5P\xcb\xc3H\xf7O\xfa\
w\xed\xf0F\x83q\xb4OF\xf4v\xa9)\xc9\xc9\xbd\
Xy\xd1\xb6u\xde\x89\xd6\x95'v\xec\xaa\x0b,\x1a\
4\xfc\xfe\x1a\xa6\xe3\xa7\x83_\xefm:(\xed\xf5W\
\xee\x7f\x8c\xfa\xf2\xfeJ\xaf\x1d\xfb\xbe\x0f\xb5\x1e\x1e\xd2\
),\xcc\x5c\xc3I\x98\xed!\xfba\xb7\xbf\xd3\x22\xef\
\x5c\xeb\x97\xc0\xc7\xb3\xd4\xc1x\x9c\xf9\xd4\x95\xc5\xa0:\
\xec\x85p\xdb\xff(\x0ao\xd1-C\x90\x1c\xb0\x07&\
\x11\xf1\xc9\x8c\xc8\xa0\xad\x90\xb8C\xc4\x07\x84\x06D,\
\x9c\xbbp\xed\xa2\xc9\x01@]\xe3\xa7+\xfe\x1b\xa8\x1e\
\xbd\xa0\xe7G\x0d\xa4\x98\xd6\x0f\xd6^}X'\xdd\xa2\
\xdb\x88AV\xa6\xc6\x83\x91\xb5\xa1>M\x9b\xae\xa6q\
V\xaa\xcc\x8c\xdc\xaa\x982\xc7%\xe1v11z0\
\xe8\x92\xacTi\x0f\xbake\x9b7>\x1d<b\xe7\
\xce\xb6#\xb4h\xa7>\xe3\xa3y\xfd\xfb(f4\x22\
\xbd-\xe6\xfc;\xc3\xa4^\x87\xd9n\xc7\xc8\xebk\xcd\
\x0f\xc05\xfcM\xe8A\x96\x22L\x8f,:1\xef\x85\
\x15d\xcb\xae\xbc\xf3\x90fA\xfdI\xc1\xf3\x94\x14x\
jpv\xa3\xe3\x04\xc5\xd5\xa0K\xe8\xb9\x8c\x80\x84O\
\x88X\x05\xf5>\x19c\xea\xf7r=4z1\xe4{\
\x0bPo#\xa4{\x9f\xfao\x7f\xf0Z\x9b\xe1\x83\xac\
RW\xa1\xa5\x87\x22\xac\xde\xe1\x0d\x84\x1f\xdb\xf4\x1f1\
waD\x5c\x91Cy\xf5\x8e\x98\x98%!\xd3\x1d\x97\
\xc4TV\xa4\xb8\x98\x16%\xb9<\xd0\x05\xd2\xd5\xed\xdc\
\xf5\xc3W\xd7\xedl\xc98\xf7\x83\x7fU\x0b\xf7\xd2q\
\xc3\xb4\xd3\x10\xff\x18[\x11\xa4a\xe4\x15\x98\xeb\xdb=\
t\xf5 \x0c\xcd`\xfe2\x0b\x92`\xf2\xcb\x920\xce\
vB\xec'\xaf,\xe6\x1d\x8b\x16\xfe\x96F\x87\xe9~\
h\x0f\xe3\x8df\xbb_\x11T9t\xb8\x82\xb5\x90\xee\
X\xff\x82Cm\xe4\xfaB\xe8\xf5E\xd4\xeb\xe0z\xa3\
&@\xd7\x08\xb1F\xdf\xa0\xfd\xf6!C\xb0\xc3\x07\x99\
\xaeZ5\x17m\x15~@h\xe8\xeb\x1f\xbd\xf5\xe9p\
\xd3\x88\x15+VD\xa8\x5c\xea\xaa+\xcab\x96\xd8\x0d\
\x08i\xbd#\xb8\xba\xaanxo3\xfb^M\xaa\xf5\
\xfa\xef\xd7\xb5\xe8\xd0\xed\xd5u/\xb6\xa0s\xd6\x7f\xe6\
?X\x1b\x86\x9a\xce\xb4\xe1Q\xb5\x1fA\x9a\x8e\xc3F\
!aB\xc7\xdc\xee\xad\x87t\xb1\xd1Y\x1c1\x11b\
\x9a\xb9\xdd\xb4\x10dT\xc0]\xc7\xbc\x17fJb\xec\
\xe5\x01\xd1\xfd\x07\xfdpE\x9fS\xb4\x0b\xcc\x05\xe4\x0a\
\xf0\xf3\x130\xac.\xc7Wq\xd1\xd7\x82\xeb\xc8\x9aa\
\xf0\xbd1\xea\xed\x8d\xcc\x1c\x0e\xb6Dp\xca\xec\x89\x96\
&Ot\xb5\x12\x88\xcf\x9d\xbbb\xe1\xaa\x88U\x11F\
\xf4#R#\xd0\x07\x16\xa6\xab\xbc\xa3\xaa\xab\x1c\xc1\xf4\
gt\x96\xb4\xdeQY=\x0cc\x83@\xbdYy\xa7\
\xdb\xee\xc3\xc7\x96g\xd7\x06B\x19\xca7\x1c\xc5\x1f;\
\xbd3\xec\x95\x97\xc2\xf7c\xf0\xdc\xfc\xe1M\xb8\xf71\
\x1c\x87lY}\x1d\x03\xceee\x22\x8dH\x9f\x92\xf7\
{i\xe4\x10>\x08j\xcd\xbe\xfe\xbdzB\x97\xc3j\
\x17\x98\xab\xd9-\x90\x9fO\xe8\x03&\x7f\x81eBR\
\xb4q4\xf4zD\x04 \x0f\x00\xe8\x0dQ\xf7[\x1c\
m\xd6\xb3g\x0bz\x9d\xa2\xd2[\xf8C\xfb\x0fR0\
\xff\x1ct_1wnjDD\x5c\x5c\xeaB\x10}\
az\x5c\xac\xfd.\x88\xf7\x18\xc7\x99\xc11\x951\x95\
\xaf}\xd2\xaaM\x87\xd7\xa3\xccziT\xbf\xe6?\xbc\
g\xe51f[\xf4\xb5\xb4d\xd1~\xb8\xeb\xc5:\x13\
\xa71\x17\x8e\x83j\xf7\xfc\xa2\x07m\x80h7\xd0\x9f\
\xc6\xf9\xcb:\x06\x80\x5cdJ\xb6\xb6\x05\xea\xc8\xa4\x09\
.\xbeb\xdb2\xfb\xb9\xc17|\xd2\xcb\x19\x81v\xe0\
n\xc615\xc0\xab\x0d{\xc0\xe4\xf9\x01\x84?!I\
e\x0c1\x00\xbd\x0e\xd4\x01:\x80o\x00\xba\x9f\xdfb\
\xa3\xe8\x9e\x0e-\x88\x16<\x94J\xef0\xc2\x8a\x92\xfd\
\xf3\xcf?_\x18\x10\x91\xba*\x02H\x9b\xc2\x89\x90\xa0\
\x9b\xee\xb4.G\xf4}\x87\x9e^LeU\x8f*\xa1\
Z\xda\x0d\x8e\xb2\x1f\xdc\xee\xe1\xaei\x83\xab\xf1k\xbf\
\xd1\xb5\x18\x89\xba\x02b*Zk\xff\xa9\xd3g\xeas\
 \xf5\xe1\xbed\xd8(L\x84\x10Ytv\x98\xfc\xc2\
t\x8a\xd6W0\xef\xc56\x0fc/\xfe\x9d:\x19\xb4\
\xee\xf4\xb0Fa\xabV\xc3k\x0081\x97\x90\x13b\
\xd1\x987\xa1^\x07\xcd\xa3\xecU\x90\xfd\x8bB\x8d\x90\
\x9d\x04\xd4\x8d\x1a\x0ax\x80\x1e]\xe4\xe7\xd0\x02\xa6?\
\xcc`K\x9b\x11B\xb8\x7f\xfe\xf9\xaa\xb90#\x22R\
\xd3\x17M\x89Z\xbc\xc1(}!\xa4\xfd\x8a\xf9\xa9\xb1\
\xb15\xbb\xaa\xe0\xa9W\xe0\x19\xach\x96O\xbaf6\
\xab\xd7\x1f\xee\x9a\xff\xa7Gw\x1ci\x90\x17\xe2\xefo\
gn\x10\x16<s\xa2\xfe\xc3\x9a\xedp\xeb\x1d;\xe9\
O\xe5\x5cV\xbb0\x00\x0e\xbc\xc9u\xac\x18X\x16C\
\xa9\x87\x07;\xea\xbd\xd4\x5c\x0eF\xe3\xff\xa1\x7fFO\
4\xeasAsuv\x94\x80\x1b\xa9\x90b\x00}\xb2\
q\xb4\xc3\xd1\xa3N.\xc6\x18\xc5\x0c\xa5\x80\xc7\xb8\x1b\
\xc2\xedZ\x5c\xf7[\xb0\xd8\xa8\xc8\xa9%L\x97*\xfd\
\x01\xd3\x98\xea\x7f\xa0\xc5p\xf2\x9c\x90\xcf]\xb5p\xf2\
\xdat\xc8\x18\xbfZ\x8c\xfa%E\xcc\x87|_\x11a\
\xb53\xad\x0e\x5c\xdfQ]\xb1#F\x9dQ\xa8k\xf1\
\x9bC\xfd\xef\x7fe<v\xe2D\x9d\xe0\xf3\xe6S\xff\
\xd6\xe1!\xc5P\xdf\xf7m\xc3\x11\xb3=\xa1\xbf?\xf8\
\x0a)\xde:\x86*\x9d|\xd7\xb3\xf4\x87\xbd\x80\xfb\xb8\
a\xfc\xb6\x05*\xad\xfe\xba\xb6\xfa\xe4\xc3(\x01z\x94\
\xc6\x86\x93\xd2}\xbe\xc4[,\x03\x12\x92\xcc\x16\xa4\xec\
\xaa<jom\x9d\x14\xba(aU\xc4\xe4\xd0hP\
\x1d\xc3/\x8a\x9b\xee\xb7\xc0\xcf,:`J\xcf\xe6\xc5\
\xbb\xa2\xd2[2OE\xb7\x9bU*@_\xf59y\
\x8d\x15\xb4\x88\x84\xd0\xf6\x0b\xfc\x16\xadZ\xb1\xe2\x0b\xa0\
\x0e\xaa\x97\xd4\x1d\xadD\x10\xf6F_\xcd\xa0\xb4\xae\xc5\
\xf0\xa2\xa2\x11-9\xbf\xd6Ux\xa4\xabb\xece\x9a\
Nq\x88\x9dc\xd8\xc7\x0f\xe97\xc0;w\x0c\x99\xfa\
\xb1\x9d\xdd\xe1\xc3\xc1;\x007A\xa7|\xe7_\xeb0\
\xcb\xbc<\xfa\x06\xfe1e\xaf=\xd4\xb0B\xd7\x0c\x8c\
\x98\xf7t\x98\x12\x0d\x9ec$M6E\xb2\x0b\x9a\x03\
\xf6\x80\x84\x84@\xbf(\xa7\x94\xdd\xbb\x9dU\xc6F\x08\
\xcdQ\xadG3cF\xed\xb6\xf9\xc1\xc1\x0f\x08X\xdc\
\x02C\xaeM\xcb\x13\xa5\xba\xc2?'\xd1\x89\xf6\x8a\xb9\
\x08\x0c\xa1\x03\xa4\xa6\xc6\x19\x07`\xd0o\xee\x17_\xac\
\xf8\x22\xc2*v\xa7\xb7\x0b\xb4\x93\xf3G\xda.\x90\xc5\
p\x97\xa2\x92\xae\x8f\x14\xc7\x87<\xf9\x0b/YN\xd3\
\x0f\xd7\xb7s|\xd8\x92\x9fP\x0d\x9c\xfc\x02\xf7|\xff\
u\xda\xac\xc0zI\x8c\x94\xeeK\xf0\xae\x0c\xe9S,\
4\x07\xd4[\xa0X5?\xba]/'\xe4\x19\xf9\xf9\
E\xc7i\x9cs\x81x\x00<5\x899\xd2\x9e\x03\x8c\
\x12\x16Oq\x8a\xaa;\xb8\xfb\xa8\x99*nQ\xe8\xe4\
\x88Tx\xebF\x93\x09\xba2\xe0\xe6\xe0\x87\xfc\x9a\xc0\
\x05-\xf8j\x99\xfal\xa1\xf9\x05\xf7]\xe90B\x1b\
s\x22\x8f\x08M\x04\xbe\x9b\xa1\x9a\xcfA\xfe\xb5\x93\x89\
:F\xd3\xbd\xdb6\x08\xc4\xe9\xb6\x1b\xee\xe2\xd2\xfb\xb7\
\x84:\x22\xa8\xc1\xe6vv\xe1\xb6\x98v\xda\x12\xafV\
}M\xe0\x9d[\x8a\xf8\x9d\xfe\xc6\x8b;v\xfc\xc0H\
\x14\x9b\xb4\xe6\x96\xc4,\x89A\x1d\x22Q\xa6\xe2\xa1f\
@\xb4y3\xc3\xe1 \x98\xbe\xd88B\xf8\xe5\x00\x1c\
\xaf\x01j]\x8et\x19\xe6\xba\x07L6\xc2(\xba\x9f\
\x93\xd3\xc1]\xbb`\xce\x11u\xc6\xe7\x02\xa4\xdbF\xd8\
\x9dj\xa3\x8a\x02\x02\x02[\xc0t%\x0dV\xfdo\xdd\
\xff\xd5B\x1a\xee\x14\xees\xbf@268\xbf\x0a~\
\xdb\x8a\x15\x84\x5cn]\x8b\x8c8+\xd3X\xabA#\
\x1aNt\xd2\xed0\xc2\xa5hD\x83\x8ep\xff\xefy\
\x1c{t-\x86\xf9\xfb\x87[\xe6\xa1 \xdc\xc3$\xbc\
\x0cC\x15A\xfd\xa9\xe4\xb9]\x8f\x1dG\x8e\x00\xf5\x1d\
j\xd9\x0e\xc2\x8bf\xebo\x1b\x8c\xe0\xfe\x09\xcb\x96W\
\x9f\xd2\xfd$\xe3\x92C]\xcf\x9e\x81\xd6\xc6\x10\xef\xe9\
\x22\xd1Y\x88sAr\xa4\xc5\xa9Q7B>T\x94\
\x93\x9f\xd3\xc1\xa3\x0e\xd6\xa6\xd1P\xeb\xb0\xe0C\xe9\xac\
+\xf2\xdd\xcf!0:zr\xe8\xaf\x08\xba\xc5\x87\xc2\
p\x17\xc18\xa9\xd0\xe1\xb7\xa1\xa5\xc2\xaeS`Gj\
6\xc6z\x91\xb7g=\xdc\xa2\x11t\xed\x80z\xeff\
bs\x8d>\xf2H\xdf\xea\x22\xe4^\x0c\xbf\x8d\xa8\xb7\
4Z\x8e\x8ar\xb62\xa3J\xdf\xbc,\x06\xa0\x1f\xf9\
A\xcdu\xaa\xf4\x980\x8a\xfb\x1d\x06\x96\xfebP\xa7\
\x0c7\xefk\xa1\x89\xd8\xf7\xc6\xee\x1bGw\xa5d\xaa\
\x98\xfdj\x94n\x14\x90.\x94\xba\x10\xed\x00\x5c>\x99\
<\xc1|\x99\xa8)QQ=w9\xa1\x83\xc0[\xc7\
\xb0\xdb\x22L,\x91\x96\x9c\xdf\x82\x05\xcc\x9e4\xeb\xf9\
J\xb3\x97\xae\xfflNgjv\x5cUw80\xff\
|\xaeP\xe8\xb4\xe2V\x08\xc4\xc5b\x95\x5c\x12\xfa\xf9\
s\xd6\xce\x8f02j\x22\x1c\x83ix\xd1#\x1e\xde\
}m\xf6\xe7\xff\xdb\x07\xa0j?\xc0\x09\x09\xce+k\
a\xf1G\xa8\x04\x03D^\x99\x1a\x15\xac\xb7\x04\xa0\x9f\
9C\xd4\x05\xd7)\xe3c\xca\xa8\xe4cb\xf2\xf2\x0c\
\xc2C\x8aE\x0af\xcbL\xf8\x8e\xf0w\xd0\x8e\xdc\xb8\
qpY\x815\x80G\xaa;\xccv\xc8s\x85\xe3\x02\
v\xcck\x01\xd3\x01\xfbz\xa0\xeep\xd4\xde4i\xd1\
\xa2\x88\xb8\x08\x80\xae\x0e\xd0\xf89\xf8A\xba\x1b\x85\xfa\
5\xaf\xd3\xa5\xc7\xd6,\xe8]\x07\xd1p'\xe6\x9f7\
\xc2\x1c\x90O\xfeB\xd0=55\x22\x1d~\x5cRR\
S\xea\xbbC\xaf@\xfb&:\xc3\xbf\x0d\xda\x7f\xfcA\
\x8c\xbd\xf8\x87w\x0a\x0f\xb6\x0c\xb3m\x9e\x1a\xc8\xf4\xc3\
\xe0\xb9\x9d\xce\xc7\x18`\xd1\xf1\xbf\x02\xccw\xfcp\xe4\
\xe6\x19\x90}\x07\x01\xa7V\xc7,\x1f\xf4\x00L\xfa0\
\xc0\x8d?\xd8 C4.\xcc\x83~m_(\x0a|\
\x0cg\xfc\xe1\xc8\x99o\xb7\xdfuIJJ2J7\
N\x08\x90b\x1dK\xced\xc2\x22\x80\xa0_\xc3#j\
\xe8.\x87$\x15\x87Y1\x81l\x91\x112\xdea\xcb\
9\xf99,N\x0a\x88N\x08\x9c2\xb8\xd9\xaf\x15Y\
3\xcd2\xbd\xc3 i\xc4\x01t\xca\xf6\x15\x80_\xab\
\xcd]\xbb\x96\x9a\x1d\xa3}\xd1F\x01\x8bT\xbd\x9a\xcc\
\xbe\xee\xdf\xcb\xd9e\xb0\xc5\x83\xfe\xfb\xc7\xbb\x8f\x8e\x1b\
#s\xe1\xb6z-\xa8\xdf\xae;\xf2\xfd\xf7\xf5\x91]\
#K\xd0P\x83\x83\xea7O\x11u\x00\x0d\xd7M\x8f\
x\x0b\xd8\x11\x85\x17\x8e[\x9e^YK\x92\xe6:\x8e\
\x12\xf2\x82v\xe1\x0f\x84\xfd\xe6\xad}w\x93TId\
\xba\xc8y\x16Yq\x12u\x91.\xc3Qt\xa7\x9e)\
Q\xb4\xe5\x904\x07\xb7\x8dTw\xc26\x87@\xa3\xc9\
\x8b`\xe277\xc6\x85II\x94\xee\xcf4\xe3F\xb7\
C$\x8e@\x83\xe7\x02tr\xbe\xbe\xc1\x8a#\xe8\xa9\
\xa1p\x14\x0b\xa2\xcd\x8c]\x9a\x14k\xba]\xed\xa3l\
\x1e\xdb\x18j\x0b:\x10\x93 8\x01\xb1\x93c\xf3\xc6\
\x1c\xa2\xed\x1c<\xc7\x08\x8b\x9d#yM\x84Au\xa0\
.\x10C\xfe\x00%\xbeh1;\x1c{\xe4\xf9\x9f@\
\xf9\xa9\xe2\x98\x96\xcc\x80\xe8|\x86\xa6\x01>\x0a\xc8\xd1\
\xbe\xff\xe1\xfb\x9b7o\xad)H\x82\x94\x07\xf0T\xe8\
x!\xe8k\xe9\x92\xe3\x81\x18\x9cS\x94CJ\x11l\
9\xc4\xe0\x05\xd59y\xfd\xa0COh\xf4\x00\x98\xf8\
MJ\xda\x06\x17DN6~\xf0\x18\x1b\x0cw\xc5A\
\x17\x987\xe29D;\xbb\xc3\xaaT\xab\xc0\x05\xb5\x0b\
\x8a\x8c\xa3\x93\xeeC\xe8\xae5f\xbd\x1e6=\xa5\xc1\
o\xfd\x95\xdf\xb4\xe9k\x80{\xec\xf9#U\xb2\xb9{\
\xe7v\x14\xc5\xbfa\xb6\x8br$b,uI\x0cA\
\xbfyS\xa0N\xb9N\xf2\x93\xadX\xedQ\x85(<\
\x824\x96\xb8\xebz\xb3q\xfda\xdb\x08\xfa\x12\x0d\xe8\
\xdf\x7f\xff\xfd\xa9S\xa7f\xec+\x80\x90'\x8al\xac\
?\x00\xf05L\x9f\xb2\xdeOR]Dh\x8c\x16-\
^\x00\xd0S\x16\xb0\x97D\xb7_\x5c4\xbc9\x0b\xb2\
%\xb1\x99\xe1\x18Z\x83\xe5F\xcb]\x86\xe2\x04\xcb\xe7\
js]\x98\xf0q\x8b\x1dj\xaf\x15\x19%\x187i\
\xa7\xb7\xb1\xe8\x0a\xb5\xde\xac\xbe\xf9\x95\x91}\xd0\xe9t\
_\xe1\xd8K'\x14\x7ft|\xd0\x04D\x0c\x9e\xc3\x84\
\x13e\x87P9R\xc6]!\xe0w\xfcp\xf3\xe6\x16\
\x85\xeb4\xe7(\xf1\x95.\x80\x12\xe1\xbc\xffvH\x19\
n\xd9\xd8\x1c\x00}\xa1!v\x00s\xc1t \xfe\x03\
Q\x07\xee\x1a\xd89S\x91#jk\xc5H*\xa9\x0e\
k=\xb06%)\xceH\xad\xd5\xcd\xfcz\x1e<\x98\
\x12\x95@\xf5\x8f\x9c\xa9\x11M^\x7f\xad+!A\x7f\
`\x7f\xecf\x85\x88\x1b\x10\x9eK\xaf\x1c\x1a]\x0aw\
-\xcc\x05\xd7?_\xb5v\xa1i\xe0\x02\x87\xf6F\x8b\
\x8c{Yh}C\xfd\xaa\xc5\xe0\x22\xeb\xdf\x92\x80G\
\xddOp\x1d\x09/\xfe\x9c\x80X\xff;\x1b\xad\x0d{\
\xc9 d\x1a\xb3ei\xc2\xb5\x8e\xb9\x22\x02\xafK\x96\
P\xbe\xcf\xd8r\xf3&\x14\xf1\x11\x88{v\x03\xe1\xc7\
\x81\xf6;z\xe4\xc1!\x84\x10\xe9\xd1\xfc\xcd\xfbFJ\
\x0d\xa1\x80N\xc8\x89:[\x16\xd8N\xb2s^\x0b\x98\
\xbeHa\xba\x80}\xb1\x9f\xc3zh\xf5E\x93#\xe2\
 \xe5\x91$\xd5\xd3!%\x10\xe1\x9c\x80\x80\xf6\x8b\x8a\
T\xcd\x84D\x94(\xec\x83@g$Nxh@\x9b\
\xce\x9aD\xbb\x01\xe6\xe8\x11\x00~\xee\xda\x08\xd3\xd0\x05\
\x8b\x8d\x8d\x02\xe2\x9a\x86\xb6M\xff^\xbdm~K~\
[+\xdcO\x13C$\x98vz\xc5\xe0~\x89\x14H\
\x9c,V*G\x1a\x881T\x05s\x80\xfe\xc3\xa9\x19\
[\x14\xae3HC5O\xef\x9d\xa8#\x17><\xdc\
\xfc\xd9\x99!\x06\xcd\x84\x01\xdex}M\xed\xae\xa3\xbb\
wW\x00{\xaat\xadv\xea\xd4\xb8\xbbE@\x9d\xd5\
eX~\x00:]Q\xeax]\xbf\xa0gR\x1c\x06\
^\xa4\x80G\xeasJJ4s\xe2\x11\xb4\x896\xee\
\xf5\xe04\xb9\xe6'\xb7X\x8cH\xfd\x5c\x90\xbb\xa1\x11\
w/\xe8\x9f\xafZ1yU\x04br\x11\x8b\x8c\xef\
\x13\x88\xc1\xf4\xf5\xde\xbd\x1ej(\xa2\x11\xe9~\xf5\xb7\
o`\x06\x04D<\xd4\xef}\xb2\x97\x99\xff\xa8/\x92\
\xe1\x10\xa9\xc7\xf0\x0a\xfd3.$\xc67\xb7\x00va\
\xcdI\xd4\x8f\x1c9\x05\xbb\x0c:\xba\x125\xc7Bf\
\xea\xfb\xdb\xf9\x87=x\xd0\xabk\x9a\x13\x22\xab\x05\xd6\
\x05\x99\xb57\xce\x9c:\x22\xa4\xbb\x04\xfe\x1f\x10\xf2[\
\x96\xde-B\xc4\x05,g\xa6\x8cF\xa7/^|m\
\xf1\x14\x87(\x15\xe3\xb0\x11\xc6\x88\xd0$EO\xc1h\
\x0bC\xf5\x8b\xda/2JJ\xea\xd5\xf5\xad\x07\xe0\xde\
l\x0a\x05\x22q\xc0\x9c\x96\x9ap\xd0\x05\xfc\xa0\xf5\xbd\
\x98\x8bH,4\x00B\xf1\x93\x17\xa9\xeec\xcb}2\
B5\xa8i)\xf0\xab\xc3\xd9\xc2\x13b\xdeK^\x08\
\xdcu\xa4O5%\x83:\x8et\xec\xa4\xf31&<\
\xe9\x9b\x9f\x07\xda\x80[\x22\x0e\xd0)\x90on\x89\x9f\
1\x03\xd6\x1c=7v\x83#7O\x09\xe7\x1d\x5c\xdf\
lk>-$D?\xf8\xc1c/m\x06\x17\xc0\xc9\
^\x5c\xa4JJR\xb9\xdc\xad\xbdu\xf3\xd4)\x01\xf9\
\xa9\xef\xbf\xfe\xfe\x1f\xf8;\xe5\xb9\xa6\x08a\x18LV\
eu\x19\x82}\x0d\xe6;[\xd4\x82\x05Iq\x93C\
C\x03\x8cS\xc1n\xa3\xe8)S\x92\xc8t$\xc9\xc2\
\xa8r\xc1\x94\x02$/\xde\x07\xf8\xe6B\xef\x22\x12\x07\
\xc0\x11\x8e\xfb\x5c\xad\xcf\x85\xb1\x0e\xe0\x1b\xb5U\x18v\
[\xb1j\xeed\xfc\xad5J\xbaOJf\xd7A\x83\
\x9a53Z\x08\xd7\xaft\x18\x1c7\xe6\xac\x07\x975\
U\xbf\x1d\x15\xe5\x82Q\xfc\x1b\x85\xa0\x83\x910!@\
\x17,\x17\x0b\xca\xf7\x9bY\x9e\xf1\xd0\xebB\xa6\xa3\x1f\
\x1c\xa1\x1b\x07\xe6\xef\xd8\xd1\xe3\xf7=z\xa0B\x95\x9d\
e\x0fT\x9f\xba\xffO\xfd\xa4\x17\x01lodld\
\x0c\xd8\x81\xfb\xc9\xe3\x80]\x02\xff\x8f\xef\xff\xf1\x8fS\
\xf3\xb2\x96\xdeM\x92\xd5&\x04\xd3y\xb8h\xd7\xfc\x98\
)\x8d\xf1tLq\x0b@\x80$:\xd4\x08\xa0\x03s\
D\xc2\x8d\x93\x8a\x80zF\xcd\xeb\x1f5iGJ\xd0\
?\xbc\xdf\xaf\xd2eN\x9c4\xdc\x15\xa2\xc3L\x17\xb4\
o\x84\xb8\x18r\xc1\x90:\x06c\xd6\xce]\xb56 \
\xee\xf5\xa6\xcd\xf46\xc3c\xdb\xfe\xb6\xa8\xae\xdb\xb7S\
1\xd5:\xe6\xbd\xbc\xd3\x98\x19\x9d_\x12\x95#\xcdC\
t\xc2E\xfe\xa3\x86\xe5\x04]\xba\xea\xf1\x9e\xf1\xb0\xe6\
\x88\xb3\xf0\xdd\x11\xb0\x11]\xe0\xa2\xfe!s\xc7<\xf3\
`\xdc\xbc\xcf\xe0\xcaKM\xc9\x10y\xc9\xbb\xbaD\xc1\
\x16\x0f5N0JO@\xd1\xa8$k\xeb\x82}\x80\
]\xa0\x0e\xd0\xbf\xfez\xde\xbc-[!\xe2E\x89\x11\
0]\xd3\xa6,F\x9e\x8c1\x12)P\x89\x02\xb1:\
\x8c\xacs\xd8\x83\x87a*\x8c\x00\xbd\xa6&##\xe3\
\xf5\x8f\x9a\xc8Km&\x0a\xcb\x9c8a\xb9\xd1[\x83\
h\x87;\x0e\xb4)\xee\xefmp\xe78\xf8\x86\x05\xa8\
\x1egv\x9f\x7f\xb4\xc3\x88\xd8\xc2&\xbb\xdf\xfd\xfa\xdd\
#\xdf\x8e\x04Y\x7f\xd8\xf0\xc1\x98\xf7\xd20\xe1\x85\xd1\
v\xc5\x84\xb3E\x9c\x15yQ\x8d\x1a\xe5\xfb\x8c\xac\xa0\
xp]\xeau\x1a\xf4\xdb\xb0~\xe6b\xc5\xc6\x95\xd3\
q\xf3>\xc4\xf7\xfda%\xbe\xd4d\xb8\x0a\xffY\xc7\
\xe15\x8c\xb6`t\x0d\x83\xa9\xf3\xd1\xa0\x8f]\x0a\xf6\
\xad\x16\xa8\x7f\xfd\x8f\x7f\x00\xf5o\xe2\xe7\xf9\xac) \
\x9a\xa1\x8b\xdak0\xc7J\x94\xdf\x14#d\xc0\x8b\x02\
$X\xe0\x00\xe8~X|\x18\x97M,6\xc1\xec\x00\
\x00 \x00IDATH(\x02\xd5kj\xec32\
l\x9a(\xa3&\x03r\xf7\x0b\xbd3*\xb3\x90\xf0\x02\
G5\xe6\xd4\xdd\xf7\x22\xce\x9e@\xd4q\x14\xdd\xf9\xb5\
\x93\xa3\xef\xc3g\x8b\xae\xb1;\x07\xff\xa6l98n\
\x18gE\xd2z\xde\x15$\xbc\xd4{n0\xdbE\xf1\
o\x84\xdbme\x22\x5c#\xcccb(\xdf\xe3\x83\x82\
<\xa1\xd7\x05\xea\xb0\xe1\xce\x9c\xbdy\xe6\xec\xc5\x8a<\
\xfd\xfd\xd3W\x9e\xe8\x91\x17\x1c\x12\x1c\x12\x82\xf4\xa9\xfa\
\xd36\xe8\xc4]{G\x01t\xccZ\xc1\xb8\x1a\x86\xd1\
\x91\xf5\x8a\xd1\x96\xa4\xa4\xbbKW\xdf\x84V\x07\xea\xdf\
\xe0\xf9\xcd\xbc\xd1\x07\x0a\xa2\xa1\xb8i\xc8\xa1\xa9\xa1G\
\xd6\x05\xa6\xbbp\xe2\xb2RG\x92=\x83\x15J\x00\xba\
\x90\xef\x98-\xe8b\x03\xd4\x1b\x7f9A\x1fp\xbf(\
l\x1b\x0e\xad\x11\xe1\xb9\x9f\x93\xc0h\x0c\xbe\xe1]S\
\x8d\x98\xcf'\xd19\xd0\x8a\xd4\xa9\x11\xf7A\xd6b\xc4\
\xce\xdf\xd4p\x1b@\xf8;G\xdc\x10\x86\xc7\x0c\x88\xfa\
4'q\xff\x16\x94)@\xb4\xbd\x0c\xceyc\xc0\xf9\
\x9e>\xda\xa9YAA\x93<=\xc1uz\x5c;~\
8sd\xdb\xd9\x8b\x17\x83\xf7\xef\xdf\xff\xfb\x95+\x83\
{\x88\xb1\x17\xc8\x90&Mx\xdd\x0e\xbd\x8aH\xf4P\
$O\xac\x98\x9c\xc0D\x99\xf9\x93\xe7K\xd8O\xce\xd8\
r\xea\xeb\x7f\xfc\xdf\xff\x91\xed\xdf|\xed\xb9\xb4 \xfa\
.]6\xd9$\xec\x04}2>\xca\xc9\x8c\xd0\xec\x18\
\xa1!\xcfE\xf64\x12g9=\x14\xa0\xdb\x03\xf5F\
\x93\xee\x19z7|\xe6~\x93\x17\xbb1\xc9\x1d\x00\xd7\
cN\xb4\xb9\xe5\xde&y.\xba\x06:\xc6\x8a\xb9V\
#\x9aV\xea\xadZ\xf5\xdf\xd9\xb6\xa9a\xb8\x06\x0cx\
\xcco0\xf6\x82\xcc6D\xe1[\xbf\xaf\xae\x12%\xa7\
-\x11ss\xbd%\x12r%-\x0ahC\xd0\xab\x1d\
\xf3S\xf3\xe2}<'\x91\xeb\xd2\xd1>r\xe6:d\
\xfb\xfe\xfd\xfa\x1b7N;Q\xd1\xc3\xc0\xff\x04b4\
\xfe1\x8eM\x18s\x98\x0bb-@\x846f\xae\x0c\
P'MQ\x102\xdd(\xa9\xe8\xae\xcf\xcdS_\xc3\
\x84'\xdb\xf7\x06\xc5o\xbd[p7\xb4=\xd0n\xaf\
a\xfa\x94)\x00=!\x22\x8e1\x99\x04\x8c\xbd(U\
%y\x0a\xa1\xd5k\xec\xcd\x04\xea\x19\x8d+\xd1\xf4\xc1\
\xcd\xb7|\xefSa\xa8\xc3 +\xe8\xf3\xb9\x04x\xee\
\x17X\x11k\xf7\xc1\x1c{)\xdc\x858 \xd3\xe7\xae\
\x1aq\xbf\x80O\x9b\x0fw\xbei\xf1\x98Qm\xe6\xeb\
P\xb0\xc0\x12axN@\x04\xea<\x18\x09\x13!\xc8\
\x85\xc3t\x86p ~\x8f6\x8f\x81\x8a\x97>\xda\xa9\
S[\xb2&M\x9a\x94\x05\x01O\xae\xef8SUq\
\xf1\xb0\xc0|\x08\xb2\xe8*\xaa8\x8b\x0aw\xfe\x88\xb1\
mD\xb7V\xad>\x19\x9e\xa62\x83d^\x1c\x0a\x8d\
\x0e\xd4Y*L6x^FFE\x05\xfbf\x80\xeb\
\xb3(\xdf\xbf\xd9\xbbw\xf4\xd2\xbb\xd1w%\xe0\xe49\
\xff\x08:48\xd0\x16M\xf6\x18\xd9}P\xbe\x91<\
\xa7|wq\xb1qn\x14n\x04\xe8\x1e\x03\x9a\x06\xbd\
]/uN\x1c\xa4u=\xe6\x12z\xf6\x04\xd1\x080\
V\xb40\x87\xad\x07\x03\xc0\xea\xbe\x1eA\xabv;_\
\xbd\x9fa\xd3\x0c8\x8fl7l\xb6b\x96\x01\x0c)\
\xbb\x12\x821\x12\xbc\x959\xaf\xe6\xfa\xfeZ\xcey=\
\xf6\x18g\x0bS@\xbf\xb9\xc5\xc7\xc7g\xec$R\x1d\
&\xfc\x0f\x17/V\x1d\xc6T\xa9\xcb\x87\xef\x5c\xe4\xe8\
K\x8f\x1e\x96\xe1'0\xc7\xcd\xb6u#c\xce\xa2\xeb\
\x08\xd3\xdeR`C2C\x0b\xcb\x9cH\xa1\x92\x819\
-\xf9\xa25\xb7N\x9d\xfa\xfa\x9b\x7f|\xbd\x17\xa8\x7f\
9z\xeb\xdd\xe8k\x92\xea\x0a\xdb\x01z4\x82\xed \
9\x1e8\x81\xd2\x84\xaaH2s\xb2\xcf\xb0\xaf\x91T\
\xcf-\xef\xac\xad\xd6\x11\x85\x1d\x908\xe0yqg\x9e\
FW\x14\x91\xb8\xc9ka\x94\x11\xd09+\xb0 \xb6\
x#\x96\xea\x05\xf47H\xcd\xcd$:\x16s\xb1\xc6\
m\xa9\x0f\xf2\xc6?\x5c\xd70\x87\xae\xd17?\x89\xb7\
\x16}\x8b\x0d\x94\x1bo\xd9\xbd\x85\x0a4J\xfe\xa3~\
\xb1\x00\xba\x1em5\xeb\xaf\xe8!\x93B\xc4\xdfO\xdd\
\xf4\xcc\x8a\x1c{kR\xd6q0\xfdHEE\x95>\
x\x0e\xcc\xcf\xca\x88l\x8f\x1e=0M\x16\xf7{\xb9\
2\xd2B\xeb\x1f\xeb0\xdc4\xce\xd8X\x08w\x04\xd5\
\x04\xe84\xe4\x94\x06\xaa#\xa0j\x04\x83n\xc6\xa9o\
f}\x0d\xaa\xffc\xaf\xcf\x98\xedw\xdb\x13t\x019\
\xb48\xa8n&r+\x84\xa0\x90\xf3!\x98OI\xf4\
\x13\x8c\xad\x1dj2Hvj\xf5\x9a\x94\x8f\xb4\xbf\xbb\
\xd5\xf3\xcf\x18&\x0eh\xaa\xf2\x08\x8c\xb8\xd4\xb9\x93'\
#\x1b\x06YPD\x5c\xa2-\x97\x12s\xac\xaf\xfa|\
\xf2\xdcT,%\xe6\x0by\x1c\xda\xaa\x85\xa9V\x1f\xde\
O\xba\xe3?\xef\xff\xea\x87\xda=O\xebZ<\xb9U\
\x8e\xb3\x86t\xc2\xbd\xb7\xf4\xc20\x80\xaa\xaf/\xa2p\
\xfa\x88\xb6S\x85k\x83.\xb6\x10s\xac\xc0~?r\
\xea\xe6\x8cI>\xe3\xc6\xdf\xf2Y}\xf3\xc8\x99\x1e\x15\
\xc1\xd3\x86\xe8o\xbc<\xe4\xce6\xf8\xeb\xc8\xb1\xd8\xb1\
C\xe4\xc2Ss\xe8\xf5U_\xf96\xed\x06\x8fP\xa1\
\xb8\x88\x19K\xf6\xb3\x94.P\x9a\xcci\x8as\x04\xe8\
\xcc\x9e\x10\xb0\x1b%\x15\xac\xb9\x15\x0f\xc8\xd1\xf6\x06M\
\xdan&\x94\xba\x1a\xf5\xc5\x8b\xfdB9\x98\xcaAw\
\x0c\xaf)\xfdEy1V\x0d-\xcf\x80\xcf\x86f\x93\
QS]\xf3\xa2\xd6\x95E\xe8\xdd$\xf1\x99\xa6@\xef\
\x06\xc3}Uj\x82i\xd1v3T\xa5U\x83.A\
%\xb0J\x03\xcf\x99;'y\x0e\xc7n.\xb7#\x15\
\xfa\x81\xd3P\xdb\xf4i\xea\x1b\xb5~\xd6\x93X\xfd\x04\
s\xdc\xa0~\x83\x0dZ\x9f\xd7\x7fv\x1a\xa3pb\xf0\
\x1c\x0e\xfa=\x90\xa3>(\x94:7c\x5c\x0d\x83\xa0\
\x9e>\xe3\x22\xc7\xddZ}\xf6\xfa\xc5\x8b!B\x9d_\
\xbap\xf6T\xd0\x96y\xdbN\xfdpdGE^\x0f\
\x0c\xae\xb3`A\x98R`\xf8\x8d\xe1\xbdz'%\x99\
Z\x07bV\x0bB\xb0\x01\x09\x9c\xde\xa0\x96\xce\x02q\
`.\x92'\xa2\xa3\x8b\xee~\xbb\x85\xe2}\xd67\xf1\
_\xdd\x8dn\x8f\x22\xff\xd4\xeb\xed\xe9\xa4\x81\xe9\x81F\
\x22\xcb\x82\xc9\x93h\xe2\xa3\xecA_\x80\xe9\xa6\xf6\x95\
\xc7 \xdf\x01\xbb\x8d\xbds\x8a\xf3{Z\x19\x13\x08\xc8\
\xb9%6\x95,\x85\xfc(D\xe2R\xad\x0aV\xaf\xbe\
\x15\x1d\x17\x07.\x13Me)V\xb1\x10\x06\x1b}x\
4a\xc2I\xcc\xe7\xce\xb5z\xb5\xc3\x03q\xeb\xdfL\
\xa6\xce\x03?\xfc\xa8v~\x82y\x89\x98\x93\x14n\x10\
\xe3\xf8\xf1\xb3\x98y\xae\x1f\x22\xa2pD\xb7\x01\xec\xb0\
\xe1\xf4\xc4\xc8\x0bv \xda~\xea\xe6\xbc\xf8I\x91\xdf\
~{\xeb\xdc\xf5\x1b\x177\xa2\xb7\x5c\xde\x08\x9e\x1f\xf7\
a\xcc\xe6\xd4\x993\x18{\xe1\xd4ux\xeb\xfez\x8e\
0\xe6t\xdbu\xed\x8d\x92Q\xc6\xa6\xd6N(\x1c\xc6\
J\x90\x10\xeer\xea\xb9\xc0M@\xc7\x8cH\x91!E\
\x11\xbf<\x08\xf2}\xef\xde\xf8\xed\x05\x00\x1dXC\xc6\
\xf3\x05mJ{T\x97\xe3\xc0+>)`'\xf48\
\xd9\x9c\xc9+\x12T%Gw\xdb\xd8\xd4\xc0\x96\xb3\xb1\
\x1f\xba\xcby\x8f\x96B\xed\xff\xfc\x80&Ao7\x82\
y\x90\xa9\xa9\xa6\x07\xcf\xed\xbbu\xd2\xd84\x82z[\
\x8d\xbc\x82\xf9\x5c\xf4\x01\xf0\x9c\xef@t\x1c.\x0c\x00\
\xbeI\x8d\xbd_\xb4\xe7Q\x01\xf6k\x9c\x97Is\x9d\
\xc2\xc3\xa7=\xabck\x8b\xeaA\xd3\x8a%\xe6\xe0s\
\xc3\xd6\xfa\xca\x15=\xf4\x02p]\x0c\xba\x1c\xb9\xb9e\
KV\xe4\xad\xe5\xe7.W\xdc\xc8\xdf\xaf\xaf\xbf\xf1\xce\
\x9d\xeb7o\xdd\xf2\xf1\x0c\x8a\xdf2C$\xd19\xfa\
\xe3&\x10\xa0\xba\xc1\x95Q\xc3Pp\xc5:)Ne\
\xaa\xaaI9z\xf4(*\x87-\x96\x16\x986\xd9\x05\
\x82\x14\xd9\xb0\xd2\x16\x81\xeb[}\xc0\xf4x\x9f\xbb\x88\
\xcf(\x98\xf3\xae\x1exL\xc1\xccd!\xd6\x99B9\
y-k\x83'PK\xacX\x88\x89\x10\xaa\x92\xddC\
mh\xc0g8\xa78\xd8\xd8\xbcg\xa1\xb9F\xfda\
\xc7\xb9\x0d\xd0\xa2\xbe\xdc\xa3+\x86\xd6V\x99\x9a:\xad\
\xc6\xa0\xdf\xb9\xed*r\xfds\xc8{\x01\xb1\x02:1\
\xc7\xaaT\xe8`:\xc4\xbc0\xfbV\xac\x8a}\x90B\
\xd7|\xf7onEwX'\x03\x7f\x9d\x95(R\x10\
f9u&L\xb8F\x03,\x0a\xf6L\x9dQS_\
d\xca\xcd\x9b\x17\x9fu\xeezmE\xf5\xa5M:\x12\
\xf3\x19\x91>c\xc6\x8c\xf6\x8c\x8f\x9f\x07?\x0e\x8e[\
q^U\xf5\x89\xe0\x13\x95\x95\xce\xac\x9d\x88\xc8\xb8Y\
\xcf\xa3\xac\xbbvtW\xcfh\x11\x98\xa1x\x17\x02\x9e\
\x18\x8a\xdcgJxD[\x8c\xa2\x93\x8c\x8b\x0e\xf8\xc4\
\xef\x8d?YP\xb4(T\xdc\xc3\xa5=T;\xc8\xde\
\x1e\xa0'1\xa1\x8a\x80k\xcc\x01\x0c\xba$$,L\
\x88C\xf5m\x97\x14\xe7\x0c\x8c\xba\xd4\x1d=ZSR\
RX\xaf\xd5\xbb\xc1\x8e3y\xbe\xf1\xe5\xc7LE\x00\
:w\x95i\xc1\xea\x03\xc6\xaa\xb8\x82[\x07UV\xc0\
\x1b[4xk\xaf(<W\xf62.c\xd1\xf8\x8c\
\xff\x1d\xef\xe1\xa9\xf9O\xd5\xf77\xb7s\xbcb\xce)\
\xa9\xe2\xd1\x90\xe6\xf2\x9d\x829\xc5;,\xb9y3f\
\x9c\xbb~\xfdL\xf5\xe1M:\x1b7\x0e\xb9\xbc\xed\xd4\
\xf1.>\xe3\xc7\x8f\x1d;)+H\x0e\xc0\xc5l\xae\
\xce\xab>QU^]\xd3\xbbw\xb4Yh\xe0\x94\x9e\
\xa09\xaa\xedU\xeeN\xb17N@L\x05\xf5\xc2\x84\
`\xae_`\x1e\x13\x06\xce\xa21\xf0fm\xad\xb2\xbe\
{k\xc6x\x8e\xb5!\xc4\x1e*\x10\x07\xfa\xc0\x1dE\
\xd6\x85%' \x07\xf4\xe8-\xb4\xe4\xe1\xc0\x19G@\
\x7f\x98\xda;\xd3\x88CM?\x9b\x92\x12\x9bz\xad\xde\
\x87\xa0\xf7i\x0c\x09\x15\xfa\xe7sWYY\x9f\xdbn\
\x8c2\xceq\xe4:\xe7:\x90\xd6Z\x8d\xb3\x99\xa0\xe5\
\xd1=(\xdc\xc5>\x06`\xadb[4\xef\xb9\xf1\x97\
\xfe\x16\xde\xeb\xf6\xcd\xc3\xc8\xf9\xb4p\x03\xbd\xb2p\xd6\
\x98PBq\xf7\xe0.\xb4<\xf6\x8a\x81\xb6S7\x8f\
o\xbb~\xbd\xe2\xc4\xfe\xfd\x97`\xb6_>Cs~\
\xec\xb8q\xe3\xc6\x8fE\xccf\xcbqD\xea\x98\x0b_\
U]\xe5`3\xc8\xd4\x8c\xd5\x810A5e\xd7n\
\xb4]f*Jw\xf5<U\x11~\x07r\xa4\xfb\xda\
\x04\xa3\x223\xeb\xb6\xdem\xd3J\x5c\xd2Tw\xb7n\
\x8f\xc6H\x1b\x10'\xd8\x5cB\xbc\xe3L\x00\x9d\xd3\xdc\
h\xf7\xf1c\x00\xdc(!=\x02\x90\xa3H\xbc*-\
\x0d\xb75\xd8]y\xd49\xc3\x06\xadD\xad\xd5\xdb<\
?\xc0$\xd9\xb0[#\xef\x0a\x0a\x1d\xb6\xd9\xaaT\xeb\
\x93\xb5I\xe9\x0b1=1\xd5\xec\xc6\x01U\x1c|7\
-\xc45\xabj\xcc\x81>\xb6\xcd]\x111\xe8\xbfQ\
\xa1+]\xaec_\x84\xe0\xfd\x0d\x90Hc\x19Rv\
\x1f\xf1\xde\xa0\x0b\x80\xe9g\xcel\xbb~\x06\x91W\xfd\
\xfd\x1b/\xe7^ \xe63\xb2\xc6\x8f\x1b\xf7\xd58\xb0\
}\xd2\x8c\xe3\x08\xca\xef\xd8\xa1\xd7\xa3Gqu\x0d\xca\
!s\x00\x1c\x16\x18Q?z\xb4g\x110\x17\xc1S\
\xc0\xae]\x88\x80\xa8G\x17\xb9\x14\xaeck[\x824\
x\xb3\xd0h\xd6\x98\x91\xad=\xf9.\x94:\x92e\xe0\
\xac\x11tAsHv\xd1\x80\xb9\xa9\xb5*\xad\xc6\xa1\
\xb2\xf2h]\x86\x0d\xc6\xda\xd0\xd4Z\xbd\x1d\xed8\xdf\
F\xa6\xb42k\xcd\xca\xf4\xe0\xea\x22\xd6\x98\x80*\xb7\
r\xb9Qk\x0c\x09\xdf\x04\xec\x90\xfa\xe0\xb9\xe2\xab\x11\
\xf3\x07{k\xbf\x05>?\xe87p\xb6\x13\x5c7D\
\xd0\x0c\x88:\x8d\xb5\xa6\x9az3\xb3\x9e\x11m\xaf\xb8\
8\x84&\xdc\xe5!\x17n\x1eG\x8a\xac\xcf\x98\xb1_\
\xb1\x91\xec\x88\xcfr\xac\xbd2o\xf3PkS\x96\x87\
\x83\x90&\xd7{.\xf0\x8bJ\x12\xe5\xe20%\xbd^\
\xac+d\x07\x90\xd1\xd6\xc4\xdc\xd7\xd5u\xdd:k\x95\
*\x1a\xf5\x07\x00:\x959\x99\xae\x90}1\x12'h\
\x0c\xc8\xa0=!Ogm\xd1$c\x15\xd4B\xe6\xc1\
\xa3\xbbw\xd5\xd9\x14\xda\x00\xf4\x0c\x9b\x12\x9b~]%\
\xb9\xbb!\x08\xeb\xd18\x08K\x0f\x1d\xde\x9ai\xe6\xea\
\xbb\xc6\xe9\x94\xdf\x9f\xaf\xb2\xf2.\xa8\xadM\xb2\xa2b\
g\xc3&M[5w\xfe\x174\xf0\xe4\x1ex\xe8\xaf\
\xb6k$8\x1et\x8d\x7f{\xfb:\xbf\xc4\xe9)\xe1\
(\xfe\x18\x1e\x1c\xa6\xc6\xb6\x09\xdc[3<\xc3\xbc\x89\
#\x8c\xb63\x0a\x172\xe4\xd2\xe5s\xb7\xb2\xb6\xcc\xdb\
\xe29f\xfc\xb8\xaf\xb6\x12\xf6\xf1c=\xb3\xe2\x05\xea\
ey5*LM@J\x13\x07Iq\xa3\x86$\x14\
\xf7E\x93\xc2]\xc0^\x8f=\xe0\x8b\xb6\x06\xe2\xbe\xbe\
\xeb|\xbb\x97\xfa\x16Z\x9b\xf2\xfe\xaaHz$\xde\xea\
\x06K\x8e%\x22\xb1\x19Dg\xd6\x0cO\x87f\x0c\xc8\
\xad\x8b\x9c\x0e\xa6\xec\xaa\xad\xcb\xb4\x17$\xb7q\x01\xe8\
%\xef\xc9!\xb0>\xcf\xf8&&>o\xd1\xe0\xd2\xf7\
\x97\x98[\x15\xdcZc\x9dNx\xe7~\x9e\x9a\x9aj\
\x95T[[\xe4\x8d\xaa\x04\x1a\xb4\xb9B\x0f\x1d\x95\xe7\
1\x9a:W\xe8\xfb\xb9\x93\xa1\xd0\x1b\x9c\xed>o:\
6\xfc\xce\xfb\x1c\xf5D6\xbf\xf0>\xa7\x9d\xf2\x8e\xc9\
\xe1\xc1\x0f\x00\xfdJ\x98\x0c\xbe\xef\xa8\xb8\xb8\xb9j\xff\
\xb4\xc3\x88\xbc\x0e\xb9|\xee\xe4\xb7\xe3<\xb7\xc4\xc7O\
\x22\xe8\x02\xf5qP\xec[\x80\xfa\x92%\x9bm\x8cQ\
\xeaQ6\xdcF\x88\xde\xf9d\x84e\x16\xaa\xed8)\
\xde\x85A\x17\x90`\x14m\xbds\x9d\x97\x97\xa1+p\
O\xdc\xb3\xce\xc5\x05\xc5\xf3\xa3\xcdp\xb7\xc5\xc0PX\
\x05\x8a\x90\x0f4\x9b2e=\xfd\xf5\xc5H\x8b\x03\xe5\
\xf1\x07\x9a\x83\xe8\x05\x99\x07Qw\xf2\xa0S\xa6}f\
\x0dG\xd4]2\x5c2Jll\xa4\x01\xcfx\x5cr\
#;Nz\xe84\xe2j\xad\x8d\xe3\xa4\xf5\xb6\x0az\
\xddTu\xf0\xdc\x06o\xabU\x98\x9a\x0c\x80\xd9(\xed\
W\xadZ\xc8B\xa5,K\x00\xba#\xfc:\xa8\xb1\x81\
\xd0$p\x1d_y\x98R\x00M\x9e\xe2Qm\xc4-\
\x1e\x0cx3\x9ep\xc4ca\xcc\xddO\xbe\xe3VM\
\x18e\xc7\xc4\x94\x8a\x8b\x15\xe1vC\xf4\xf3/_Z\
v\xb9\xf6\xe4\xc9o\xbf\x1a\x1b?/~4@\x07\xea\
\xc4}\xdc\x18\xe8u\xfam\x95\x19I\xa8\x13#\x86@\
\xe5\xf8\x88R\xf1\x95/\x02jv\x02!\xddi\x83\x17\
\xa5\xads5\xf4r5\xf45\xf4\xf5\xca\xd9c\xe3\x84\
J\x92\x0b\x0eB#D\xad\xc7=R\x027\x98m\xc0\
=\x14\xcc\x0a68\xc9\x1a\x14fI\x80:\x89\x8b\xa2\
\xa2@Lt\xdb\x95R{\x90\xf7\xea\x5c\x9f\x19\x888\
\xac\xb5\x8d\x0b\xa1\xb7)\xa1'\xdd\x06*\xdd=\xf9\xf9\
\x06v\x97\xc5`#\xc4\x5cW\xa5\x9a\xd6\xde\xbakd\
\x14\x01\xd0\x19\x8dE\xa5\xc08\xd34\xa7]N*\x04\
\xe4!\xcb\xe7\x92\xd7\xab\x16\xae@\xf5@\x94HA\x05\
\x0a\x1c\x03\xcc\x17%X\xdd33\xbd)p,^\xe9\
\xe9\xd4\xfc|\x9f\xa6>\xf98\xb6\xa1\xe6\x18n\xad\x18\
\xeeo\x10S\x06\xd5\xde8\xf2\xae\x96\xf4\xad\xc3\xc28\
g\xd1\x11\xd1vs\xf3\x13U\x97\x0f/\xab=w\xf2\
\xe4\xc9\xad_\x8d\x07\xd5G\x8f\x1f\x0f\xcc\xbf\x95\xa8\x8f\
\x1d\x9dE\x01\xbf\xc3Ye\x14\xb7J\xb8g\xa4\xfbB\
\xb2\x9c\x83\xd1\xb0\xe0\xc4\xba\xd0\xeb\x12}&\xbe\x14\xba\
\x02tC_P}@rNI\xcd\xc1\x9e\x0e\xb5\x0e\
\xb5)x v\xbb\xe0\xa0\x1f&,\xa2\x03\xacw:\
x\xd0\x09\xf5\x85\xa2\xcc\x0a\x0a\xcc\xcc2\xf1\x16\xe5\x07\
\x1d\x88x\xe6\x86\xf5\x0b0\x93\xd5\xac&\xd0\xbe\xc8\x05\
\xa8S\xa9K\xaaw{\xc6\xd7#\xb1\x81J\xb7\x18l\
\x1d=\x19aT\xd3\x037\x0e\x98!\xf7\x06\xb5E\xe6\
N\x9e<\x17\x91\xbe\xf9\xd1\xde\xdeN\xbb\xfc\xacM\x91\
\xe3\xbc\x10\x02}.\x02FH\xcb\xe5lY\xbc\xac]\
\x81\x03CC\x93\xee3\xb5\xa5\x01V\x16]{\x99M\
\x89rif\x16F\x83\x8f<\xde7\x9f\x8c\xc2\xed\xd6\
\x90Ae\x10f`gp\x855\xc3\x9ah\xad\xf5\xca\
\xd0zT\xf4\x08\xce\xa7\x09w\xb9\xf6\x1c1?\x09r\
\x8f\xcd\x8a\x1f=Va:`\x8757\xf6\xf8j\x80\
^\x95\x96\x14\xb0\x10\xd7\x0d\xb8\x03\xf4\x08\x82N\xa0\xd5\
%\x9eEw\x90\x9c\x07\xe8\xd6\xeb|ML\x0c}}\
M\x06\x18\x0eH\xbe}\xc8&#33*\xea`\xed\
\x82Z\x074@_\x8b.\xc0\x17v\x03>\x006[\
m\xedA\xa7\xa8\x0d\x99\x99\x99\x1b\x02\xd7\xb3\x8a\x0d\xee\
\xf5\xc4\xd1Ukk\xea\xf6\x8c\x92\xf7,\xda\xb4\xe9\x03\
\x87\xcd]\xdbK\xd7\xed\xda\xbb(4`\x95\x95U\xc1\
\x8d\x93EF\xe9+\x80\xa9\x15\x10\x07\xec\x0b\xa3C\xa3\
\xbdU\x1bR\xce\x15\x99Z\xa5\x06\xac]\x95\x0a\xa1\x8e\
\x04\x1d\xcc\xb0@\xb9\x1b\xfc\xf4U\xa9\x11\x8b\xcc\x8c_\
m^\xa1\x03\xf2\xde\xbdM\x8d\x16\x9b\xdds\x07\x80\xc7\
\x8b\xec\x83\xbe\x0dS\xd7\xc1\xf4\xf0\x90\xbc+\xfe\xe6\xf7\
\x95\xf0P\xeae\xfe=,C\xf4\xa7\xed?<$\xf7\
\xf2j\xc1s\x8a\xf4\xf1\x93\xb2(\xde\xb7n=\xb9\x9d\
o\xbf\x1a7nlV\xd6\x19R=-\x1a\x1cY\x88\
(\xe9\xc2\x85\xc0\x1c\xce\x1a\xc4$1'\xd3\xc9x\x1a\
\xe2\x1c`\x85\x8b\xaeZ\xe7\xe6j\xe8\xeea\xe2\xebk\
8\xc0\xfd\xd8\xa1\x8cL\xe7\xf5\x99\x10\xe6\x98\x18\xe1w\
\x10%'D#\xf7\xd5\x8f\x83hNQD\x1b\x8f\xf5\
\xeb\xd7G\x05\x06\x02\xf3\x05\x81\x99\x81f\x05\x18s!\
\xd5mlr\xde{\xb1\x15\x89\x9e\xdd\xc0K\xef\xda\xdb\
\x057g6\xb5r\x81BG\xf5\xcf\xd4\x88h\xa3\xd4\
U\x00=\xd5*6\xfaZt\x9cU\x92Y\xed\xb9\xf5\
*\xd3\x80\x00\x8e\xb8\xa6Z\xa5\xa6\x06@\x9f'DG\
`-uQ\xa8\xf5\xcen\xcd\x8d\x98Z|\xda\xab\xb7\
\xb5*\xdd8=\xb4}Q3so\x1e\x84\xca\xa3\xde\
\xf7\xc2\xfb\x06\x9c\xcejn\x0bw\xfd\xbc&\xe6\xda\x80\
\xef\xad\xf5\xc2\xc2\x1c\x1d-7\xeao\xdc\x8f\xc1\xf3\xeb\
g\xcf\x9d\xfb\xf6\xe4\xd6\x93[\xb7S\xc036#T\
\xfav\x01\xfb\xb8qc\xb2f \xa9\xa6\xb2&-)\
:\x01\xf55\x812\xd9\x8e'\xe9-\x18O\xd4\xa9\xcb\
\x13\x12\xf0\x0a\xe9N\x95n8\xdd\xee4\x0c\xb9\xd9\x86\
+\x0f\xd9d\xae\x874\x07\x8cl\x10\xee\xc0\x13\x0f\xa2\
\x8f~\x80g\xd4\x86\x0d\x05f\x1b@o4.\x027\
\x04n\xc0\x9c\x97\x05\x10\xf3\x81fEL\x94\x13^[\
\xce\xdf\xfe\xdc\xe7\x19\xf7\xc4\xe4\x01Z\xe4\xfc\xb4W\x12\
072U\xd5\xae.P\x01\xf3T+\x00\xbaj\xf2\
Z\xac\x98\xae\xf7K\x8aKM\x8f\xb6\x8e:w03\
\xc9\x18[\xb0\x1b\x16\xe8\x22DyQ\xf1\x06\x15\x09B\
\xa3w>p<\x95@\xbd1\x5ce\x9c>?\x22\xdd\
(\xc2\xa8}\xa8\xcbo,)V\xab'!\x11\x16\xe2\
\x1d\x93\x98\xc3\xf4\xfc\xfd\xf5\x9a6\xe6\xc2l\x1dmC\
\xec6\x02\xf5!\x17\xae\xaf^-@\xdf\xba\x1d\x8f\xad\
\xdfB\xa3\x13\xf3\xed\xc0\x1c\x9d\x00\xd6\xdc\xd8I\xc7o\
\xd2\x96s.\xb1.JBn\x93\xa8\x15G\xd8\x81\xb8\
Z\xa5cM\x89\xbf\x03\xf4\xa44W\xb4\xd3!3\x01\
\xfa\x00\xdf\x8c\x1c\x1b{ \x89r\x13l\xdb\x89\xb8\xd2\
\x0e\x02W\x14$@\x01\x22\xde\xb3\x0f`k\x1a\xb0_\
\xb0\xa0\xd6\x8f\xcc\xe7\xa0\xba\xf3\xb1c\xf9\xc7\x8e\x1d[\
\xf9\x87\xe7}\xfby\x18je\xcd|\xf2\xba\x0b\xb2\xea\
\x8d\x92\xd2\xa0\xd0\x8b\x16!\xd8\x13\x80A\x1c\xe4\xb0\x83\
\xe8\xa6\x05)\x1b\x8a\xe2\xac\x16\x86&\xa5\x15\xd4\xee\xba\
\x9bfe\x1a\xc1\xdb\x07A\x9bS\xa7'`*\xd3\xa2\
E\xa6\xaf\xde3p\xa3u\x1d\xb1\x8aD\xc04\xe3\xf4\
\x85\x0b\xe7\xcfGI\xd9E\xed\xa3]\xee\xc9\xcdmx\
\xfc\x13|\xc7\x5cxV\xf7\x0d.+\x0b)n2\x18\
\xdb\xda\xd1\xa0\x07r^\xedB\x809 \xbf\x0e\xa2S\
\xa3\x13\xf6\xaf\xbe\x1d\xff\xd58Jv\x81;z\xc1W\
\xe3\xc6\xfa\xcc`\x88\xa6,%#\xad(\x1aYm\xab\
D\x16#\x08\x0f\xaaK\xe2\x93\xe9\xd4\xf1\x92\xf0`\xba\
\xaf\xa1I\xe2\xc4lX\xef\xb3]sr2\x02\x81\xaa\
\xc4\x5c\x0br\xc1u\x14$@\xf5\xa1)\xc0\x1b\xf7\xc1\
c\x03\xc9\x05\xf8f~\xb8%b\x14\xcc\xfc@\xb3\x0c\
{\xe7\xba\xfcr\xa0~\xe9Y_\xdf~\xc9\x03\xea\x07\
\xc4\xda\x0c\xee]\x84\xd9rE\xd6w\xb7\x1d\x00\xe1\x99\
\x8b\x81\xc0nj\x04\xa6\xabX\xa5\xd5\xae\xceLB\x1c\
6 Z\xe5\xed\xb2}\xd7\xc1\x22S#\xdc\xfc\x0d=\
\x93u\xad\xa0\xa8\xac\x12\x16\x15\x0d\xd2\x92\x19M\xe1\x85\
\x9b\x87Z\x83\xe7+\x16\xceY\x98>?=}\xd1b\
\x97\xdfT\x0d\x9a\x86?\xd9\xe2\x15\x16\x90\x0d\x0e\xb1<\
\xefhn\xd9Z\xaf\x81d\xe7\x9b\xd6\xe7\x0d\x8aC\xa6\
\xed\xb7\x0b\xbe\x8c\x81\xd4\x9bY\xcb\x85\x19G\x90Iu\
8j\x0a\xd3Av\x8axDi\xb2n\xfe\x00\x0fO\
os]\x895d<`\xa7\xdf\x06\xf3]\x8awh\
yQ\xcf]\xc2N\xa6\xaf\x83\xf5\xee\xee\x06S\xce\xd7\
\xd7\xb50\xc7>3*0\x0a7\xe5\xf2\xbb\xa6\xe68\
_)\xe2\x0f\xb2\xb4\x1cp_\xbfAB\x1e\xb8^B\
\x8e\x1e\xb0~\x81C\xad\x13 \xcf4\xb3/\xc8\xad;\
\x9c\x9f\xafs\xec\x8f\x97r\x0cML\xb4l\xf7O\x81\
\xb9YQQR\xe6\xad\x93\xd6\xd1\x8bp\xb7L\x08\xf0\
T\xb8b\x01\x01V\xb1w\x8f\xaf\xbe\x9b\x14\xf1\xf9\xe7\
\x11\xd1\xc6V\xc6Ewk\xcf\x1d(\xc2\xa8\xb0\x15\xac\
7\x163\x83x\x9f\x9c\xd0[\x89\xf25\xbcxZ\xef\
:\x0c\xeam\x94\x0e\xa2\x03\xf2\x85\xe9\xe9\x10\xf0\xd1E\
\xf7\x99\x10\xa1\xf5\xa1'\xb5\xaa\xdb\xf1\xaf\x98a\x8eL\
\x1a\x14,\xb0\xb3\xbd\x82\xe8[\x83\x16Sf[l\x0e\
\x9eo\xdcx\xf9\xfa\x99-Y\xb7n\xdd\x22\xd3\x098\
P\xdf\x0e\x90\xa5J\xa7\x84\x17\xa8oEb\x0d\xcb\x09\
-i\xbdyh\x0dj\xbbFG\x1b\xc7\xe1\xc6K\x8c\
\xc0\xc2K\x17\xca\x9dr\x1e\x86\x9cdz\x92u[\x80\
\x8e\x06\xa6\xfb\xae+\xcd\x80t'\xd1\xd5\x5cW#O\
\xd4\x17\xf8Mq\xba\x06\x97\x5c\x12\xbc=i\x8eU@\
\x1e\xb8\xc1\xcf\xc1\xe1\xe0z{\xa0^P\x90Qw\xb8\
\x8e\xa8o\xfa\xd8p\xc0\x80z\xdb\xfd\x8d^\xc0\x1cQ\
~\x04\x5c\xadU\xa1\x8b\xa8\xb5y\xdb\x0e\x1as\xa6\xaa\
oov\xb9\x9b\x94\x0e\x17=\xc0(b\x112}\x9c\
n\xd4\x16\xa4\x99Z\xc1\xa4\xc3M\x85h\xc1\x9b\x9a6\
\xeb\xa1\xb7\xc3\x9d\xa1\xd3\x17\xae\x98O\x9a\xe3i\xb4\xa8\
\xbd\xd9oX\xc0#\xa5\xc2\xa0\x13\x05\xbc\xa5\x9e\xa3\xb9\
-c\xael\x8a\xf7\x16\x83|\xf6\x8d\xe6v\x1b\x83\x0f\
\x0f\xb9\x8e\xca\x04>c\xb2n\x11s\x898\x90\xdf\xda\
\x80\xe8\x84\xfd\xabq\xab\xb7\xc1\x80_R\x99\xff\xc7\xa3\
\xbb\x08;\xa4\xbc1\x8a\xe5S\xbc\x0b\x0d/L:(\
y\x0ax\xb8lImIu\xa2\xee\xbbn]a\x8d\
3@\x8f\x02\xbc~S\x04\xd5\xa9\xd3\x85%'^H\
t\xbf(Xq\x80z\xc3\xfa\x0ddz{*x\xb3\
\xf5\xb8#L\x14\xec\xf7\xc0L{\x9b\xdc\xbaK\x00}\
\xd3~\x1d\xed\xe4g\x8b\xc1P\xe8\xd1F\xc0\xfc\x5c\xb4\
\xb1q\xfa\xda\x80\x85q\x9cs\x0c_\x0c\x83\xba\x07V\
\xcf\xf8\x16\xa5o\xc0\xfb\x84h\x84lR\xadT\x1bj\
w\xadA\xc9y\xa3\xe8\x04LGG\xc0?\xf6\xd5&\
&\xca5\xa4\xa9\xc5\xf0\xa4\xf4\x889T\xe8\xf8\x9b\x0f\
\xd8\xaf\x99\xc1\x82ox\xcco\xe9\xdd\x0b/\xd9b\xc4\
\x8dQxKs\xc7+z\x0c\xc4\xb7>\xcfb\xdfK\
\xc2z8\x86c\xec<8\xf8\xf2\xe5\x8b\xdb\xbal\xc1\
|\xb6\xac[\xcb\xbf\xfd\x96\x98KEN\xd0\xf9F<\
$\xd9\xbf=G_}\xc7\xe6\xfc\xd3\xc7\xaaw\xa78\
\xdb\xa8$\xdd\x81;\x80\x86\x0b\xc7%\x8dw\xa1\xd8\x81\
zZ\xdbu4\xe0\xa1\xd2\xd7\x15\xda\xd7\x90\xb7j\xe3\
]Ms\x01\xbcD\x1dL\x8f\x02\xe4R\xb2+K\xbc\
\xdb\xe0T\x9br\x10LG\xec\xae \xa3\xa6<\xbf\x5c\
\x07\xb7\xa5Z9\xa0>h:\xbcw\x12*\x82\x15Y\
o\xbfq7naD\xea\x0a\x94?\x80?\x86\x5c\xd7\
\xd4E\xaa\x82\xda5Y\xcb\x0b\x0a\xa29\xf9\x1c\x1d\x03\
\xd5\xfdS\xe3\xa2kw\xdd8Y`\x0d\x17d\x15n\
\xe5\x12\xdd\x9cB'\x9aH\x0e\x83J'\xd3\xb1\x04\xe8\
\xd1S\xcc~S\xe5\xa6\x1a\xf7\xb8a\x9d\x10\x85G\xc3\
M\xc7\xecl\xc3Xm\xa6u\x98#\xeaB\x96]\xf4\
g\x15\xc1\xfc\x8d\x87/\x9f9r|\xb9O\xe4\xf8\xf1\
\xcb\x97\x9e\xbcE=\xbe\x1d^\x1b\xed7\xfe5l[\
\xbf]}\xe6\x87#\x9b{\x9c\x98yZ\xa7\xaa\xf2\xe8\
\xd0\x1a\x1bk\xeb\xa2\x22\xdcUS\x91\xf2\xc2\x88\xa7\x1b\
'P\x87\x01\xef\xbdS\x8e\xb8\xac+\xb4\xb1\x87\xba&\
\xea\x0d\xa5\xbb0\xe1\xc1w\xbam\xb0\xe0!\x0b\xd6\x83\
\xe1\x80\x1a\xc2\xbd=\xad:\x04a{\xee\xaa%\xd53\
\xcd2m2 \xdeI\xf5\x8f\xfbh\xecm\x14\x07\x8c\
\x080JR\xdd=\xb7\x1e\x066\xd0]59:)\
\xc2\x08\x12\xde\xd4\xd8\xfa\xe4I\x1b\x9fs\x85w\x0f\x80\
\xea\xb8[\xcfBD`W\xc5!\xac\xefT\xfb\xed\x81\
h\xe8\xfd\x84EI\xbd\x9b\xf5\xd0yE\x87\x1b\xcf\x17\
pcv\xe6\x9c9+\xe6G\x98]+\xb0\xf9\xedZ\
\xf0\xadZ\xbd\xc5\x9ac\x98n\x8cD\x1as`\x8ez\
\xcf\x0c\xbcZZ^\xdc\xf8\xf1&\xbb\xdf\xeb\x0f\xb9\xcc\
\xe9\xe8Y\x91\xcb\x01\xf9\xd2\xaf0\x84.\xa0f\xf4U\
\xc3\xf0z\xe8O\x9e;w\xb6\xa2\xc2___\x7f\xd3\
\xcc!U\xbbw\x97U\x96\xdb\x97X[\xbb \x1d\x0a\
\xf7\xc0\xa1\xc3\xbe\x821\x1a\xe1\xc5\x09\x8f\xdd\x9a\xa8c\
4\xbd\xb0\xc4\xda\x856\x1a\x08\xbc\xbe\x81\x19\xa7a<\
P\x9f\x02\xaaS\xb4\xe3O\xf2]:o\xeb\x9dR\x14\
\xaag\x16d8\xd7\x95o\xd4\xff\xf8\xe3\x8f5yS\
\x98\x92L\xfdmj}\xee$0\x87\x99\x8e\xd0\x0b\xfc\
4\xc4i\xac\xac\xd2\xb6\x1f/(\xb9\xb9\xb4d_-\
\x04>\x01\xff|\xee\xaa\xb9\xe9p\xe3L\xadkW\x17\
\xc1\xd6\x8b\x88\x8bm\xd6C\x17,\xea\xafJ \xe8\x10\
\xee+\x80\xf9\xfc\xf9\x11\xd7\xd6[\xdfg\x1e{c\xd6\
=\x91\xf7\xba}\x8bq\xaf\x06\x18sp\xdcl\xe5D\
\xa6%z=l{\xd8q U\x7fH\x15&7\xdc\
\x9c\x11?i\xd2\xf8\xaf\x96#\xeev\x0ba8\xa0\xfd\
-\xe4<Qo\xdcN^\xae:\x83\xb9\xac\x1f\x9b\xeb\
\xe7\xe6\x9e\xb8X\xd9ZO\xafrw]\x06\xe8.a\
\xa7b\x87U'\x97\x12u\x95w\xdb\xb6m\xd11\xa0\
\x08\x08:\xb5\xf55I\xf6z\xca\x93\xe9P\xef\xd4\xf6\
\xe8\x14\xe0:\xa5<\xed8\xfc\xc1\xb5\xcfL\xd9\xe5\x80\
H,g\xba\xd8g\x1c\xce\xdf\x98\xaf\x7fl\xd3+\xca\
\xd07\xa7$c\xba\xa9\x95\xeadmQ\x5c\xfa\xc28\
\x0c\xa6YY%m?w\xd7\xd44V\x95\xb9\xfa\x5c\
\xe1\xed-\x17\x96\x1d?)FV9\xdc\x82\xbc\x09\x14\
z\x8f\xb5\xfe\xb6\x16\xc1\xf9\x15\x09\x18Co\x11(m\
Hu\xb4t`\xbeb\xce\xfc\x80\xf4h\xbf\xcc\xcc\xdf\
\xecx\x1bo\x02>\x92\x05di\xcc\x9dGt\x8e\xb7\
\xee\x08;\x7f\xde\xdf\x0e\xf7\xec\xd9\xa8\x7f\xb8\x82\xf9q\
[fxN\x1a\x1fIc}\xdc\xa4\xb1\xb7\xc0\xf5\xed\
0\xd4\xc7\xd5C\xce\xb5\x03\xc4\x7f\xdf\xe1\xb3\x15\xf0\xeb\
1\xafq\xc8\xa5\xb3\xd7\xab*)4\xf4bvW\xd7\
\xc0\x85\x83Q\x07!O\xbb]\x1d\xa9\x11\xc19ck\
ck\x0c\x9d\xa1Zl\x91\x19\x00\x04\xa8\xc0\xf4\x9a\x12\
\xa2\xa9\xe7\xb9b\xc1\xc3~W3]\xc8yJ\x87\xc0\
\x0d\x18cu\xca\xe4\x88\x9c\x99}F]\xddF\xfd\xfc\
M\xc7\xfe\xf6g\x01\x16g\xb3p*R\x9c\xd3\xad\x82\
\xb8\xf9\xc0\xdc\xca\xd4\xcaz\xfb\xad3\xb7l\xbcQ\x0f\
c\xf5\xb9\x12\xef5\xf1K#O-%\xe8\x18`\xc3\
 :\x86\xd1SSU\x07\xbfM\xb2Z5\xb9\xa5c\
\xe8\xf8\xaa\x0e#\x12\xd2a\xbaC\xb8\xc3\xa0\x03\xf8F\
\xa1\xb5\x07k\x95)\x00-\xea6\x8f\xfb\xa0\x8e#\x99\
\xbc\x1c\x1e\x8e\xbb\xae\xb3T$\xee\xcec`I\xe4.\
\x0f9|\x06%\x09\x90\xf4\x1e\x0f\xd0\x85\x83\x86\xe8+\
\xd6\x80\xfa\xf8[xi\xcc\xf35\x97\xafW\x04#\xbd\
\xc6\x8e\x99\x93g\xae\xdf\xc0]!\xf4PZ\xb4\xb5\x1e\
R\xd8l\xa0\xdc\xe1\xbac\xd4\x12<'\xf4\xe4<l\
\xba$1Hn\x8c\xe9OIf\xc0\x91\x5c_\xbf~\
\xb1:0'Q\x97\x8a]P\x1d\xa3\xae<\x82l\xc7\
\xb1\xe2\x89E\xed.\x07ht\xb3\x02\x80\xee|\xf8R\
\xfe\xc6c\xc76\xc9\x01N\xdc\xb2\x010\xae\xb2\xca\xbc\
uM\x151?\xc2\xca\xf4\xee\xdd\x82o\x8fw9\xb5\
\xf4\xf6\x9aoo\x9e:W\xd0\xd6\xfa\xdb\xacy_\x9f\
\xdan*\x06\xd3E}\x82\xcfW\xc5\x99\xde=\x17\x0d\
O\xbd\xa5c\xe8\x02\xaf\xae,mM\xd0\xe7\x03\xf5\x00\
\xa0~\xed\xe0\xe5\xa1\xf7\x99\xc8\xfe\xb8\x01n\xf2\xfbX\
s,\x04d\xcf\x03\xeaaK\xc0\xf3\x10Lg`^\
\x14\x8bH\xfdp\x0a\x99\xb0\x93\xc6\x0a\xa2c\xa0%k\
\x12r\xe3\xb6\xeeC\xba\x0c\xc1o\x80\xfb\x9a57*\
6nBo\xc9\x87!pf\xf5\xf5\xb3\xa8K\x04\xe7\
?F\xaf\xac\xb2\xac\x12\xf9\xe9*\xe8v\xc45\x05\xd5\
\xa9\xda\xa5%Oc\x1e\x85\xe2\x8c\x8d\xad\x8b\x84a\x06\
\xaa\xb3Ei\xd8N\xc8)\xddi\xcb\xd1~\xc7N:\
l\x84\x9c^\x1b^3\x0f\xeeJ\x09\x14\x06\xbc\xbd\xcb\
\xb1\xba!\xf9\x1b\xe1\xaa\xff\x8d\x194\xfd\x11\x86\xa1p\
G\xd2+\x9c\xb5\x08S\xe3k\xb7\xbe]\xbd\xbc`\xdf\
\xa9Y\x91\xa7\xbe?~\xb2\xc0\xd4\xdb\xe5\xdc\xf2\x19\xdf\
\x7fs\x809\x15s\xf9\xc4\x225\xb5`\xd7\x06\x98\xf1\
\x01\x98\xb6f\xd1\xe4\xf5jjc\xbb\xe1(y\x0a\xa5\
\xbe\x82\xb0\xcf\x81\x05\x1f\xeaw\xf7`\xdf\xe6\x86i\x9a\
:\xd3\xe3\xda\xd6yT\xb1?\xca\xc2c\xde\x8b\x7fH\
\xb1yx\xf04}\xfd\xc3\x97\xef\x5c\xd8\xf6\xc3\x19\x18\
\xe3 z\xbcH\x8d\x12b}l\xd6h\xa0\xbet\xe9\
x\x8e\xb2\xd5c~`\xfb\xc1e\x07oT\xe4o\xc2\
$7\xfd!\x17w\x9c\xb9\xb9\xfc\xfa\x99\x1d;\xca\xc2\
\xc2l\xc3O\x94m\x9e\x9es\xa2r7\xd8\x9eD\xd8\
\x99%\x09\x0b\x1e\xa8s\x90U\x8c\xc2D\x88\xd4\xd6\x02\
\x8av\x81\xea\xe2\xf5\x8b\xa34t\x97\x88\x03sh\xf5\
kT\xe7\xd4\xe7\x82\xe5\x92\xf1\xeb33S\x8e:e\
\x22&\x07\xa6\xd7\x1c\xce?\x9c\xaf\x93\xbfi%*\xc3\
t\x18\x01\xbb\x0d\xd3YT\xe7j]\xe2\xd2#\xac\xa2\
O\x9e[\xfd\xed\xdd\x92\xc2}[N\xdd\xbcu\xf2\xae\
\xb5\xb7\xa9\xe9\xfa\xdae\x91\xdfo\xb9\x8b\x1c9Jw\
1i=\xce\xb8\xb6\x16\xcc\x87B\x1f\xd12\x85.Q\
\xea?\x22:=\xfd\x0b\xd0\x9c\xf2\x1d\x7f\xe9f\xdb\x97\
\x0d}|w\xd3\xfe7\xba\x0a\xa6\xae\x83\xeb\xc1\xe1\x8e\
W\xfc\xa7\xce\x9c\xa9\xa3\x7f\x98y\xce\xdbf\xcdB\x11\
)\x10}\x8b\xa7\x1cQ\x838G\xceL\x96'F\xd2\
\x97\x8e\x1b=z\xcc\x98\xaf\x96*\x12\x1e\x98\x1f(\xaf\
\xa8\x1a\xb2I??\xff0\x0c\x81#7\x8fwY\xbe\
\xedl\xd5\xc5`\xbb\xa9\xd3l\xc3&\x22QB\xa7L\
\xafJ\xe8v\xc8x\xc0.\xbdu%>\x8b\x88-\x98\
\x9eT\x04<%\xe8\x94\xf0Q\x8b\xa3\xae!\xde.$\
\xbc\xe09b\xb1\xa8\x09\x0cKO\x18s\x80]@\xcf\
E\xe6\xc1\x1b)H\x9bB\x8a\x85\x8b}]y\xfe\xa5\
|}\x9dc\x7fi\xf5\x06\x0c\xf7\x85+V\xa5\xaaN\
\xde*PE\xc7\x99\x9a\xf9]\xab=im\x1a\x9bt\
\xee\xd6\xd6\x82\xa48SS\xef\xd4\xb8\xda\x02\x9b\x19\xa7\
\x82\x0a\x98!\x07m\x0e\xa2\xaf\xb2\x8a;W\x8b0\xec\
\x8a\xc9V-\x18C\xd7\xbe\xd4]UF\xb0\xdd\xbf\xa0\
\x88\xff\xe2\x8b/\xe6@\xc0;\xadiY]t\xed\xb3\
<\xceuL]\xe7\x8d:\xfd\xc3\xae\x04O\x9b>\x13\
\xde9\xa2\xed]|P\x84\x00e\x08\xb6(\xe9p\xe4\
5\xe4\xbb\xa7g\xd6\xa4\xb1_EN\xf2\x8c\xc7\x0b\xb6\
\xc1\x84\xc3s\x99\x03\xe7/\xeb\x03\xf2K\x17a\xfc\xdd\
<\x9e\xb5\xf4\xc2\xe5\x1b\x15\xd5+\xa7\xf5\x00\xe6\x1e\xee\
\x86&\xd3\x1cc*\xab\xed\xad]\x8ah\xd0\xc9\x00\x0d\
\xc8\xce\xf0,\xb2- \xde\x81\xbaY\xe0b@J\xe8\
\xf1\xb7\x18\xe3\xacx\xf06\x1e26\x8b\xe8\x0cRi\
h\xc8A\xbcS\xc2\xab\x97\x81\x81\xce)7`\xca\x81\
\xeb\xb0\xe4\xca\xf3\x7f\xff{}\x9d!\xc7>U\x8c8\
\xd3\x03\xab3Uw\xaf\x19\x17\xf9%\x19\xb5\x87)g\
e4\xa5\x00\xf9\x12p\xc8V\xa5.\xba\xe6m3c\
\x9eO\x92(R\xc0\x1a\x04sSM\x0f\xec*\xb2\x82\
\x0eBR\xdc\xc3\x01`1\xdcXht\x819Q\x8f\
>\xe0tY3\x89\xf7\xe1\xce\xf5x\x8en\x83y/\
\xc0\xdc|\x9a\x7fX\xf8\xc4\x95C\x86\x5c\xbe~\xeax\
\xa4\x0f\x8a\x06\x92\xe8\xf1\x93D\x8e\x0cY\xbd\xf5[@\
\xee\x09kn\xfc\xa4\xd1\xf1\x9eYcI\xf5\x03\xc4<\
e\xf7\x89M\x08\xe0\x95O\xda\xa6\x11\x00\x00 \x00I\
DAT_\xca\xbd\x8e\x12%7\x11\xc0[\xbe\xef\xdc\
\x8d\xaa!C\x1c\xc3\xa6\x1b\xbayxx\x18\x1a\xe6T\
\xc5\xc0\x81\xc3\xc0\xab\x11D\xbc\x88\xcd\x22\x8f\x8a\x5cg\
y\x918\xdcl\x13T\x07\x92lH\x92\x22\xd3\x019\
\xfe\xd0\x9c\xa2\xae16\x83!vP\x9d\x1e\x9b\x80\x9d\
\x8b\xc5\xf4\xdc\xd6\x83\xea\x0e5\xc2\x96\x83%G\xa7-\
\xff\x8f\xce\xf6Hl^\x81\xf9\xe4\x05\xab\xb7\xab\x8c\xfd\
\xb6\x17\x99\x19[A\xc4#\xf4\x06g\x8c\xc3-Lj\
\x0fH\x8fu\xb9ujyZ\x1c\xb59\x95:\xf3\xa3\
\xcd\xd0%\x16M~\xf8ik\x1dz\xa7\xaf%\xcf\xe7\
\xe0\x9e^\x00}\xbeQ{\xa75\x97\x7f\xcb\x16|\xab\
\x8e\xaf`\xda\xa99n\xde\x17^f>\xf5\xf6\x90#\
g\xbad\xf9D\x8e\xc9\x8a\xdf2\xef\xd4<Hw\x8d\
\xcd\xf6\xd5\x98\xac\xd1\x93\xb2<\xc7FN\x8a\xf7\xf4\xf4\
\x9c\x04\xaa\x1f\xd8~`\xcd\x9a]\x15'0\xc7\xad\xfc\
pn\xe6\xbesg\xa1\x12\x10\xceY\xba\xf4\xfa\xe5\xdc\
!\x9b\xc3&\xfa\x02r\x8fD\xf7\x01\x87nTT\xe8\
!\x5c\x039\x0e\x94\x896\x06\xdd\x80;\x03\xb4q\x08\
\x84a\xfe\x9b\x19cll\x04\x5c\xc0-!\x9f\x12%\
0\x07\xea\xe8\x05\xc0ZMs\xc9w\xbc\xab\xd9\xb5+\
SdM\x09\xd07\xe6\x1f\xae\xab\xab\x19d\xb5pa\
\xaaiQ\xedv\xeb\xb8\xf4\xed\xb5\xa1\x98\xbf\xf49\x1a\
\xd4\xbch\xb8wr*b2VE\xb7N\xadQq\
\xb2\x93\xa8I\x81.r\xcd\x14\xa1\xb8\x04\xd3\x0f\x1fF\
\xa1Kf\xc2\x96\x9b?\xff\x0b\xc9t\xc8\xf9\xf4\xe8k\
\x07\xea\xde\xd1*\xe5\xf5x\xf8\xfb0\xdf\x82b\xd1\xfe\
S?\xee\x81\x9b\xf7\x95\xed\xdf\xf8\xc3\x99S]\x96\xdf\
\x1a\xbf\x1cY\xaf(\xec\xa7\x0d\xfa\xd6\xb1\xe0\xf9$\xcf\
,\x9f1(7\xe59i\xcc\xb8}\x07\xd68\xad\xb9\
qC\xccq;\xec\xbcl\xcd\x9a\x93Y\x00}K\xd6\
\xb7'\xf7\xdd\xb9\x94_\xa1\xb7\xd2\xc4\xc3\xc3\xcd\xcd\xdd\
\xc4\xf0PE\x05\x5c\xba\x1dzGkl0\x00\x073\
\x9eV\x1c\xad9\x0ax\x80\xce\x5c\xd7h\x18\xf0\x84T\
\xc3tb\x0e\x96\x13s\xc9u\xc8wAt\xfa\xeb\x84\
\x9f\xaf\x82\xeaG\x0f\xda\xdb#\xfeN\xf1.\x9b\xb3u\
\xdcB$<3*c\x9c\xde\x1e3\x1a\xe0\x96\x89\x06\
\xec\x91\x0f3W\xc4\xe0\xd0)Vg\x15\x98\xc6\xd1\x88\
\xa3B\xb7F\x17\xb1\xb2\x82\x87>\xa8\xc3\xc3\x5c<y\
l\xbb\xdeFF\xb0\xddAs\x10\x1d\xcd(t\xfb\xb2\
}}\x1f\xfe<\x8f\xf1\x13\x9d_\xfaI\xc7<\xe4c\
\x14\x90\xb5\x0c\xc6\x0d7f,_\xba|\xfc\xb8\xb13\
0]\xd5S\xb8\xe6\x94\xee\xdb\x0f@\xa9\x8f\x1e3v\
R\xfc$\x9f1\x00}\xcb\xa4\xf1\xdf\xaeYVWq\
\xe3\xf0\xfe!\xfa\xe5\xe5\xb9\xcb\x9c\xb6\x1f\xd8\x87\x222\
\xa7(\xdd/\xdf9\x5c\x11\xb6\xc9=\x19\x98\xbb\xb9\xfb\
\xbe\x5cq\xe6\xfa\xe5\xebP\xf3;\x18\x9bE\x88\x0e\xc3\
\xae\xd4\xecR\xa7\x93\xeaLn6[O\xd8\xd1`\xbc\
\x93\xea\xd7\x809sb!\xe0\x15\xf9\xce\xfch<I\
w1\xe0\x06\xbfmC`T\xa63\xee\x04\x05C\x0e\
\xe93\x14\xef\xb0\xe0\xeb\xea\xec\x91\x18\x15w`uA\
\x5czz\x5c\xfa5$Ii\xe63\x88z2s\xd1\
\x03\x10\x9f-X}R\x15\x07\xa2\x0b\xe1\xae\xda~\xae\
\xc8\xcaj\xc5\xe4\xb8\x7fk\x1e\xfa\x1b#\x8c\x8d\xd6J\
;\x8e\xa8\xaf\x9d\x9f~\xcdiY\xf9oZ\xc0\xeb\xbe\
\xf0~8f6\xfa\xfb;\xc6T]>s3k\xcc\
\xd2\xa5\x9c\xa0\x18\x0f\x95>VJw\x9al\x08\xca\xc1\
i\x1f\xef\x995&\xcbsL\xa4g\xfc\xea[k0\
\x7fy\xc8\xfe!\x1b\xcbs/\xd5\x1dX\x06\x05?\x0e\
\xc6\xdf\xf1s\xe7\x96^>\x0c\x9e\xbb\xbf\xdc\xcf\xcd\xcd\
\xc3\x0b<?s\xfd\xfa\xf5\xe5\xc0\x1d\xa83VC\xb2\
\x13v\x91F\x87{\x95\xd3\x96\x93T\x97\x12^\xc8w\
\xb5\x84wb\xbe\x94D\xdd\x89V^=\xe4\xe49z\
@\x94\xfd\xc1]Q\xf6f\x81\xc2\x90\x93L\xaf\xabQ\
Y\xc5\xdd\xad\xbd\xabJ\x87\xab\x8edH0[iJ\
\x9d\x09\xbeC\xb8f\xf5\xdd8$\xc4\x83\xe6\x11\xa9\xa6\
\xd7\xce\xc1\xc6[\xc5\x22#\xff\xc6\x0c\xa6a\x7f\xcd\xf4\
6\x0aP\x83\xfe\xc5\x9c/\xe6\xc4\x19\xf99\xadiX\
\x0a\xe71\xb2\xb8\xc9\xaf\xba'r\xd0\xf7\xfdp\x7f\x96\
\x11)\xdbq\xf9\xfa\xb6.\xdf~\xb5}\xfbr\xe4;\
zz\x8ea\xe4\x956:\x1e[\xc7\x8f\xcd\x1a3n\
\xf9\xd81\x93`\xc3\xfb\xf8\xcc\xc8\xba~cw\xf5\xfe\
iC6^>\x9c\xbb\x8cF\xdd\x81\x03\xcbg`\x8e\
\xeb\xf5\xeb\x97/W\x94\xcdtONNv\xf7\xe8\xee\
\x9bs\xe6\xcc\xf5\xe5\x91\x91\xcb\x97.\xbd|\xfd\x22\x12\
\xe9\xaa3J\x8a\x8a\x8c8\x07F\xb68E\xbe\x17!\
\x9f\x99T\xc7S\x18rD\x9d\xb7i#\xea\x0a\xd7i\
\xc9I\xa6\xf30v\x00P\xde9\xd39\xe5 \xe2\xef\
\xf6\xf6\x97\xca\xc9\xf4\xfc\xfcK\x87\xebT\xb1\xaa\xdas\
*\x84_\x09\xa9zR\x1a\xa1\x16u\x06\xb8\x82\x89m\
\xdb\xcf\x09\xdb\x1d\x5cg$n=4?\xe6$\xb70\
\xe4\xaeuYu;\x8f<{v\x9f\xb5\x8a\xa8\x0b\xf1\
\x0e\xaeS\xadowr~K\xeb\xb0'\xbc\xda\xf9\xad\
\xb7\xdej\x14&l3\xd2RT\x93\x08\x0f\x03\xea\xab\
\x97#I\x86\x89\x11ce\xe0\x95F:A\x1f7v\
\xf4h\x18\xf3\xe3&ee\xf9\xf8Dv\xb9~\xe3\x06\
\xe6/\xebo<|\x09$\xbfK\xcc\x0flE\x9d\xf0\
\xb3\xc4<l\xa6[vvvr\xa9\xa1\xef\xa13g\
\xbat\x01\xe6hK\xf7]\xae\xaa\xd8\xb1\x03f<r\
\x1b\xa0\xcb1\xf8F\x97\x0d\xa0#\xfe\x9eD\xaf\x8d:\
:P\x8awE\xc0\x0b\xcc\x15\xa63=R\x80\x8d%\
u:\x99\x8e\x95\xf5\x99~)\x81\x99f(OP\xbe\
Q\xa0\xae_W\x87\xd9q\xdb\xbf-\x00\xd3\xe7*\xb3\
\x10\xd5\x5c\x9f+\x22\xed\x04\x9dJ\x5c\x95J\xa6\x7f\xbe\
\xca4i\x17\xd6\xe1\xa1\xa7\xeel&)\xee\x1e\xe8\x00\
\xf9\xb6mg\xcf\x9e[\x93\x86\xd9x\x12t,W\xcc\
I76sZ\xffz\xa3\xcb|\xcf\xa7\x1f\xd7\x06\xdd\
ao\xff\xe9\xbb\x1f_\xfb\xb4aVH\xc7Qrb\
\xa3\xff\x8e\x8a\xcb\x98\xb3F~#\xd9\x19\x917\xba\xe3\
l\x02tOO\x88{$\xc4ee-\xbf~a[\
\xc5\xe1i\x18u\xc7\x84''@~\x8d\xb0o\xcd\xba\
\xb9\xed\xac\xe490\xcfNv\x17\x98Gv\x89\x5cN\
\xd4\xcf]\xbfpYh\xf6]5%\x98\xa0\x94\x801\
\xd7\xc9\x09\xe9\xc6q\xe2\xd6\x8c\xf4\xda\x00\xbaP\xeb\x90\
\xef\xb4\xe1\xa9\xcf\xafQ\xa5+Dg\xa6\x1c\xb1\x16\x22\
\x9eKa\xcaeFeF\xa5Da\x98-\xb7\x5ca\
\xba\xdd\xe1:d\xb8\x17\x9d\xdb\x8e\xac\x16\x80M'\x5c\
-\xe0\xf1\x0ab\x7f\xcegj\xd293\xef8\xa6K\
\xa5\xa6\x1a\x9f\xac\xb5f\xb5\xb1U\x0f\xeb\xa1\xb7\xea\xd8\
\xf7\xcc\xb6\xb3\xb3\xb6\xcd:{\xab\xc0\x14T\x17L\x17\
\xf7\xe0NOO\xba\xb6 \xea\xb7Au]\xdd\x91o\
\xff\xf8\xe3\x8f?\xff\xeb\x97\x9f_\xd4\x86\xbdM\xe7\x97\
zp6\xaby\x8f\x18\xa0~r\x0d\x87\xcc9\x91A\
\x03\xfa\x81\xed\x08\xbaO\xca\xa2\x8e\xffj\xcc\x8c\xac\x0b\
\x98\xbf\x8cj\xa1\xf9\xe5\x1bssOn?p\xf7\xda\
\x81k\xa0;@?\x8b\x02\x06;V\xbag\x9f\xce\xce\
>\x9d\xec\xfb\xf2\x99#]\xba\x04\x05\xf9(T\x87+\
'\xcc\xf8\xdd\xe5\x19b\xf0-\x02C\xed\x11(\x06\x02\
O]\x8c\xb5\x09\xb7\x8dx#<#,9It2\
\x1dO8mR\xa8+K\xbc\x08\xc9\x10h\x7f\xd0\x81\
v\x1c1\x17\xf2\xfdp]\x01\xe4\xc7\x86swU,\
+3w2\xd8\xae\xb6\xdfAq\xd10\xcezm;\
JZ\x86F\xa4\xe2\xd0\x83\xe7\x5cL\x91b\xf1\xf0\x1e\
\xfa\xb0Q`\xf9,\xb4.\xab!\xe0\xa3\xe9\xb3!\x04\
\x8f\xbf\xf9\xe9\xc6\xc6\xd1\x0b\xd6\xbfn\xf1\xb8\xb8\xfc\xa0\
\xef\xe98\xf29\x80\xfe\xcfw\xff\xf5\xee\xbb\xef\xfe\xf2\
\xe2\xdf\xb5\x94\xfb\xb0\xf7\xc1u\xd4\x89\xda\x1csc\xd9\
\x9a\x83\x90\xe7D]\xc4\xddh\xc5\x81\xe8_\x8dE\xf4\
}<@\xdfz+\x0b\xc8\xb2\x8a\xa0P\xe7kjO\
R\xba\xdf\xc5c{\xd6\xb6\xeb\x90\xed+\xdd\x93%\xd1\
\x0fU\x1c\x99\xd5e\xef\xde\xa0\xa0\xc8\xc8q\x94\xefK\
\x97\xee\xdb'\xc9~th\x06\x86\xdaQ\xe5Y\x91\xee\
\x10\xefj\xaf\x0d\x9e\x19`\xa7\xf1\xce`,\xe9.\x99\
\x0e\xe8i\xbfS\xaf\x0b\xae3N#\xa5}\xe0z\x87\
(J\xf7\xfc\x8d\x12\xf5\xc3u\x18A7Vm\xbfQ\
\x04(A\xf5E\xf5\xd6;9.Z\x5c\xd2I\x97\xb4\
\x93\xb5\x98\xedB\x85nf\x15\xb7j\xce\x8a\x87\x0b\xb9\
\xb7j\xd5y\xe4\x19\x88vb\x0e\xd4\xcf-\xc3\x9d\x86\
\xe6\xac\xa0>\x9f\x8f\xda\xd1\xf0\x1b\x8c\xaf\x05\xda\xdf\xa7\
B\xfc\x83 \xfa\xd5\xf7\x01\xf3\xe7~\xfc\xee\xbb\x7f\xfd\
\xf2/6\xc2\xae\xf9\x8a6}-{\xe0\xc6['N\
\xc0\x84\xbf\xb4f\x1f\x90&\xec\xd2\x8cC\x1cF\x18\xef\
\x0c\xc9 \xff\x1di\xf0\x15'\x86\xec\xd7\xa1h_\xb6\
\xe6\x00\xa4\x82\xd0\x00w\xef\xee\xbbq\xfd\xfa\x8e\x1d\x13\
\xdd\xc9r\x98q\x87*~\x985k/\x0a\x03\x92\xea\
_\x09\xb5\x0e\xd4/\x5c\xae\x86f\xaf\xac\xae\xe3(L\
\x02\x0cy\x16\x97\xa4R\x17Z\x1ddf\x80\x06t'\
\xdeD|\x0a\xddt\xe1\xaa\xfb1\x13Z\x0d9\xf1\xa6\
)O\xc5n\xe6t\x90Ir\x80\x5c0=\x1f\xa03\
\xa6\xeft\x0baU\xc4c&/R\x8bw\x05q\x88\
\xfb\xb8\xbb\x07\x96\x9d\xbbq\xd7\x14\x13\x967\xac\xde\x80\
\xa8\x0c*{?\x5c\xc8\xbdc\xdfQ\xdb\xb6m\xeb\x22\
 '\xd5\xcf\x15\xa4\x19\xc3\x80\xc7\xa0\xcb\x0a\xe6CC\
o\x85.\xfe-$D\xeb\x8e\xfc\x89\x98\xff,1'\
\xee\xbf|j\xa1\x86\xbd\xe3_{`\x12\xb3\xff\x89\x13\
e1\xd5\x97\x9c\xc8n\x80\xae\x90|\xeb\xf65[#\
\x19z\x1f\xc7I\x0f\x170\x90zI\x87\xc1\xf6\xcb\xe7\
j\x97\xdd\xdd\xfe\xd5\xd6\x03wA\xf4\xbbk\xce]\xaf\
\x22\xcf\x05\xcd\x93\xbb\x1f:rf\xd6,\x94\x88\x03\xd5\
\x01:\xb5\xfaVA\xf6\xcb\x17\x84AW\x89X\x8dL\
\x9f\x94\x91X$[\x00\xf0\xc5\x812$G\xb6\x13v\
\xa1\xd4\xa5\xfd\xce\xf4wa\xbc\x13xe\x05\xd6\x1cV\
\xed\xa3\x0e\xd6\xc0v/W0'\xd3#0\xe3\x04\x83\
f\x08\xcc\xa0\x01u\x82\xaf1\xe2\xe0\xa5\xab\xb6#\xb1\
\xbb\x16r&.\xe9\xdcAD_\xa1\xd0c\xebS*\
\xd5\xd7\xe4\xfe\xaf\xb8\x09\xf5\x91m\x18\x98\xaao\x14\xf0\
\x98 I\xc0\x91\x07\x1f\x11\x87\xef\xc7\x94\xc6\x0eZ\xc2\
\xf4\xfeg{\x84{t\xfb\xfe\xf4\xdc\xdb\xdf}\xf7\xcf\
_\xfe\xf5\xcf\x9f\x89\xb8h}4\x15z\xa0\xd6{`\
\xdeKHU\xd9\x8e\xea\x5c'a\xb2\x03s\xdag\xdf\
~\xb5u\xcdV\xd8\xeeYco\x9d\xac\xdd\x07\xb5|\
y\x93\x8e\xce\xe1\xc3\x87\x97\x9d[\xbdu\xd9\xf6}\xe3\
\xbe\xa2p\xbf\xbb\xec\xe4\xae\x1b\x92\xe7\x90\xee\xee\xee\xb7\
+0 /\x0a\x03\x06\xa1I\xd4i\xc2\x0b\x11\x7f\xfd\
F\x05\xaaO\xa1b\x0c\x02\xf2\x98c@\xb7\x0d\xb6\x9d\
\xd9b\xc0)\x88N\xb5~M\xfa\xea\xc2o\x13\x06<\
\x94:\xb8\x0d\xe1\x0e\x19O\x93Nm\xc1\xaf\xb7\xcf\xac\
\xab\xc3\x1c\x17\x0awP]?\x1f\x86\x5cz:B\xad\
@\x1d\x11\x17\xc4f&\x872\xea\xae\x91\xed\xab>\x8f\
\xb8\xb6\xfa\xe4\xdd\x03fqq\x0c\xd6&\x99Z\xcd\x9d\
\x1c\xf1P!\xf7\x8e\x90\xec\x8a`\x17\xb0w\xd9\xd6\xa5\
\xcb\xb65\xde\xc8\xa7\x80`G\xd6w\x04\x88\x1e\x17\x17\
\xda\xbe\xf7\x13\x9f\xfb0L\xf0\xfc\xbb_~\xf9'\x9a\
\x06\xf6w?\x94\x09F\xadZ\xf5\xedt\xb1\x0a\x83\xeb\
'\xfcc*//s\x82\x1e\xa76?p`\xcd\xd6\
oom]\xbau\x8c'\x22r\xdf.\xa5N\xceG\
\xaaEy\xf9\xa5e'O\xde\xfav\xe9\x9a\xed\xe3n\
m\x85N'\xe6R\x9f'f\xbf\x9c\xec~\x1b\xa3/\
\xdf\x7f\xfd\x0dK<\x13t\xa2.\x1d\xb7\xa5'\xa1\xd8\
\xeb.\xef\xaa\x00\xec\x10\xf2\x19\x18}C\xd6\xac\xb0\xe6\
\xe0\xaa\x0b\xfb]\xc6\xe4\x84-GG\x1d\xca\x5c\xeau\
dR\x00j!\xe2i\xc3\xd1\x90\xa7tGi\x02\xe7\
\xf2\xc3\xe5\x1b\x81\xbal\xce%V\xc6\x11\x1c]IB\
(V\xa0\x1e\xb0h!\xc6\xd3\x14\xe9\xbe\xea\xf3\x85H\
tp)j\x1f\x97j\xaa\xda\xbe\x0b\xb92\xab\xd6\xa2\
\xb0\x8cE\x8b\xf9\xd6qX\x050\xefR\xcf\xf2.]\
fm\xeb\xb2\xed\xf0{#\x92\x8c\x05\xe6bH!.\
\xce\xa8}\xd2\x93\xce\x82\x1f\xf6\x12\x8c8\x12\x9d\x90\xff\
\xfc\xcf\x7f\xaa\xb9\xfe\xee\xbf^\x94\xff\xef'/\xa1\xb2\
7*y\x07[\xc6T\xd4-\x93\x8a\x9aL\xff\x0aY\
\x91[#\xc7B\xbc\x8f=\xb7\x0f\xd5B\xa1\xce1\x04\
\x9b\x0b\xcc\x912\xb7u\xd9\xd2\xacI\xe3\xd7,C\xd5\
\x82];*W&+6\x1cx\xfe\xc3\xa9\xefY\xcc\
\x1d\x02>\x88\xb8K\xd4\x97B\xc2\x03\xf55\x97\xd9y\
\x80\xfa\xee\xa3C\xedm@\xf2\x22\xd4\x94S\xc1k\x03\
\xd1\x19\x7f\xa7V\x87\x09/\xf4:\x16j\xafm\x8at\
\xe5\xe9\xadI\xdf\x8d\x1d\xc0,\x13#\xea\xe5\xe5\x80\x5c\
\xfalH\x9f\xb115e\xb9\xb0T+\xa3\xda\xda\x02\
(l\xe64\x07h\x14;f\xd1/2V%\x85B\
\x18\x98\xaeG\xa6$J\x12<\xd4\x18z\xe7\x91\x15\x0d\
%\xfb,`\xbe\xed\xfak\x1d,:`\xe4%\x02\xa9\
\xb7\x0b1\x8d\x13L\x8f\x08\x8d\xee\xdd\xb5\xc5]\xe9Q\
\x1c\xd8y\x94\xc0\xfc\xbb_~\xfeN0\x1d\xc0\xaba\
\xff\xe5\x97\xfe\x84]\xb7/j\xfe\xf2\xd6N\xc1\x06D\
\x9dT\x87'vw\xcdW\xdff\x8d\x89\x1c7\xd6s\
\x06+G\xde\xa8\xd2\x99jgw\xe2R\xee\xf6\xda\x93\
t\xe6\xbfZ\xb6tl\xd6\xa4\xa5\xcb\xf6\xdd\xb8XI\
\xbb]\x80\xee\x05\x9e\x8b\x1b\xb0\xa1\xaa7Q\x07\xee\xc4\
\x9cT'\xea\xfbN\xee\xdb~\x19yu\x18|C\x8d\
\xc1\xca\xf2\x1a\x17\xd2\xbdHem\x06\x83\x1c\xca\x1c\x0f\
4a\xc8\xa9\x11W|u2\x1d\x12\x1eP\x03n\xe1\
\xaa\xaf\x0f\xb47\xab\x81\xe9\xce\xd1\x16(us\xbc\xe8\
\xe7\x14f\xa4Q\xaa\x03vc\xcct`1!\xab\x88\
P\x8d9\x87\x80L\xaa\x95q:PQ\x15\xac\xceD\
\xf4\x15y\x13-\x0f\xb9\xc35\xd7hs\x0d\xd9\xb7\x9d\
\xbd\xfe\xca'P\xdf\xc8\x9d2\x8eH\xa7A\xc1f\xb5\
(\xd4\xf8\x89\xde\x9d\xb1\xe3_\x9f\xa3B\x87\xe5\xfeO\
\x01:\x81\xd7\x92\xf1\xbfP\xb5[\x8c$\xea\xc8\x8a\x0e\
w\x8c\xb9\xe1\x8c@\x9bh0y\xc6L\x1a\x1d\xe9\x99\
\x95u\x0e\xea\xbc|\xd3\x10\xccq\xcb]V{\x90\xf6\
=P_\xb3\x14Co\xe7\xf6\x9d\xad\xa8,#\xe6@\
=\xd9\x0bv\xbb\x00\x1d\xf7h!\xd7\x1bXsp\xdc\
\xe8\xba\xa9\xd9^\xb1\x19\x15E1;\x02\xf7hHr\
)*\xc0\xdcc\x8c\xbcH\xaaK\x9e\x8b\xc0\xbb\x88\xc0\
3SN\x88s\x8e\xb4\x00r\xa6\xd2l@RdM\
\x0d\x92\xde\xc1\xf4\xf2|\xf3\x8d\xfa@]\xa7\xdf\x9e\x8c\
\x8c\xb4X\x11sGj\xc4\x8d\xbb\x9c\xd1\xc0\x99\xc7\x92\
\xeb\xc4\x1c6D\x11Rj\x5cX#\x16\xc4\x7f\x88\xd2\
\xaf0\xe0\xce\xd4\x1bp\x0a\xea\x08I)\xd2\xb2\xdd\xf0\
\xa4\xb8\x08\x88\x10\xb8lq\xaaT\xe3\xd0\xa4\xdeO\xd0\
k\xeb\xc8\xa0\x0c0\x87p\xff\xae\x1e\xf5z\xb2\xff\xeb\
\xdd7\xff\xdc\xa6\xd5\xb0\xaaN=\xe8\xb8\x85\x87\x94\xc5\
T-\x03\xea\x22\xd06\x0eq\xd7\xf8H\x1fT\x0b\xbd\
q\x03\xb9\x8f\xfb/\xc3U\x83'/4>L\xf7\xe5\
Y\xb7\xce\x9d\xbdQ\xb5c\xc7\xd4\xee\xc4<9\xc7\xeb\
\x10\xf59\xdb\xff\xf7\x8f\xaf\x15\x09Og]\xb1\xe19\
y\x02\x5c\x07\xea\x88\xd0UW\xdd@mI\x14\x92M\
\xa9\xc3\xbd9\x90\x22\x19\x88\xf2\x12`\xb2\x90\xecL\x9b\
b\xa3R\x97\xa6\x9cH\x8f\x14\xc0\x0b7\x1d\xc5\x0a2\
Q\x00\xdcy(8~\x02\xe2}#Z~\xfe\xe9=\
\xd9/\xe7\xd6x\xb3F\x1c$\xbc\xe9\xb5\x1b(&\xc4\
U!\xe2a\xce\xad\x98\x9bnv\xf7Z\xed5\x955\
\xc2\xef\x18we\xe9\xd7\x16\x0e\xb3\xc0\x80\xc3\xad\x8b4\
\x04\x87V\xc7:h\xfe\x91z\x02[\x1br\x1d\x0e#\
\x89\xae2\x8d[\x14}\xbf\xbbu>\x0aa\xde\xf8\x9c\
}%\xcfa\xc5\x01y`\xafi\x1a\x19\xff\xee\xbbo\
v\x1e\xf6RU\xb0A\xf1\x09\x98\xf0\xc1\x18{\x81\x84\
g\xd8\x85\x83\xaa\xf1\xf1\xf1\x12\xf3\xfd\x9b\xf4\xab\xa1\xce\
%\xcd\x09;\xaa\xced\xddB\xaa\xfb\x8e\xca\x99\xa5\xc9\
9\xc9\xc9/\x97zQ\x9fK\xcc\xbf\xe7\xed\x98$\xd5\
\xa1\xd5\x11\xb1\xa7\x84\xa7\x80\xa7^'\xeck\x96].\
\xbf\x8e\x191\x82\xee\xd5=Y\xb6\x1f\x7f(3\x82\xb6\
\x18\x09SR\xab\x0b\x9ec\x15T\xa7\x5c\xe7\x033\x9c\
\xc0r\xb3\x02Da1;\x1d4\xdfhN\xd0\x91\x90\
\x9b\x7f,1\xf1w\xbf;}\xac&\x16R\x1d\x19\xae\
\xe9\xaa\xa2\xdasE\xd4\xeb\x98\xe5\xb4h!\xa6\xb2\xac\
\x9a\x1fzmAm\x94w\xda\xc9\xd5.8\x06c\xe8\
-\x1df!\xcde\x08\x0ep\xb3u\xc1\xdf\xb6\xb3\x17\
\xfe\xc2\x0c\x5c\xa5\x01u8#q\xa6*\x04 L\x8d\
\xdb'\x8dP\xf7\x07\xf5\x01\x8f\xeb\x15\x01\xf7\xb7\xe9\xa1\
\x8b\xb0\xcc?\x05\xea\x12w\xd8s\x0a\xdb\x7f\xf9\x05A\
\xba\xbf\xfdt\xbe\xb8\xd8\xa08\xfc\x04Lx\xbd\x1d\xe5\
\xe4:\xda\xb8\xf1c\xb2f\xdd\xecr\xfd\xccE\xfdM\
0\xe1\xea21\xa8\xc6\x86]\x00=\x12\xf5\xffo\xdc\
\xa8\xac\x9c*e{\xa9\xf0\xd5\xc8r>\xfe?E\xc0\
S\xab\x07E\x06\xa9\xf5\xba@}\xfb\xbe5\x80}\xd9\
\xb2\xc3\xe4\xbb \xfc\xee\xdd=k\xa2\x9c\x9c\xa3\x9c\x03\
\x91\xe1\x9aI\xf5}\x8d\x22\x1ef\x9cz\x80\x15\xf6;\
t\xba\x98\xcb\x16\x8a\xe2s8\x08<'\xe4\x88\xcb\xb0\
\x95\x1f\xae;\x96S\x98sz\xfa\xf4C\x19\x19\x83\x08\
;FKY%pC\x1c\x94<\xd2%\x17\xad\xfd\x02\
e\xa4\x10\x19\x8fV\xa5-;\x97I\x9e/LmY\
u@\xdd\xce}+\x8eP\xb2\xab\xa5;\x11\x9fuj\
\xdb\x85!\x9a\xa9T\x02\xcfv#\x00\xb91h\x0e\xdc\
Au\xd3'e\xca\xbd\xf0\xd2\xdb0\xdc!\xd6a\xba\
\xc1Ko\x8c\xfa/\xc0\x1e\xe8\xff\xf2\xee\x80w\xff\xf4\
\x13Z\xf8\x89<\xe4\xc2\xc7T\x1ev\x86!\xc7\x94\xc8\
s\x18-9{\xa6j\x88\x8e\xce\xc6\x8d\x97\x9c\x85l\
\x17\x88c\xb1\xe6\x1c\xee\xf9P\xb5\xc3q\xa2\xc0\x1c\xbe\
\xda!\xe4\xcc\xab1\xff\x9e\xa0\xd7\x0bx\x11\xa4Q\x1c\
7\x92}\xfb\xbe\xedkN\x02\xf7\xcbw._>|\
\xb9\xba\xb6zWJ]y\xca\xc1:g\xe7\xf5\xce\xd0\
\xde\xc8\x8d\x80\xda\x16r]\x0aw\xe4\xc7:\x89\x10\xec\
zNU\xe5`l\x8d\xc0\x9c\x01XA\xf5\x8d\x1b\xeb\
P9\xb40\xe3\xd0\xf4\x89\xd3\xa7g\xd8\xec\x8cM\xc5\
lUHx\xd5\x86\xd5\xf4\xc6a\xdb\xcd]\xb8v\x0e\
\xd8\x0e\xbb\xdd;\xb3\xf6\x80i\xdc\xdcU4\xe2Z\x22\
\xdc\xe1\xa7i$\xbb\x80\x9b\x90\xcf\x9au\xfd\x8eF\xb4\
\xab)\xdc\xae\x17*\xde\xe3\x89\x07\xaa[\x18\x0f\x7f2\
\xf1\x99\xce\xa38\xca\x02\xcc\x95P\xdc\xcfD]Q\xed\
?\xff|\xf5\xc7\xe7~B\x97\xc0\x11?^}\xd7\xf7\
\xea\xdbD\x9dj\xdd\xb2u\xc5\xe1\xcc\xbb\x07\xb6.\x1d\
\xbfz\xf9\x85\xcbg\x91\xe7<M?\x7f\xe3\xa5\xdce\
\x0b\xc8q\xb6k\x18e9 \xf4\xb9\xe3D\x0f\x0f\x19\
{\x95v\xfb\xff\x91\xe5xj\xa8N[N\x11\xf0j\
\x1b^\x18\xf1\x94\xf1\x14\xf3hw\xee\xe4\xde9|\xe9\
\xf0\xa5\x5c\xd6\x07\xc3\x1dZ\xc0wX\xe6\x05\xb4\xd7@\
wHz\xa7) >\xeb\x0a\x16\xa0I\xc4k\x8e\xd1\
\x82S\xda\x89\x13H\x90\xb3O\xf3.\xb4\xc9\x00\xe8\xa8\
jR\xd26\x8di3\xc8\x921\xc5\x1c\xf5\x0d@\x1d\
C<\xac\x03:\x17J\x17>\xbc5T\xfd\xe4\xb8A\
-\xc9\x9b\xe88l\xd4\x0f\xda\xf1\x98.\x02\xf1Yg\
\xaf\xdfyQK\xb4+\xb0\xf7\x1fa\x0d\xc0\xa1\xd3\xe1\
9F\x1b\xa5=\x91\xa8\x9c\xee\xa8\xe7~\xa4\xe1\xfe\x9d\
t\xd1~\xfe\x17\xbct\xcaz\xa1\xda\x05\xc8\x88\xd4q\
\xc3\x8fo\x03v\xb7\xab?\xfdT\xfc\x1c\xc6^0\x03\
\xe2\xc6\xa5\xcc5_}uk\xf5\xf5\xc3\xd7w\x5c\xde\
\x84\xe2\xdfH\x92Ys\x90#j\xeavw\xd9\xf5]\
\x17+\xca&z1\xf6\x9a]\xea\x05\x9e\xe3\xf6\xb9D\
\x9b\x8d+\xe4:\xef\xc8$Po\xc0\xf5\xadt\xdd\x80\
\xf9\x1a\x10\x1e\xaf\xcb\x96-\xcb\xbd\xc3En\xae(\xec\
\x8c{\xb4D\xd5\xa0\x8eX\x81=0F\xb9\x89\x02\x18\
\xeaX\xb2\xd9g\x06f\xf2\x06.\xceuu\x08\xca\xd0\
\x88\xa3\x80?q\x18\xe3k(/\xec\xed\x8dN3}\
\xfa\xe9\x9c\xd3\xc7\x0awB\xc2s\xf8\xd4J\xb5~W\
m\x92)\x92q#8\x86\x8el\x9d\xed\xb5I\xe0\xf9\
\xc2\x84A-\xa9\xdf?l\xe4\x91\x1f\xb4\x0c8\x019\
\x16g/|\xd4\xa1\x09)\xd1\xa6\xff\x08Jw@n\
e\xba\xc8H\xf5$\xa8\x8e\xe8\xab\x14\xeej\x9b\xedg\
4!\xe2\x81\xfa\xc0\xe7~z\xee\xb9\xe7~\xe2\x02\xd2\
\xe0mt\x0e\x0c\xbfA\xc6?\x17\xfe\x5cH\xb8-F\
\xdc\x96\xad\x86q~\xf9\xccn\x9dM\x985\x84(\x1c\
0\xd748\xf1\xcb\xe0\xb8\x0b\xff<;111\xdb\
\x1dv;E\xbb\xc0[\x81\x1e\xf7\xd6\xa4\xb3\xae\xa0.\
\x8c9\x8d\x84\x17\xd6\xdc\xbe5\xc0\x1c&\xdd\xb2;x\
\x5cZv\xe9\xf0\xe5r\xaa\xe6\x1a\xd6\x86\x03\xe1QW\
\x10U\xe6`\xdce\x02y&;#\xd9}=\xc4\xba\
}\xae\xf3a-\x9a\xc3c+w\x8e*BP\xc6\xca\
\x14\x5c\x9f\xf8r\xce\xc4\xd39\xd3\x0b\xdb\x02u\xdcp\
\x0b\x83\xe6qE\x07\xcf9\xa1\x86\x18\xea\x7f\xe2N\x1e\
\xc6wop\xa2\xc3\x8a\x15\x83\x9a7\xe2\x90(Q\x01\
?M+\xec\x0a\xbc\x89\xfb\xf5!\x8a\xa3\xa6\x16\xec\xea\
\xd76\xdd\xd2\x009\x99n\x15\x17\xfdDL9D_\
\x05\x8f\xb51WP\xff\xe7\xc0\xb7\x01\xb7\x84\x9dG\xa1\
\xbd\xfd#,\xba\xab?\x12\xf5\xe7\x98Hs\x19*\xfb\
\xec\x8d\x8b\xbf?\x86\xc1sa\xb63`#\xa8\x0e\xc3\
\x1e\x98W\xdd\xa8,\x13\xfa\x1cI\x13\xe4\xb9\x829q\
W\x9a\x06u\x90=h\xaf\x8f\xda\x9a\xa3\x0d\x8f\xe8\xae\
p\xde@u\x12]iD]\xb4\xbac\xe0<\xee\xba\
\x07\xaf\x0c\xd8\xd7\xc0j\xc3\x02\xeb\xb8aO\xcd%\x92\
\x5cJ\xf6\x10\xf3\x8d'N \x1c\xe7\xecl\x0fg\x09\
\xf8Z\xc5\xa6\xd9\x1c\xca~\xf9tv\xbf\x9c\x9cu\xe4\
:\x1b\xc9^{\x0e>;\x1d\xaa\x88\x82s\x070\xee\
:\xb7%\xd3Su\x87U\xe2\xc6\xc2\xf5~Z\x17\x01\
x\x17\x1a\xed\xf77\xccQj\xcc\x14\x93\xa7\xc0\xf7\xe8\
\xa4\xb4\xc7o\xca!\x12\xf7\xdc\xdb \xb6\xa2\xd0Is\
@\x8e'\xc9N\xcc\xc9t\xfea\x01\x89 Q\x7f\xf7\
*\xb6\xa0<\x89\xde\x8e\x8d\x97\xcf\xe2\x9e=\xf0\xd4\xca\
\xf3\x0fg\x8a(\x9d\x14\xee\xf4\xe5\x04\xcf+\xca\xa4\xdd\
\xcex{S\x98K\xb5N\xaeC\xc0\xab\xddu\xc1u\
\xc2.\xc240\xe6\xb40\xbft\xa9N\x81\xfd\x04\xa0\
?\x5c\xe7\x9c[\x93K\xd8\xd5\x0do\x9d/\x91\xe4j\
en\xbe1\x04\x03-:u\xc7\x5cD\xf0\x95:<\
\xb6\xb0\xe4vN\xce\xcb\xc999%\x85;a\xc4K\
\xdc\xe3\xa2\xb7\xef:Y\xa0B\xde\x04\x14:\xf2\xa3\xe6\
~\xd1|\xae\x8c\xee\xb0\x91\xb8\xafp#\x9a\xcf:\x0b\
\xdf\xfc~4\x17to\xd3\x0d\xa8\x8bfl\xa4\xea\xa5\
\x96\x00\x8f\xebU\x08w\xc0+\xc7S\xc1v\x09:\xcd\
u(q\x22.\xdbO@\x1dd'\xea\xdf\xbd\xfb\x0b\
\xdaw\xe8\x0a\x7fB\xd9\xe0\x8dC\x86 \xb4\xb9\x09\xae\
\x1a\xf2\x1fE\xae\x04\xe1\x86d\xc7\xb8Zm5|\xb5\
\x99\x1e\x89\x22(\xd34\xcfAw\xde<YK\xc2K\
\xbd\xae\x11\xf1'Iv\xd8qj\x9e\xe3\xf50@\xdf\
Xn\x0eXOTW\x97\xe3\x09\xec\x0f\xd7]\xaa\xbb\
\xe4|\x09Y\x8f\xc0\x9b[\xa0\xc6q\x90\xb4\xe1N\xe0\
\x17\xeal:f\x93&\x0a{\x0b\xae\xb7-)\xc9I\
\xc6\xb0~b\x0eE<X\x8d\xd9L\x88\x92\x15\x1c\xc4\
\xf0Z\x92\xf1I\xe1\xb9\xb7`h\xadc\xdf#\x84\x5c\
xi]$\xc7\xe9\xb3\x9d\xbd~\xe1\xf6\x83\xab\x8c\xb4\
\xe9\x9f\x06\xae\xab\xac\xbcUE\xbd\xd3:<.\xb4\x95\
\xef\xa1p\xa7\xc9\xa66\xdc\xc9r\x22\xceF).\xda\
O?\x9d?\x7f\x9e\xa0\x83\xec\x7fz\xfbmv\x90_\
\xde\xfd\x19]\xe2m\xff+z!\x13\x13_\xd6?A\
\xb3\xddI1\xe10\x90J\xd0\x97]\xde\x05}>\xd1\
=\x11&\x5c2b2\xe0\xf9\xd7\xff\xf7\xff\xfd\x9fZ\
\xac\xd7\xbf\xfe\x9f\x80]\xcdu\xdc\xbc\x95\xfe\xba\x1au\
\x84i$\xd35\xb0_\xbas\xe9\xf0\xe1\x13'\xcaO\
\xa0Ap\x9f\x00\xf2\xa2\x01k\xbc\x82\xfe\x12m\x09x\
\xb99Bq\xf9!\xfa\x9b6W\x1d\xcb`\xd6\x13s\
 \x91\x1a\x11\xdb\xb6\xa40'91\xd9\xc3\xa3\xb4\x10\
d\xc7\xa8\x0a@g\xa0\x0cv|\xed\xb7\xe7\x0a\x84\x0b\
?\xa8\x99)\xc9\x185\x174\xa7\x02\xe7\x9f\x5c\xe0\xe5\
\xfa\x9d\xbf\xddsK\xe1F\xc0\x82\xeb\x90\xef\xde\xdeV\
FE\xde\xcd\xd5\xa3k\xf4\xd1\xff\xf4\xad\xc8\x8f\x22\xe6\
\xffDb\x1c\x9a\x90\xedj\xd8\xbf\xfb\xf1\xbb\xb7\x9f{\
\x1b\x92\xfd\xfc\xf9\xb0\xf3a\x98\x9e~\x1e|\x07\xdb\x11\
\xb7\xfbE\xa2\xfe\xa7\x81\xcf\x95}\x90\xe8\x91\xb3\xe9\xf7\
\xe0\xd8A\xa4J\x5c\x13\xe9\x12\xd7\xf0rw\xd9A\xe8\
s\xf8\xe7\x89\xc9\x89j\xcc5f{=\xe0bM\xa0\
^o\xcd\xc9\xd8\x9c\x1a\xf6\xadK\xa5\xcb\xb6LA\x9d\
\x16<\xbe\x0d\xc8J\xc8\x81\xba\xb9\x80\x9e\xe0\x07W\x05\
\xd3T'\xcb\xb9 \xe3\xf3\xed\xf2\xed6\xe5\x98\xec\xd7\
\xf3\x07\xea\x94\xe4\x02\xf5\xd4\xd8\xd8\xb4\xc2B\xe4\xef\x94\
z\xf4\xdb\xb3\x07\xb0\xab0\xda*\x8aY\xc6\x15l\xaf\
5\xe3\x0d\x18\x9b\x8b\xc4\xe9v\x84d\xd7\x0c\xae\x10s\
\xa5\x81\xe6CZPb\xa4\xeb\xab \xbb\xcaJ\x95\xa4\
\xba\xef\x8d\xd7\xffSx\x9b\xfe|g\xb0\x15\xd8\xc24\
\x83\xa3\xfe\x8b\xc4\x5c2\x1d=\xe1;\x0c\xb9\xbd\x0d\xb1\
\x1e\x06\xc0\xc3\xca\xf0\xa7\xb0\xfdG\xa1\x0b~\xfe\xf9\xbb\
\xb7\xbf\xbb\xfa\xa7\x9f\x06\xba\xb9\x9d\x9e6m\xd3\xb1\xba\
:\x10\xfc\xda]<\xc0\xf2kw3\x81\xb9c\xd9\xd4\
R\x8c\xb0\x00t!\xdb\x1bA\xad\xf5\x96T\x17\xa0\xab\
\xfduAv\x91$K\xbd.\xfc\xf45j\xd4)\xe8\
/]\xbat\x99\xb0k\xb7\xe0\x13(\x86\x85\x1b\xc0\x01\
\xf5r\xd8n\xe4;\xe6\xa4o\xca\xd7\xdft\xda\xc4\xcd\
\xd7\xf0\xe3\xb0\xf0c5\xc8j\x95\xc3*0\xdc\xac\xd2\
\x0aKK\x91|\xef\xe6\x06\xd4\xbd\xd3T\x08\x90\xcd\x85\
\x9b\xbep\x15\xe6W0\xc9=u\xd0\x03o\xbc\x85h\
\x0c\xee`\xa3I\x88\x12\x80#\xf3\x15\xda\xfc\xce\xed\xeb\
;Fu\xee\x88\xc6\x91\xb5\xfb\xb7ni\xde {\x5c\
\x92\xf1 u\xa6\xca\xfd\x8f\xfd5\xf7\x8c\x14\xd1\xd7w\
\xff),s\x8c\xaa\xd5Kw\xfa\xe5\x0c\xc5\xbf\xfd\x93\
\xa09\xa9\x8e?\x88x<\xb1\xfd_\xe8\x1aP\xef\x03\
\x7f\xfc\xd3s\xd9\xd9\x13\xa7N\xddt\xcc\xd99\x93\x90\
\xa3q\x91I\xd9\xae7\xd1\x10\xea\x1c\xc2\xdd\xf0\xd0\x99\
{\xcdv-\xd0\xa1\xd7\xd5\xb0+\xfe\xba\x14\xf1\x94\xf1\
\xc2\x98\xbb\x17v\xb2\xfd0\xe0\x85\x98\xaf\x0e\xc6#\x9c\
\x0f\x10\xbd\xaa\x0a\x02\x00\xdb7^F\xca\xfd\xe1\xc3C\
\xaar\xbd\xdc\x0c\xdd\xdc\xfa\x99\x18N\xd5\xab>V\xe3\
\x82\xa4\x09R\x1d\x22\xdejP\xdb\xc2=\xa5\xa5\x00\x1d\
7\x0eY\xd76-\x0d\xa8/\x14\xc1wh\xfdU\xcd\
\xe5Gu\x164W\xe7=J\xc8\x91\x14\x07\xc8\xa7\xde\
\xa9\x88\xd1s|\xe9\xb5\xd7>\xfa\xdb\xdf^| \xea\
]_\xf5F1+c\xa3\xd8\xc7\xea\xaaw\x84\xac\xfe\
\x0e<\x17\xee\x18\xcd9b\xc9\x86u\xd8\xee\x1c\x5c\x97\
\xa0C\xb4\x0b\xf9\x0e\xae\x13u!\x13\xd0)\xae~\xf7\
\xdcs\x7f\xf2\xc8\x9e>q\xe6\xccc\xc7\x9c33\x85\
p'\xee\x99\x97S\xaa`\xc3\xed\xe9'l8\xc6^\
\xbf\xff\xbe\x09m^\x8f\xbb\x00\xfd\x1e\x09O\xae\xab\x89\
NcN\xa3\xd7\xe9\xb0\x93\xeeH\xca\x02\xf4\x97\x85~\
\xaf>!\x1f\xe5\x97\xc5V\xee\xcd\xbd\x94{\xf1b\xe9\
\x80~\x89\x89n\x86&\xbe\xfb\xc3\x80:\xb9.QO\
\xb5\x1a\xe4\x0d\xd8]]Q\x84v\xf6\xec\xd9\xae\x85\xb0\
\xa7\x91<\x87\xd8\x0cn\xe8A#\xce\xe2\xfe\xf4\xea\xd8\
\x17\xa3Fp\xd4\xce\xce\x12\x0fd:\x9f\x05\xe0\xdb.\
r.\xc7\xe5\x8d\xe6\xfa\x1fO\x9d\xfa,\xdb+\xf7?\
\x05\xf7\xc0_G\x89\xa3$\xd5c-\x04\xff\x02\xa4\xba\
\xc0\xfcm\xda\xe5\x88\xba\xd1]k\x0c:\xa8.\x00G\
]\xff\xb02J\xf8\x9f~\xba\xfa\xf3\xcf\xe8\x0f\x00}\
 \xc4{\xe2\xe9\xd3\xa7\xa7\xcf\x9c\xb9\xe9\xd8\xa5c\x84\
]\xb4\x83\xe5\xd5\x95\x8e+=\x92s`\xb9\x97\x0a\xcc\
\xffQ\x0fp\x93k\xf5\x5cW|7utNxm\
\x1a\x09_\x0f;d\xbc\x04\x1e\xe8\x12`\xd9\x01\x807\
\xdfp\xc1\xdd\x87\x97]\xbaXQ\xea\xeb\xea\xe6\x96\xe8\
\xe1\xe6\xbbI\xaf\xeaX\x0d\x12\xa48\xaf\x85\xaey\xaa\
)\xea\x96\xa1\x22)k\xd0\x02\xf6\xb6\x85\xd6 {\x1c\
\xe4?\xe6\xaf?0\xe1\x194\xdfq\xe4\xe2\xd9\x8b\x0a\
\xd6\xdb\x806\xb2\x8a\xae\x07_>\xac?d\xff\xfe\xfd\
S\x7f7S\xdf\xdc\xbcS\x88\x7f\xa7w,\x1e\x8cz\
\xffA\xde\xb0\xe1\xed\x9d\x1e\xe7\xb4\x07\x80\xfe\xcfw\xaf\
\x0a\xab\x9c\xa8\x83\xdd\xd2\x88\x13D\x87\xf4\x16L\x07\xc8\
\x84\xbd\x0cb\x1e\x8a\x1d\x07\xff\xf4\x93\x10\x09\xdf\xc1\xbc\
\x7f\xfbO\x031o\x019\xcd\xd3\xa7\x0fD\xed\x81\xba\
\x5c\x01{f\xdd\xe5\xaa\xca\xb2\x99&\x89\x1e\x94\xed\xd2\
Wk\xd2n\xd7\x86\xbf\x1eu:\xecj\x8f\x9d\xce\xba\
\x18e\xd5Xs\xda\xb0S\xbd\xb3\xe5\xca\x0e\x80%\xd7\
r\xe5F\xb9\xcc\xcd\xbd\xd8\xc3\xd5\xb7{\xbf~\x86\x1e\
\xae\xbe\xd3P\xe9d(B\xeaT\xec2\x22c\x15\x8b\
\x8a\xa4\x80\xfc\x19<f\xfb\x16\x02vS\xc4\xe3\x17.\
|\xd0p*\xc21;v\x5c\x14\x0dX\xa3\x05_\x0f\
\xc1\xdd\xa4\x87L\xc54.}s\x14\x5cD\xfdl\x03\
\xff\xe2b\x7f\x7f\xf3Wt\x1f(\xdf[\xd1\x86\xf7N\
+pn\xce\xd6\x7fp\xd7y\xa8\xbd\xba\x1d\xbf\xfb\xe7\
\xbb\xef\xbe}\x9e~\x99\xa0:`\x17D\xe7\xe2g(\
z$I\xd2\x92\x03\xea\x80\x1b\xa8\xe3\xc6-\x08\xbc\x13\
t\x06ja\xf3?\xf7\xd3U\xb7l\x0f8e@}\
\xe2\xc0i\x7f\xbc\xe4\x8c\xe0X\xdd\xe5\xda\xea\x8a\xca\xe9\
\x98\xd3\x00\x9f(\xd9\xeb\xf6\xb6\x1f\xbe\xff\x07 \xd5F\
\xb8\xa9\xf5z\xd4\xb5\x22\xf1\x9a\x08\x0db\xf0M(v\
mx\xb5\xd6\x91p\xafnk\x96\xe5\x82\xeb\x86^\xfd\
<\xdc\xf6@\xaf\x87mv\x8eb\xe2\xb3b\xce\xc1\x9e\
\x1b\x04\xd4A\xf3g\xd0\xf0\x82\x12\x95\xa6V\x11(\x0e\
x\xffYk\x9dGV\xe26Uhg/^\xbf\x08\
v\xa38\x9e\x9d\xbe\x1d\xb2r6\x86\xe7\x15\x1b\xf8[\
\xda\x1a\xe0\x86\x86\xb8\x1fJHH\xb0y\xb3F|\x9b\
\xfe\xaf\xb6m\xdb\xabk3\x02\xe1\xa1Pm\xf6\xe0\xb7\
\x10T\xfd\xe5\xb90\x89\xba\xb0\xe6\xd4\x03\xe9\x90\xdf?\
\xbe\xfd\x0bL<\x01:Q'\xd5i\xc0\x0b\xd0\xaf\xa2\
[\x5c\xfd\xee\xea\xd5\x0f@t\x86\xd5\x05\xd7g\x0e\xd4\
\xa9\xcb?\x96QW]]!r\xa3@s`\xcex\
; o\x16t\x86i\x18\xa7\x11Mp\x1d\xd6\x9c\x00\
]\x9b\xeb\x0dU\xbb\x1a\xda\x07\xbeB\xaf\xbb\xfb\xba\xa3\
\xe8\x05\x94\xb7]Y\xdePg\xdeY\x11z]\xb4T\
+\xef\xb6j\xd0\x09\xfb\xba\xb6m\xd3\xacM\xef3k\
M\xb7c\xe7a#7WV\xf4\xb8\xd8\x09h\x87\x5c\
6\x0f\xd1\x9f\xaa\x8f{\x9fX\xf6\xe8a\x00\xacm\x91\
m\x10\xde\xa9\xd3\xfb\x9d\xb2\xb3\xcd-qk\x8c\x90w\
:7\x8b@\xabv\xdd\xba\xb5{\xb08h\xfe\x1c\x0f\
wD\xc7\x9f\x91\x1b\xf1\x1d\x80Ts\x1d\x8aZ\xc4`\
1z\x0e\xaa_\x85/\x07\xd7\x9c\x5c\xa7\x11Oc\xee\
\xa7\xe7\x8a\x9f{n\xe0\xcfW\x7f\x06\xdb!\xdd\x7f\xc9\
\xce\xc6\xd5$\xd7\x01\xfb\xc4\x813\xff\xf8\xc7c\x18x\
\xd9\x5cv\x889\x90\x89\x89\x8alo\x8a\xd8Mm#\
\xea28G\xb2C\xab\x0b\xeb]\x1d\x8eU\xc6XI\
x-\x93\xee\x81x+;\xa9\xd7K=L<\xdcN\
{L\xd7+\xae\x8b*R{n\xd0\xed\xc8s6\xdd\
Y\x0f\xfb3\xb3Qn\xbc\xed\xbd\xc3,\xba\x04\xbc\xef\
\xa8\x97\xde\x0f\xee\xd4\xa9\xd3\xef\x7f\x8f\x92[\xc1\xfey\
=\x80\xb6\xa3c\x0f\xc7\x1e\xb6\x96\x96\xb6\xe6\xfa\xe1\xb6\
\x06\xb6\xe7G\x0d\x1b\xd9\xc9\xc3\xc4\xdc\x00T\x7f\xed1\
J\xed\x87\xc1\xfd\xc5w\x7f\x819v\x9e\x12\x1e\xc6\x1c\
\xf5:P\x07\xec\x0c\xbf\xfc\xfc\xe3\x8f\xe8\x11\x1c@\x17\
\xed\xfc\x15\x06i\xc8\xf4\xe7\xaeB\xf8\xc3\x8c\xfb\xf9\xc7\
\x81\x00;I\xe7\xcf\xa4\x00\x00 \x00IDAT\x11\
\xa8\xefqK\xcc\x869\x07\xd4\xa7\xe6\x9b\x9f\xd8\xbcy\
\x9a\xb0\xda\xb3\xb3\x0d9\xae&9\xde\x02\xa6+T\xd7\
\x18\xf1\x02t)\xe0\xc5,\x08\x8e\xb3\x8a\x86b&\x0f\
\x83{\xee\xa5\x8a\x1e\xa5\xbe\xee\xdd=\xb2O\x1b\x1aN\
+\xdb\x5c\xd7\x13\x12^\xcdu\xdc\x5cD\x15\x17\xab\x05\
;\x84\xfc\xec>\x16\xf5\x17Q\xb7#\xe1\x1e\xf9\xd7w\
:u\xc2\xdd.B:\xf9w\x0a\xd67\xef\xe1X\xe1\
\xe8\xe8XV\xe6\xe8op\xde\x96\xed|\x98\x81A\xd8\
\x95+W\xc2\x86\xa14\x93\xf9\x07!\xe6\xef\xbc\xd6x\
\xc6w\xfd)\x9f\xf4\xda\x9bt\xcf8X\xaa\xe1:\x94\
\xf5\xbf\x18s\x83\xfb\xf6\xdc@Au\x0d\xec\x0c\xc6\xc2\
\x90{\xfb\xea\xcfW\x99Uq\xf5\xea/W\x05\xe6\x1e\
\x89\x89\xae\x82\xeb\xa7g\x22\xff\xd9\xb1l\xa2\x07\x86\xb0\
\x80;m\xb8S\x02\xf4\x16\x89w\x90_*v\x05v\
\x19\x94\x93\x12^\xdas\x22qN\x0d\xfcC\xd0=\xb7\
\xa2G\xb2\xaf\xd7\xcb\xd9&&n&S\xcb6\x0fu\
\xe2$\x07\x01;\xef\xa8\x08\xdcMQvZ*v\xea\
\xf6g\x94d\x19\xb2{\xd8+\xaf\xbc\xf3\x8e\x9d9$\
\xf9\xc7!\xd0\xd8\x8e\xb6(|x>L\x0f\xcb2G\
 m\x1e\x8ewW\x007\x8a`^\xb9\xd2\xfaJ\x99\
^\x98e\xc8K#\xfb\xbe\xf0\xf7\xdf\xca\xec\xf3&z\
X\xc7\xbf\x11\xf5\x0f~R\xb8.Lx\xf5\xf0\x0b\xc2\
\xeb\xbf\x0c\xa0\x80W7\x05t\x04g\x06\x02\xf3\xb7\xdf\
\xbe\xea\x01\xe1N\xa2'&\xf6\xdb#D\xbc\xbe]\x88\
m\xe5J\xe4\xc9L\xccND\xce\xc4\x11\x05s\xc2\xd9\
\x12\xad\xaeF\x9dz\x9d\xc9\xf0\x10\xef\x1a\x09\xaf\xf8n\
\x0d\x85|S\xb6|\x13\x02?wY\xc5\xc5d\xf7d\
//\x86b>.;Z\xde\x13\xa8\x0bcn\xee\x5c\
\xc6c\x16F\x18\xc7\x0d\xaag{\x9f6\xad\xda|\xf2\
\xc2[\xaf\xbc\xf6\xda\xef\xa7\xe9\x84\x98\xa3\x00\xba\xbf\x81\
\xad\xad%\xd4\x1b\xa8\x1cvE\xcf?\xe4\xfcy \x8e\
\xe8\x057\x09\xcc\x1dI\xf3+W\xca\xf0\x1c9\xacs\
3F{\x138<\xd6M\xba\x7f\xfe\x1b\x1d4&\xbf\
\x91\xect\xdb$\xd5\xc9\xf4\x7f>\xf7\xf6/\xbfh\xa3\
\xcec~\xfa\x11\x04\x7f\x1b)T?\xfe\x98}5\x1b\
$\x87N\xf7\x00\xecx\xc9\xde\xafo\xee\xe88\xdd]\
Xv\xa5\xae\x82\xe7\x8a\xeen\x89t\x97\x87\xaa\xad\xf8\
\xbdb\xd8E\xe2N\xb5\x8e\xa68ojC^\x11\xf5\
-`\xfc\x05\xda\xf0\x87\x06\x94\xee1DI+\xdf\xa9\
z\xbb\x81z\xac@}\x05\xabG\x01y\x04\xde!\xe4\
%\xdd\x9f\xef\xdf\xe6\xcf\xaf\xbc\xf6\x81\x9d\x9d\xf9\x89\x10\
;*jG\xa2{\xde\xc0\x11\x90\x93\xe7\xe7\x8b\xfd\xb9\
\x01\xf8\x93\xe5\xf4g\xaf\x84x|\x0c\xc8\xc1\xfe+\xa3\
X@\xe8\xf1Zf\xffF\x87\xf9\xf3?\xbf\xfb\xf1O\
\x03\x7f\x94\xa8+\xa0#\x22\xfb\x0b\x035\x18q\x01\xea\
X\x0a\xaeS\xefS\xb83:KmpUX\xee0\
\xde\x09\xbb{\xa2\x9b\xdb4ss[\x8e\xb1\xc0j\x07\
\xab0\xaev\xea\x1f0\xdc\xd5\x1cW\xbf*\xdd\xe0\xbe\
/\xf8\x04\x12\xa8\xbe\x04\xd1\xebaW@W\xb3]J\
x\xf5\x12*\xfe\x81\xc0\x8b\xddw\xa8\xd7\xbbww\xc7\
\x9d\x1dMt\xcav;8\xd0\x9a\x93\x15\xc3\x00:\xaa\
\xcd0\x1d\xd2tg\xdb\xd9\xb3\x9f\x7f\xf3\xad\xbf\x99w\
\x0a\xc7\xbd\xe4\x7f\xb2\xb5-\x86\xbaf+\x0b\xf37\x0f\
\xa7\xfa\x06\xe5\xa1\xc0\xcfck\xb8?^\x8180\xbf\
b\x07o\xf0J\xd8\xf9\x91#\x7f\xd35\xa34\xbdC\
W\xf7\xcf\x08\xb3\xff\xf8'\xa0\x0e\x1c\x05\xe8\xc2W\xe7\
\xe8\x0b$\xffs\xcf\x81\xd7\x80\x1d(\x93\xdb\x18v\x1b\
\xf8\xf3\xbb\xdf\x09\xf4\xff\x94xUDf\x08\xba\xbb\x07\
\x8aEM\xc5m\x1b\xcb\xa6{q\xfc\x1c\xa2T\x89\xbd\
\x0a\xcc\xb5\xbc\xf4\x16P\x9e\x5c\x87tW\x8f\xb16 \
{\x93l'\xe6\xf7\xc7\x1d{\xd0\x96\xdd\xa9\xa0\x0d\x8f\
\x01\x16\x0f\x13C\x9d\xb2\xcd\xd5\x90\xf0\xb8y2\xc5\xfb\
\x5c\xd0]\x94!IM\xb0\x1e\xb4.\xa3\x1cw2)\
6\xb0\xb4\x84\x0ffk\x1b\x12\xa2Xj\x06\xc5\xc5\xd8\
B/\x9c\x9b\x81{\x88[v\x0f\x80.\x88~%\xec\
\xfdQ\x14\xeb\x1d\x7f\xc3\x8a\x5c\x83\xb8\x5cy\x11\xa0\x7f\
\x07\xd4\xc3\xc4\xd8:\xc5;\x9b\x08\xc9\x22\x02\x0fF\x13\
w6`\x0e\x9a#V\x8f\x11\xd6\xe7\x9e;}u:\
A\x87,G\x8c\xb3\x9f\x87\x97\x8e\x7f\xc8Oe\xd3\xdd\
\xfa%g\xbb#\x0e\x07\x9e\x7f\xcd\x98\x0c\xf8\xcd\x85\xd0\
\xe9\x82\xeb- <\xdcu\x10=ht\x13\xb0s.\
\xb3h\xcc\x98TS]\x80\xaa`\x0b-/\x9f\xf2E\
s\x08fEV\x5c,5t7A%\xb3D\x13\x1d\
\xbd\xdd\xd5)EV\x11\x93q\x0btb\x8e\x80;\xdc\
\xb7\x85\x09V;K\xaa\x8a\xf3N\xd8uB~?\xa1\
5@* Bk\xcc\xffEG\xc0\x0dI\xfc\xc1~\
\x88{\xc7\xf3W\xc2\x93\x7fg@\x09\x0f\xa9n;\xb2\
\xef\xb0\x16\xb8\xe4\x8d.\xfb\x13~\xfb\xe2@\xb0\xf8\xed\
\x1f\x9f;\xff\xf6\x07R\xa7K\xd4\xe1\x981\x07\x16\x1c\
\xff\x93\xd8\xfc\xe3s?\xc2\xafGl\x96\xc2\xfe\xb9\xd3\
\xa7g\x9eNT\xa8\x0e\xe7\xccD\x07s\xdc\xce\x9f\xf6\
\xc8N\xd6\xb2\xdb\x05\xe4\x0a\xde\x8a\xc6\xd6\xbc\x88\x8e\xd0\
\xb4\x8c'\xd1\x11\x88\x05\xe8\xf5\xa3m\xca\xdc\x17\xf8n\
\x8a!\xdf\x18u\x0d\xf2\x92\xf6\x94\xe9\xb2\x1f\x08\xdc\xd9\
Q.\x9f\xb9\x08\xcf\x0d\x96gr\xb6\xc7TL\x91s\
0c\xc9~\xdc_@@\x8e\xfa3\x0b\xadv\x16V\
\x1f-.>a^l\xf0\x93\x81\x01\xd0\xf6\xb7,f\
\xb1\x1d`\x1e\x0ec.<\xdbM_\x08\xf8\x1e\xc0=\
L<\xcf\x9f\x1f5r\xd8o\xba\xe4\xe7\xfd\xfa\x96\xee\
\x8b\x90\xdc?\xfe\x09.\xf9\x8fW\xd5DWp\xff'\
e:\x1dx<\xbf\xbb\x0a\xc8\x7f\x81\xbb\x86\x03\xcf\x7f\
\x90=pzv\xb6\xe4zv\xf6\x1e\x0f\x9db\x7fG\
\xdb\x89n\xc8\x99P\xc6XN\x09\x9e\x13v\xad\x07@\
\xaeg\xfa\xfd`\xff\xbf\xff\x83\xed\xfe%P\x87\x84o\
\x12v\x85\xeeM\xc1\xaea\xb6\x90\xe9\xeawR8\xec\
\xbb|\x84\x5cw\xf7HNt7\xd1\xd1\xa0.L9\
\x10}\xee\x8a\xb8\xd8\xd8\x9e\xbb7o\x06\x97!\xcc\x81\
2\x91\xd6\x9fn'^\xc3\x8b\xfd--\xa7N\x0f\xb6\
e<\x06N:n1lk\xfb\xfe\xa8\xbe\xbf\xe9\xd2\
\xed\xf7\x03\x5cl\xff\xfb\x8b\xdf\x11\xd7\x0f\x9e{\xee\x03\
\xa2\xae\x15\x81'\xd9\xc5\x16\xcau`NU\x0f\x83\xfe\
\xfcs\xa7\x07NG\xc0\x1d#l\xd9\xa7s\xb2=\xdc\
\xec,\xf3\x1cm\xa7\x03s\x0f`.\xfds\xdapl\
\x84Y,\xc5J}\x0f\x90\xe87\xa1\xe3\x01\xfa\x97\xdf\
\x08\xd0\x1b\xc3\xbe\x94\xe3\xeb\x8aQ\xa7\x08yN\x87P\
c{\x9fW\x05rt\x95\xeb\x02uf\xede\x9bL\
+\x83\x8473M\x9d\x0f\xd9.K\xf9\xaf\xb2\x8a\xad\
\xdb]\xbc\x19C%\x1c0\x01\xcd\x19C\x9fh8\x95\
\x5cg\xf9D\xcb\x8b\xfe\x17\x11\x82\x95-\xe4\xe3\xd7\xde\
\x1a\xf6_\xa4\xc3\x9b\xc0\xbf\xcd_\xc8\xe7\xef\xa0\xad)\
\xc9\x05\xcb\xb9\x00\xc2\x08\xc23@' \x7f\xf7]:\
rP\xf0\x1f\xbc\x9d=\xfd\x03\x899@\x87\xdffg\
\x1b^f\x80\x5cg\x88v\x14\x88\x13\xbe\x9aBt\x05\
w-\xc6\xab\xf5;\xe0\xe7S\xfci\x8by\x12\xfd\x9b\
/\xbf\xfc\xf23r=\x08I\xd1\xf7\xcaxHx\x19\
\xa3S\xe3\xd94\xf2\xdc\xaa\x1c\xb1t\x9f\xe8/\xd7\x7f\
\x80\x84\xc7OLN\xf60\xd4\x09\xdb}4\xc5,.\
\xe2s\x8e\xa0\xb3D\xa8U\xac\xfd\xee<\x80n~z\
\x1a \x17\xa8\xe7\x85\xeb\xaf\xdc\x88\xaaZ\xc1\xc8\xcf\xc0\
\xe0)\x07P\xc50\xcb\xe1\xa9o>8A\xa2\x89k\
\xfc\xdb\xdb\xd4\x91\xa8#\xc6\xf6\xf6O\x92\xd8\x0a\xf0D\
\x9d\x13\xdc\x14\xcc\x991\xf3\x1dB\xb0?N\xbf\xfa\xc1\
\xc4\x89\x13\x9f\x05\xd9\xc9\xf5l;\x83\xe20\xdb\x95n\
\x90\x9b0\xdc\x05\xcf\xbf\x16\x83,\x02q5\xec\x12d\
\xd2\x1ek|\xe1R4\x89\xbe\xf2\x06\x93^\x08:`\
\x97\xa8\x0b\xb6+\xee\x9b\x8c\xd5(l\x87vW\x9bu\
jh9\x07J\xc1\x9fpka\x8ec\xf1\xe1\xc8\xe5\
D\xdd\x1d\x86\x87\x1b\xac\xcf\xa9e\x95\xd5\x0ef\x18q\
\xe3\xf8:\x8a\x80\xc6\xda\xec\xde\xcd\x19\x9a\xfa\x86\x13-\
-\xc3Q%3<\xbc\xaa\xaa*\xaf\xaa\xear\xc8\xf5\
`T\xb0\xbd\x0e\xc09\x84~\xf6\xf2\x9d\xbf55u\
\xe5\xb7\x87js\xbf\xe8\xef\x7f\xf9\x91v\xba\x82z=\
\xd79\xa9Q6\xe8s\x91E\x07\xe3n\xe0\xd5\x99\xd3\
\xa7\xcf\x04\xec\x98\x09\x08\xcdn\x07K\x17\xf3\xd5`\xc6\
S\xb63\xef\xf5\x14 \xd5\xa6\xba\x16\xf0\x0a\xe4\x9a.\
\xa0&\xb9\xba\x03\x10\xf3/\x899P\xff\x8c\xf6\x5cc\
\xcd\xae6\xe9(\xe6\xd5\xa8\x83\xcf\x02d\x89\xb3\xe8\x03\
b!y\xaeh\x04&\xe2t\x81\x84?d\x08K\x0e\
#En\xfb\xcb\xa45\xc7\xb1\xf5\xc9\xa9\xb1\xd6Gw\
\x17\xdb\x16cdT?\xc4\xc0\xd2\xdf\xbf\xaa*\xb8\xba\
\xaa\x1c\x05\x0d\xd9\x00\xb6\x00\x1c)Q\xd7/|\xdc\xc4\
\x0c\xb5\xe6\xae\xefos\xff\xdf_\x83\xc7\xf6\xcf\xab\x98\
\xb5$luum\x02\x84i\x98'\xfb\xcb\xbbx0\
\x89\xee_H\x99\xb9z\x15#-\xa7\xa7?K\xd8A\
u\xfdb\xdb\xb2\xf3\xa7M\x10\x87MLvG>\x9c\
\x98\xaf&`\x96\x0bIj\xac\x0b\x92\xab_$\xe3\x05\
\xe9\xe5BY\x15\xc2\x1dL\x97\xb0\x8b1\xd6{q\x17\
\xb3\xd8\x15,\xb5\x91\xd7\x88{\xb1\xb2\x86\xc2`\x1f\xed\
}62=\xd2gy\x97\x1f.\x1e\xf2\x02\xe6\x1c*\
\x9a\x8a\xbb\x84\xc1s\xc3\xc4\x06`\x9eV\x0d\x9e\xa3\xf9\
\x17[\xe6A\x9e\x07Cw_?{\xf8v\xae\x92!\
#\x0a\xc9\x88,8\x0d\xcd;v\xfe\xaf\xb4\xdb\xb5\xfb\
\xdf\x9f_{\xfbG\x8c\x92\xff\xf2\xf6O\x03\xa1\xd65\
\x8a\x9d\xa83B\x07#\x8e\x91Y\xc4\xef~\xbc:\xf0\
4\x86\xd5\xb2\xa7\xcf|v\xe2\xc4\xd3\xd3\xed\x8a\x11\xbf\
\x98\xee\x96\x0d\x1b\xceC\x19cQ\xdbp\x02\xf4\x7fh\
\xccx\xbe%\xb4\xf2UMy\x0d\xe4r\x97T\xe8\xe0\
\xb9@\x1d2\x1ea\x1aAv\xa9\xda\x85\x84\xd7&;\
1\x97\x8f\x86\x88\x03n \xadF\x9c\x90\x83\xe9>>\
(\xee\x05\xd4\x0d\x93\x11^@Hv\x7f\xe5\xe6\xa3\xbb\
\x5cb#\x12Rc\xdb\x0e\xdd]\x5c]\x9c\x07/\xcd\
\xa0G\x8f\x8b\x15G\x8e \xd7\xf5\xe2\xb6\xcb\xb7\x97a\
j\xa22\xe7|\x1bR\xda/\x0c\xf9\x8b\x85r\xd5^\
xm\xe0\xdf\xfe\xa2.\xbe\xa5}%\xff\x9b\xd6\xff\xfc\
\x1a\xc7U\x05\xd7a\xc3\x03^)\xe4a\xc6\xc1\x94#\
\xe6\xbf\xd0s'\xe6W\xdd\xa0\x131\x9a:}\xe6\xe9\
g\xed\xc2\x0d\xce;N\xa7>\xefG\xbb\x1d\xf5\xe1\x90\
(C`\xd5\xe2\x1d\xe9\xcd\xf2\x8d$\xba\xc0\x9c\x0b\xf1\
V .V\x05\xe4\x8aB'\xe2\xf2\xd1@\xc6+\x16\
\x9d2\x0e#\x8bV\x08\x12sAV\xf3\xa9\xfd\x90\xc0\
c'\x8e%\xcf\xc1\xf4\xa0\xf8\xc8Y?\x5c|\x19y\
\xba\xb0?=L\xa6\x01\xf5\x94\x22c\xcc~p\xae\xdc\
L-U\x16\xb6#\x06w\x80\xde!\xa61\x9c\xdd\xb6\
\xef\xf6\x9d\x9b]\x90\xec\xca?T\x83\xbbpG+\xc3\
u\xe4\x9f\xe0\xd2\xf4\xf9\xcd\xc7\xd9\x9b\xe9\x82\x7f\x86/\
\x0e\xd4Q{\x80\xfe:@g\xf2;V\x84lG4\
\xfe\x9f\xc8\x9f\xfa\xee\xbb\x81W\x07\x22\xdeN\xa2\x80\xec\
\xcf\x9a\x87\x17\x979\xcet\xc38\x9b\xda?\x17\x13Y\
\xd4\x98\x13\xf9\x7f|Cjk7\x0d\xfc\x0a\xd2\x1a\xe8\
\xa5\x11G}\x8e&\xa9\x0e\xcd\xfe\x19\xcdx\xc1wa\
\xd0Q7\x8bF,5\xa0\x8b\x15\x85\xdc\xe2EY\xd7\
\x86<\xf2\x96OP\xd0\xacx\xa0^\xea\x95\x5c\xca\xff\
\xc1P\x07\xa8\x1f\xb5\xdf\xb9\xb3\xaer\x89\x9e\xde\x92\x98\
%1\x84\x1c\xf7\x1ad!\x91\xb3gW\xef\xbb\xbd\xe6\
x\x97Y]0g\x893W.\xdc\xf9K\xfd-\x5c\
tG\xc1\x06\x1a\xf8\x87\xffv\xaa\xb7\xfa\xf3k\x80\xf8\
\xea/@]\xc6\xe0\x84%\xff\x1d\xb2'\xe1\xac\xb1F\
\x05\x88\xfe61\xc7p*\xfe\xb2\x13\xdd\x92\xed\xc2-\
\xcb\xca\xa6\x9b\xd0\x84\x83\xdd\xfe\xf2\x99\x1f\xb6}\xaf\x16\
\xe7\xff\xa8\xe7\xfa7\x0a\xd7\x05\xf0\x82\xea\xf5k\x92\xf4\
\x02}l\x94\xaa\x5c\x81\x5c\xaau\xa2.\xbc7-!\
\xaf\x1eu%\x83\x1b\x03O\xf4\x098\xb6\xef\x93\xbbE\
\x0f\x11\xfd\xc5'h\xef\xde\xaf\xf7R\xc2\x97\xba\x96B\
\xc4'zx!\xab\xe2hJFM%\xee\x1c\x8d;\
\xca\xc6\xec8RQ\x81JHgDJ{\x97\xe3\xfb\
\x0a\x96\x1dW\xa6+u\xb9p\xe1\xb6\xf6\xe4\xe3\x8e?\
\x0e\xfcy\xe0s\xdf=\xc1\xfaP\xcdp\xb8\xa5\xbb9\
\xf8\xf2\x1dP\xff\xa0\x01\xea\xc8\x9f\x84\x88\xff'l8\
\x0c\xc8]\x9d\x06\x85\xce\xcb\x95\x98h\x98\xb8?\xcf\xbf\
\xccq:\x5c\xa0DL\x16\x116\xdc\xd7\xcc\x82\x04\xee\
\xa4\xb8h\xec\x03(\x18\xa7~\xdb\xf0Ut\x00\xc1{\
\xd9\x15h\xb9K\x82+4\x17\x94\xa7\x19?A\xe1\xba\
\xdaiW\xb3\x9d\x987\xa2;\x01\xa7\xddF\xcc\x85\xfd\
F\xd0\x85l\xf7\x01\xe8_\xee\xdd;/h\xd6\x0f\xdb\
\x0ey\x95r\xf6\x8dG\xf7Me\x95\xc5G7\xb7n\
\xad\x87\xdb\xfe\xc6\xecP '\xb3g\x1d?\xbez\xdf\
\xb25b\x15\xd3\xcd\xa1\xcd\xebi\x8e\x0b\xda\xf1\x8f\xdf\
]\xfd\xb1\xacX\xde\xbd\xb5\xa5\x17\xf87x\x9cn\xab\
\xbf\xc3\x88\xa3<\x1f\xf8\xd3\x9f\xb8\x86&J\x8f D\
\x83\xaa3\x22Ij\xe0i\xd2\x9c\xf2\xdd\xd5M\xc7?\
\xcf\xd6q%\xfb\x80\x88\xc3\xb1\xde+KF\x01X5\
\xc8\xea\xf5o\xd4\xfc'\xe8\x12`\xe5U@\xael\x14\
\x1e\xba\xc4\x19\xd2]\x8d\xff\x97\x9f\x91\xec\xf52^\x1d\
\x9a\x95w\x07\x104V\x16\xb2\x03\xc8~\xc0\x9e\xa0l\
\xc6\x81\x1a\xccQw\xfa\x9b\xf8\xf8\xa0\xb3?\x5cL\x86\
5\x97\x9d\x88T/\xa0\x0e\x1d\x05\xd1\xbed\xc7\x0e\xb2\
\x1c\xc5c\xe4\xd4\x95.Y\xab\x11\xbe_}|\x1bk\
DA\x9b[hC\xa6\xdb\x19\xa0\xbf\xad\xf7\xd3_\xfe\
\xdb\x95:\xfe\xa9?\x0f\xe4\xf0\xea\xcf\xbf|'\xb9\xce\
\xa0<4\xfd\xcf\xa2b,\x8c\xb8\x81\x03\xe1\x8f\xb3!\
_\xc6\x83</\x9b\xce\xb9K\x08\xbe\x1a\x22\xef\x156\
\x1c\xc1\xc5\x9f\x16\xd5E\x0f\x10\xdb\x09x\x13Mht\
v\x04m\xcc\xc9\xf4z\xb6\xd7\xc3\xcep\xbc\x06\xf5\x06\
\xb0K\x88\xd5\x02]\x03\xb9\x82x$>\x15\x04\xe1\xfe\
\xe5^\x9c5(~\xd6qznL\xf7`\x1e@\xd9\
\xe6\xf0<\xbd\xd6\xa4\xb9\xa2\xcd\xc9s(q\x80\x9e\xb9\
\xec\xf8\xb6.\x98{<D\xbb0\x98\x00\xff\xad\xb7\x91\
M\xf6\xdc\x07\x7fk\xd0\x15\xb4\xbb\xc5\x7f\xd1\xfa\xdf\x91\
\xf3\xf8Od7\xff\xe9'\xccK\xe6h\x8b\xc0\x1cF\
\x1cl\xb8\xb7\xafN\xbf\x0a\xb8\xa1\xd2\xfb%vw\x9b\
\x16\x5c\x8cx;\xf0f$N\xc8vB+\xe0\xd6,\
\xea\xdfcMl\xbd\x17u5\xf1\x91\xff\xac\x85\xb3\x9a\
\xf0\xf5\xafJ\xac\x86\x16\x1d\xd4\xbb /t;^\xb5\
\xc9\xae\xe1\xbc\x5c\xe1\xfez\x9e\x13t\xf4\xa5y_~\
\xb9%\xbe\xcb\x91m\xc9\x86`:\x9en\xd3\xf4\x1c\x83\
\xfd\x1dwT\x0a\x9aw\x11\x80\xabA\x07\xd3\x05\xcd?\
m\x5c=\xa6\xe3_\xfe4\xf0j\xf6\x07\xbfiKN\
\xd7\xa2C\x87\xae\x1d:th\xbe_\xf6\x87D\xff\x0e\
\xa8\xcb:\x14\x1cb\xfb'\x86S\x7f\x86\x1d\x87H\xdc\
\xc0D\x0cG\x0b\xf1\xee\xb6\xdf\xbf\xd8\xd1\x11\xe3j\xd9\
Hwv\x17\xf1v\xe8s\x89\xbaZ\xa8K\x80%\xf0\
\xf7\x83\x9c\xc7H\xd8\x81\xf9=Ml\xd2l\x97\x11:\
%V\xa3\x05;\xec\xf9F\xc8s\x83x(}\x83\xe2\
\x81D'\xe8_~\x19\x1f?!>\x0bQ\x1aLU\
\x06\xea\xd9\x1e^\xfb\xcbl\xc3\xf3z\x08?\xadK}\
\xf5\x98\x19](\xde\xcf]\xbf3\xa4\x89\x10\x5c\xbb\xf7\
\xa6_=\x0d\xef\xf5\xbd\x86u\xe2~;\xf4\xd6\xd5\xed\
0x\xc4\x88\xde\xbdUi#F\x0co`\x8d4\xf5\
\x1b\xdbq\xe62\x10~\x9b\x93\x980\x9a\x8e!\x16\x0c\
\xbdP\xbbg\x0f\xccf\xd0\x9a\xe2\xddm\x93\x7fq\x99\
\xed\xb3\xe8\x02\xa0:\xed\xf6#\xa7\xbe\x06\xe4\x84\x96\x02\
^\xeb\x01P\x1bo\x94\x9dAY\xaa\x95:1\xd7\xc0\
{\x0f\xfab\x03U\xbbz\x1c\x860*\x88\xd6\xbf\xa8\
\xa1\xe6+\x9fJ\xe3\xb1\xc0\x5c\x12]\xa2\x1e\x1f\xdfE\
xntA\x12\xdd\xbd\x10\x87\xf7\xaf\xaa\xa8\xe0\xf4\xb4\
\xb3\xc2?\x13t?\x0e\xd0Q\xc7\xee/\x0d\xe7\x1cw\
|\xe3\x05\xdc\xd2\xea\xa3?\xecq\xf5\x9d]\xb8g\xdd\
{x\xf3\xd6\x0bh\x9d;\xff\x96\xd4\xbbE\x07\x14\xac\
c=R\x94)T\x996\x0f{\x7f\xa0.,8\x91\
$\xfb\x1d\xb2\xe48\xadM\x89\xc4Q\x0bB\xc0o*\
\x0ew\xb4\x9d\x89\x98\x0c\xa6/q\x8c\xe5\xc8,\xfaj\
DW \xdc\x08x\xb1G(w\x81\xb4\xf2\xb6\x01\xf6\
\xd0\xe8\x0d1o\xb2\x03\x08\xd8\xa5\xd7\xde\xc0\x83\x93\xe8\
*XK[]\x8d8\xb59\x11\xd7\xc2\x1cT\x9f\xb7\
w\xde\xbcY?\x9cI\xf6\x12\x81D\x0f\xaf\x8f\xcbl\
\xab0U\xe9\xfaY\x98\xec\x1a\xd4\xb7mCJe\xee\
G\xda\xcc\xd0}\xe3\xad\x8f\x86\x0eu\xc63\xe3\x98M\
N\x8e\xcd\xca\x0c\xe7\xf2\xa1C\x87\xd6\xe1o\xe8;\x7f\
\xfd\xed\x8c\xae\x7f2|\x841\xeen&+\xdb\x00\xf6\
\xb4\x11\xcd\xcd\x82\xff3\xf2\xda\xe9\xb1_\x05\xea\x03\x81\
9\xde \x1b\x12\x0a\x9d\x86:\x88n\x92\x08\x9e\x9f'\
\xcfa\xb5\xe3\x06k\x8c\xb7\x9f\x12h\x0b\xb2\x0bLe\
\x17\x90\x8c\x97 \x8b\x8e 6`\xc1g\x83\xd6\x94p\
o\x8a\xefZ\xb0S\xb5\x13z\xf5\xe0\xab\x06\xe6\xfa\x15\
\xec\x13\x98K\xd9.\x85;\xcf\x8a\xdb\x0b|\xf9\xcd,\
xn@\x9d!\x06w\x8f\xa9a\xb6UU\x17o\x5c\
?wn\xf5j\xd46\x15\x9a\xfd\xec\xb9e\xcbn7\
\xac\x0e\xf2\xc6+G\x8f\xee>\x8a2\xc5h\x9bwo\
\x96k\xbb\x8e\xde8zc\xd7\xd1]\xbb\xaa\x7f#\x89\
\x91\xba\xa090\xef\xed\x12\xe8\xd4\xf3\xa0\x93\xbd\xf5 \
SH\xf9n\x0fV\xedm^$\xd0\x08\xc0]\xc5\x18\
\xbb\x98\xd8\x00\xef=\xfb*0\x87gK\x9eO\xf3G\
\xc8r\x22d;.\x18\xea\xbd\x0a\xcc\x05\xd3\x15\xe4%\
\xd6\xc2t\x03\xe0\xc4\x5c\xd9\x02\x9c\xb5{@=\xecj\
\x0f\xbdI~k\xc0\x97V\xbcZ\xc6\x8b(\x1dQ\x97\
\x8dP7\x94\xf8\xec\x0fh0\xfc@s|J}\x1e\
\xac\xec\x85\xe7\x164K\xe8u\x960\xf5@D6\xac\
GU\xd5\xf5\xcb\xb5\x97\x97\xad\xb9\xb5\xfa\x1c\xe5\xfc\xb9\
}wr3_op\xa9t\xfb\x02\xf2\xa3\xbbw\xed\
by\xea\xdd\xbb+\xf0\xd8\x0d\xc4\xd1\x00;v\xec~\
\xa3\xb1\xc1\xa7-&\x1e\xdbz\xd7\xde*\x94\xa0-\xa8\
\xdd\x85_\x84\xb2\xf9G\x9d\xac\x07\xa9L\x07\x0do\xe6\
\xb7u\xfb\x85\x93\xda\x10vg*,s\xa58\xec\xca\
h5f\xf8\x03\xf3p\x7f\xe4\xc3\xb1\x0b (\x83{\
\xea\xd1?'\xb8J\x93k\x1a\xc8\x05\xca\x12j\x81\xb8\
\xec\x02\xcaR\x81\x9d3\x17\xd5\x90<\xf8U\x8d\xfb\x04\
\x19\xa5\xa3\xd8\x16t\xafG^B-)N\xc0\xd5\xb2\
]\x839\x1c\x7f\xa9I\xe6u\xe9\xf2\xc3\xb6R\xf7~\
pG\x10U\x9e\x19VQU\xbd\xabvYf\xe6I\
p\xfd\xf8\xads\xfb\x96\x15\x14\xdcm8w\xbccO\
\x07\x07\x87\x05\x0b\xa22\xeb\x9c\x9c\x9d\xf1WW\xe7\xec\
T\x87W\x16*Fq\xe2\x94\x94\xf7ZRV\xf4\x11\
\x83\xdf\xa6k\xef\xde\xc6*\x97\x9e\xc4{\xf3\xe6\xcd\xb8\
5\xca\xee\x14\x974(\xf6n\x0f6:\xda|\x88\x91\
TT\x86\xe5\x00\x0b0\x7f\x1b\xd1\xd7\x99\xc0\x1c\x18'\
\xbb\xb9\xe9\x84\x17s\x8cEHz\xcec\xc1=\xb2\xd5\
x\xab_\xeb{\x80\xd2\x19D\x17\x90,\xd7\x16\xfc\x84\
\x9e[[,\xdc1\x02#B5\x94\xf2\xca\xb8+Q\
\xe7_$\x9fl\x0a\xde\x0a\xc5\xd9-\x82>\xdb[\x0f\
\xb9\xe8T\xe8b{Q\xb2\x9c\xd6\x1c$\xbc;\xfe5\
\x0f\xb7\x8f\xcb*\xaan\xa4\x0c]sp\x99\xd3\xc9\xda\
\x93'\x97e\xdad\x16\x14|\xf4\x866\xd5;\x04\x86\
\x86\x86F\x9bEo@\x09rT)D\xa9J.Y\
\xc4\x0eu\xc9\xed\x8b\xec\x9ds\xdf\xd4>\xfc\x11\xa3{\
\x9f\xd3w\xed\x9dd\xaaZ\x0f\x92#\xdfo3r\xb6\
-\xf3v\xef\xdeU\x03\xf5>\xe2\xfe3\xb0\xc5\xa9,\
\xfa`\xde*!\xc7d\x16T\x94\x1b\x98=\xf04\x07\
\xccKq\x07l`^\xc6|8t\x82R\xd8\xed\x15\
\xc0\x5c\x18\xee_K\xf3]\x8d;^\xd5 \x8bM\xca\
\x1b\xc2,v){\xe5{\xcd\x80\xaa6\xcd\x89\x93\x16\
VrU,\x15\xe0'\xa8]w\x05w\xc0\x0d\xf0\xb5\
\x1f\x02qX\xed\xf5\xa2]\xf9\x82o\xbe\xfc\x0c\x98\xef\
\x9d\x17\x0f\x09_\xeaU\xda/\x19\xb6\x0af7\xee\xae\
>Zm\x9fy7\xc9\xda\xc5\xda\xda:\xcd\xba\xa0 \
\xda\xcc~xWq?\x13^\x16\xdd\x0eI\x01FF\
F\xd1EE6i\x85%(P\xa5ix[b\xed\
\xe2b\x1f\xf5\xce\x93\xce}\xd7\xed\xda\x1b\xb7\xa68x\
\xa3\xa2\x07\x12<\x95VU\x85Q%\xcc\xcf\x1d\xd1\x8c\
\xeb\xf6\xf77i\xb0#!\x1e\xe9\xceo\x13s\xde,\
3\xbb\x9f\x1bd;\xa6z@\x9fC\xd2\x8b\xfb\xa5\x12\
s\xc2\x8d\xc5=\xa8\x0b\xb4%\xd75HK\xc4\xeb;\
\x04;\xc3\xd7H\x84\x14\x08\xdf\x83\xb16\xec\xcaN\x22\
\xce!W\xa5a\xc0\x9d\x92~4\xe8\x8e?\xd0\x1b\xa8\
k5\x88\x03q\xa0vo\x12\xeb\x9fy\x22\x1c\xfb%\
%<\xb9^J\xae\x9bl\xc2\x98[UMa\x1a\x0a\
?\xa9\xbcQ<8\xc9\xc8(\x09%\x84{i\xb4a\
Wc\x80\x1e\x1d]\x94fsL\xb4\xdcc\xb9\xe2\xb5\
\xe6\xd8\xb1\x8c\x8c\x92\x12\x17\x1b\x1b\x87'm\xc1w\xe8\
\xd5\xdb8\x09\xa2\xbd\x07@\xb7-\xfe\x89\xb34\x8a\xf3\
,\xabv\xef\xb2\xf7V\x0d\x1a~\x1f\xe1\xa0l\xd6}\
\x81q\x19(\xf4\x81?\xa1n\x18r_\x99\x0c\x07'\
\x1d\xc9\xa1e\xb6\xa7\xdd<\xb2\xdd\xfb1\x1f\x0e\xf7Q\
\xa4p\x97\xb0\xe3\x95\xe8\xab\xc1'\xce\xf76\xf8f\x9a\
n@\xc0\xf9T0\xd7\xe6\xa3\x16\xfc\x0a^\x9a-\x02\
u\xb9\x10x*\xea\xdd\xd3\x93X\x0b\xc45\xb0\xef\xdd\
\x0bi\xc0&\xba\x94\x1ax\xf1n\x02\x2240\xe7\xbe\
\x99u\xfc\xc8\x99\x1c\xdfR*/7\xb7Mz\x9b\xab\
\xaak\xd2\x5c\x0a\x92\x92\x8cp\xdbG\xde\xfd\xd1\xb8\xc8\
\xa5\xc0Em\xc2w5\x0a\x08\x080\x8a\xb6\xb69\xaa\
\xc7\x16#\x9eX`E\xafl\xf31\x9b\x0c\x97\x8cQ\
Ov\xde\xc3\x1b\xbdT*\x17\x87\xdd\xbb{ E\x1b\
\xc9_H\x05\xca\xf3\xc73\xaf\xaa:\xa5d\x90\xea\xd5\
f\xcaS\xa2\xf6\xd4\x8f\xdf\x0d\xe4\x0c\x88\x81\xd9WW\
\x02s\xa0\xee\x91=\x15S\xb8\xce\xd3nG \xae\xd4\
\x10v\xfb6B\x0e\xd0\x15\x96\x13q\x0d\xea\xf7\x22\xce\
-_\x7f\xc3c\x15\xe6\x8bC`\xc4\x09\xa2\xd7\x83\x0e\
X\x14\x8c\x95\x17\xf9\x16H\x8b\x95\xcf\xbe\x8c\xc7\x83\xab\
\xc4\x1e\x831\x9fM\x98\x104a\x02i\x0e\xbes\x81\
\xb6w\x82\xe4\xb8\xfc\x88\x1ap\xbe\xe2{>\xa3t\xff\
\x0c\xdf\x0a\x09\xbf\xed\x08cs\xcc\xaapC><\x12\
\xe2\xeb\x0a\xccB\x17\x85\x86n\x08\x8d6Z\x84W\xb3\
P\xb3^\xca\xc5\xeaj\xb4v\x8eQ@\xb4\xb5\xb3\x1e\
\x86b\x97p0\x96\xcb\xd6\x98\xa4\xccU=g\x9b\x1a\
\x9b\xa1\xa3\x9e\xa4\x80o3Xem\xedPY\x0c\xcc\
\xa1\xcc\x8b-\xc1\xf2\xbc<\x7f\xcb`\xff\xe0\xaa\xa3C\
!\xbe\x9a\xb33\xdfB\x9d\xb8\x1f\x7f\xfc\xe9\xfc\xc0\xc4\
\x89\x03E\xda+\xa8>-\xbc\xd8\xf6\xfct\x13\x8c\xa5\
\xa3\xf2\x9e!\xf3df\x81\xa7\xc4\x5c -\x91\x17\xb0\
?\x08\xf9o\x04\xd4\x5c\x08a\xa0\x18\xee\xe4c=\xc4\
\xdak\xdc.\x1f<@\xb3&\xd6\x09\xe1g\x9fM\x08\
\xe20\x9cO\x10\xa0\xa7\xb4\x87\xdd&\x9axQ\x7fF\
\xc2.\xbfD|&\x1e[\xf6\xee\x8dG^\xc5\x0f\x17\
s\x0c1\xfa\x02c\xced\xd3\xf9\xcd\xbb\x8f:\x17\x99\
E\x87F\xf3\xb9h\xd1\x22 o\x96\xa4\xc8\xc5\xae\x09\
k\xe7\xcc\x0f\x88Ns\xae\x0c\xbb\xb2\x04H\xa3-i\
\xcdI\x8ce|\xdf\xba\xf2\x10\x0a\x92\x1f\x1d\xf9`#\
\xf9\xc1\x12\xf6?\xdc\xdb\xb5\xb7\xb1\xf5P\xda\xec\x9c\x5c\
\x0d\xcc\x99\xbd\xcf\xb4}fqW\x17\x99\x9a\x0ej\xc6\
\x96\xc3,f\xccd\xfb\x13\x8a\x86\x0d\x9c\xced\xb8\xe9\
\x89\xd9\x1f@\x9f\x0b\x9e'&\xca9\x8a\xe09\xe1\x16\
M\x08w\x05{\x81\xbbBz\xb9\xae\xc1\x19\x1d\xe3k\
!\xe0\xa5d\xe7;\x5c{B'\xff\x046\x1al\x89\
\xbd\x02\xae\xb2&\x0e\xc3\xd1\xf1\x02Ve1\x01\xc2:\
\xc8\x07\x18\x07)\xe2\xbc~\xa7\xe8$<\xa9\x22\x1e\xe2\
E\xb7\xf9L\x1e\x871\xb7\xbd\xf1_v\xb9\xc98\xbc\
W6\x02\xf1\xf0M\x1c7W\x1duv)\x8a\x8e6\
\x12\x90\x07\x84\x1aE\x87Z\x8f\xb0\x10N\xee\xf0\x84\x80\
9\x01\x8b\x08z\x19\xe6\xa2\xb7\xc6\xe4t=Lh;\
\x8f\xb2\x14\x8e\xacK\xb0\xa4\xbc\xa4\xc6&\xb7\xb2\xef\x13\
C\xfd\x93^q\xd6\xce\xbbw\x1bl\xb65\xb04P\
0\x17\xa8\x03\xf4\xea\xea\xa1\xa8e\xd5\x8cVo\xd3\xf7\
\xed?a\xd6*r\xe1P\x14\x12\xc9\xce\xa7\xb3?\x08\
\xf1\xff\xe9<}5\x04\xdcK\x0d\x93\xcf\xfcps\xde\
\xd7\xb0\xe2\x14\xd4\x811\x9f\x12\xea\xc6\xa8k0\x97\xf4\
\xc6q\x82\xe4B\xa1c\x12\x93\x00\x16\xb0\xcb&\x91\x96\
X\xd7\xf3Z\xae\x89\xa5\x06R\x05Q\x1c\x8aZ\xf1\x82\
\xf3\xca.\xeeP\xaf\x8a\x83\xe4\xd9\xf8=\xf8\x93\x1df\
\xc2g\xd4*\x14\xf4>\xc8\xa5\xc1\x98\x9b\x07\xf4zw\
\xd7Me\x9b7\xef\x82\x84\xbf\x1bJ\x19\x8fghh\
{\xb3A]\x05\x05\x07S\xbc\x1bE\x97\x0c\xd5\xc3|\
\xf4\xd6\x9c\x93\x8e\x07g\xa6;\x1a\x9c\xc7\xeb\x92\xb2\x0c\
\x1b{\x9b\x14=\xa2\xae\xdbL(\xe4?\xa4t\x93\x1f\
o3\xdcXU\xb0kw\x0f`\x0e\xd9\xce4O\x12\
\x9dwPD\x09\xd5\x13\xd5\x0e.\xde\xa6\x83\x9a\xd1\xea\
/|\xf0\xf6\x07\xa79\xc2\x92}\x1aE!O\x9f\xfe\
 \x04v\xfbL\xc8vD\xe2<\xbcr\xe0\x9f\xcf\x22\
\xc5\x85B\xe7R<\x15z\xd7\xc3\xaf\xee\x06\x12v\x09\
\xb5\xd4\xebr]\xb1\xdc\x05\xdcD\x94M\xbeJ\x9c$\
L\xc0F<\xb1\x10-\x9e`\xc9U@\x08\x0d\x0f\x1d\
\x1e\xaf\x08u\xe5\x10\xf5\x0b\xcf\xa9>\x09?\xce\x8fj\
\x1a\xce\xb1\xf7\xb3\x09[8\xe6V\xea\xce\xac\x8a~\x98\
\xd3\x1a\x86\xbc\xb9\x83\x99\x1b\xda\xb7'\xe0\xa1X.\x8e\
VI\x86\x0c\x87!7\xdf\xa8\xa8\xa4<\x86\x10\xe3O\
\xdd\xc2\x0c,\x81~LLy\x89\xbdMF\xa5\x1eL\
x\xdd\xfa{R7\x09\xd0#\xd8\xa8\xdb\xa1wok\
\x18q\x90\xed\xa0\xb9\xc0\x1c\xa2\x1d\x85\xedP,'$\
\x04\xa8;\xa7y7sS\x1a\xdd\xfen\xd3\x11t\xe5\
3\xfb\xf4\xcc\xe9\xa7?\x08\x86l\x7f\xd6-\xd1\x0dS\
\x91\x91\x1b%\xfc\xf3\xef\x85`\x97\x0b\x0d\xe6j\xf4\xf1\
\xca\x07{\x83xh\xb3\x9d[E\xa3p\x17\xb0hp\
\x10+p\xa3\x95\x0d\x1a\x880$\xcau\xf6\x08\xa9\x0a\
\x94\x03\xc5\xf6\xbd>{a\x97\x89\x87<D\xf31\xcd\
\xb1b\x8b\xf8\xb4`:\xde\xaa\x8f\x09\x8a\x8f\xcfb\xde\
\x1cri\x90*\xe0a\xb8\xbfls\xd5.\xa7\xcc\x0d\
\xc4\x9b\xc0\xb7o\x1f\xad\x92\x16\xd0p0= :\xda\
\xba\x1cR\x9dJ]6\x92\xfd|\xb8-\x08\xdf\xda\x11\
w\x9b(\xa9k\xad\xd7\xb7c\xc7\x17\x1f{\xced\x9b\
\xc1\xd6*g\x8c\x0c\xa0t\x02,8\xa9\xce\x01\xb9h\
(kX^\xde\x13\xf7\x0c\xba\xb7tV\x83\xee\xd7\x1f\
uyNC\xd1\x81\xeaHw\xd6\x0f\x09\x81\x0d\xc7\x5c\
g\x8fl/\xdap\xdbN\xcd\x13\x90\xd6\xe3N\x80\xeb\
\x9b\x84[\xe0-\x04\xbf\x82\xb2\x1az\x05u\xceP\x95\
\xe2Vp\x5cY\x10Z\xd9\xd4k\xd4\xc8Z8ix\
.\x98\xfb\xe5\x04\xc4\xd6\xe3\x95^\xc2]\xf5\xeb\xdc\xc8\
3\xc9\xf3\xa0\xdb\xc8\xae\xc3\xad\x9a\xe3\xbf\xf4\x89\x9f'\
bs\x86\xf4\xdb\x92\xdd\x907\x87\x08\xfb\xd0@\x89z\
{\x82\x1e\xd7\x8b\xd2Zwp:@\x87xW3]\
\x8f\xa8\x0b\x11\x1f\xe6\x1fN\xec[\x97\xc3\x80\xb7\xd9\x0c\
\xd4u_|\xec#\xed]U\xd6.)$:\xa3p\
\x90\xed\x82\xe5\x12rs\xb4\x8d\x1b\xab3\xd2\x10\x82o\
\x00r\xe37\x16}\xb2O?\x8biK\xe8\xfen\x89\
\x90\xed\xb4\xdb\xc5\x0d\xd6\xc8s`~J\x9b\xe7j\xb0\
\x15V\x8b\xee\xa0\xc0\xae\x16\xfc\xf7\xd0\x1d\xf8\x0b\xe1\x0e\
\x88\x08\x0a\xb1\xc2\xaax\x02\x1d\xf9\x16\x92[\xd9\x84\x83\
\xb0\xda\xa8a\xd3\x97\xd8\x14\x84\xe5\x04~\x12M\xe0K\
l\x95\xb7\xd8\x8f5\xbe\xe5\xb1\xe2\x0f\x9b\xd4M\xf4$\
\x8e\xbf`\xcc\x0dQ\x1a\xa0\x9e\x98lb\xb8\xa9\xec\xa7\
\xa3)C\xd7C\xc2\x8b\xb68:N\x06\xb3z\x19\xcd\
\x993?\x1a\xa0\xeb\x01a\x0d\xd3Eq\x82\x9fB\xfc\
\x89\x7f\xe5\xcb\x195%\xb9z\xad\xf5F\xfd\xe5/\x8d\
/\xe8#~o\xd1\xab\xb7\xf5\xc1\xddGa\xb9\xa3\x90\
\x06x\x0e]^\x8f8*d\xa1:\xb6\xb3j\xd0\xa0\
\x11\x0fv)\xfb\x0f\x9c\xf6;\x11\x94A\x1c.8\x1c\
u&\xbc\x981\xe1\xe1\xce|\xb8m\xd0\xe7\xdf\x00\xe9\
yj\xb4\xf9*\x11W\xb6\xd4\x0bv\xf5\x0e\x89\xba<\
\xaa^\xb8\xc3r\x97\xb8\x88W\xac\xf2U\xf3R\xbf\x12\
/\xf7(h\xe1\x9dh\xb2s\xa8\x01\x17\xf0r\xbb\xb2\
\x1b/\xca\xc7\xbe\xe4\xa75\x7fr;\x96\xa2![\x12\
\x99\xd1\xf0\xdc\xce\xc2s\xa3\xc1\xe2\xe16\xb0lsq\
\xca\xd0(\xd4\xb0'\xea\x8bC%\xe8\xba\xc3\x03\xbe\x80\
\xcbfVR^\xc6\x1a\x14\xf5\x0d\xef\xce\x87\x9b\x9f\xa7\
\x80\xcf/\xa9q)\xac\xd6\xd3s\x9c\xf9\xe6#\x06\xb9\
\xf1\xe9\xe1\xae\x150\xe2\xae`N\xf3\x0d\xa0\x83\xe2v\
\xe6\xa8\x9adg\xb7\xd1\xae\xbc\x1c\xf7\x11Wl\xd2\xc6\
\x9fV\xde\xeb\xea\xbe8s \x0c\xb8\xd3\x89\x89S\xc1\
s\xd4\x16A\xe0\x15TG\x1c\xee\x08x\xae\x8d\xb6f\
][\xc2\x13c\xd1\xf0\x22\xd7\xb0E>)\xea\xc5.\
zk\x02\x01\x81\xb3\x06\x17\x05\x1e\x01\x89\xc0\x0a\xc7\xc8\
#$Lr\x19/\x8e\xc7:\xfc/\xc4f\xd4\xc1\x18\
5\xe2\xeaCy\x024\xbc\x88S\xc9U\xb1I\xbd@\
\xac\x16\xfe:\xf3\xe1\xf9\x0f\x22\x0a\xe1\xe66\xb3l\xf3\
\xee\xaa\x83Q\x1b\xae\xb5\x07\xec\x8b\xcd\xe2\xe2h\xf5\xea\
\xf6JX;\x19:\xbd$\xbf\x8c\xf5\xa5\xe0\xb2\xa9\xad\
w\xb8\xea\xfev\xfe\xf0\xde\xae8\xdadd\x96\x94T\
\xea\xbd?\xf3\xcd\xc7\xeb\xb9\xe9\x0e66v\x12.\xba\
 \xba\x84\x9c\x98\x03o\xd9p\xc3\xd9\x1a\xd3A\xb1\xc3\
\xff~\x1f\xc0\xe5f\xdd\xbf\xfcq &$\xc3WC\
=\x99\x89&\xd0\xee\x1e\xc9\xfdX\x07r\x1b!\x9f'\
\x1e\x12\xd7\xfb-5\xc0\xab\xa5\x007\xa8\x1f\x90\x15\xc2\
i\x92V7p\xbd\xf7\xa9l\x12\xe8\xc8\xbd\x12\xa8\xbd\
\xc0x\x02\xc1\x8eG0\x0e+\x5c\x9f\xc0\x98L\xbd\x05\
\xaf6\xeb\x9a:\xab\x1am\x1e\x8f\x07\x9fAA3\xa0\
\xd7\xcf&c\xf4\x85#\xad\xc8\x91\xad8\x8a\xbb|F\
\xf9\xf9]\xbb\x06\xa6\xab\x04\xe8\x83\xe7\xcf\x87N/\xb0\
9\x8c\xcab\xe491'\xf0\xac7t\xde\xce\x0eT\
\xbf\xa2Wnco_\xf2G\xbd\xb0\x95}\x1e|q\
\x1fx\xe5\xff\x8d\x9d\x9f\x22\xe6\x9e\x02\xd0Q8\x05F\
\x1c\x8dv\xd2\x9c\x14\xd74\x9d\xf2\x1a\xdc0\xa8\xa4\xe1\
pq\xa3\xaf\xd2m\xf5\xe7\xbfm\x1a8p\xfa\x07(\
\xa7\x05\xbb\x1dU\xa4\x903a\xf8r\xc5\x0f7a\xc3\
\x01t\xa2.\x81o \xe4\xeb;@=\xd3\x95m\x82\
\xf3\xda\x98C\x9bj \xafGB\xb3\x06\x9cES\xbf\
* \x01(\xd0z\x82\xfc,Wd\xa8E\xa0.a\
\xc4\x12\x8d\x1b\xea{\x81<\x15\x96<\x9b\x00\xbb~\xe7\
\x84\x09\x18\x7f\x89\xe7\xe8\x0b\xc6\xdc\xa0\xd8\xb3=L>\
\xae\xdc|\xa3\xda\xe1\xa0\xd3\x02\xdc\xc5\x15\xe2]2=\
=`>\x0c9\x9b|\x09\xba\xc0\x9c\xb8\xa3\xea\xd8\x95\
0\xf3\x0f\xc2Qn\xeaJ\xe5!\x97L\x1bh\xfd\x99\
\xef}\xd2\xe8z>\xd2\xb7\x08\xc0\x1a\x07b\x9c\x05V\
\x1c1\x17\xfa\x5c\xcdr}u\xcbw.\xc1\xed\x82\x86\
>\xb8<\xb5\xee\xa7\x03\xff8\x11q8\xc4d\x0c\x11\
\xa4\xe4\x5cd\x8c\xa5nCPF\xe1\xb9D[\x8d}\
=\xdc\xf7\xaeI\xa8\x159\xcf\xdd\xe8\x00\xb0\xaa)Y\
\x81\x0dP\x93d\xe5\x92O\x00\xa3F\x92`Qi\x0b\
.\xcb\x8d\xe2h\xa0\x8d\x078/>\xad|\xb0\x1ec\
\x05v\xe0\xcb\xcf\x10h\xbc\xca\xa7\xd8\xc2\xd3*\x8db\
c\x82\xe7\x04\x89:\xb8\x9e\xcd\xe4?\xc3\xfd\x95\x15\xb8\
\x1bP\xcf\x83\x07\x17,h\xaf\x12\x86\x9cn/\xa3\x80\
\xb5\xe9Ff6\x87Q\x0c]ht\x86`%\xe8a\
a\x96\xfbg\xea\x03v=\xf8\xea\xf6%5\x15\x9b\x1e\
\xef<\xb77\x10\x8c\xebYA\xcb]Ct\x05s \
\xae#\x1e\xfa:\xf9u6\xde\xde\x83\x9c\x1e\x8c\xba\xa6\
\x9al\x95\x00\x00 \x00IDAT\xae\xee[\x1f\xd8\
\xfdI\xf8jb\x22\x8b\xb4\xdbon\xd1@\x0e\xb2\x0b\
\xbe\x0b\x905]\x81\x12\xa0\xc9&\xa9O\xfc\xd9D\x0c\
t/\xc2\xe5\x80N\x03\x96 1\xdf\x0b|\xa8\xa7%\
\x9c<@\x1cDa\x0cy\x8e\xbeB-.\x8f\xe21\
\xe20q\x90d1>\x88\xe3\xc5\x11\xca\x9a\xdc\x8e\xad\
\xdc\xae>H\x1c\xc1\x8fs\xe6T\xfc\x0c\xe4\xc3\xe7\x18\
\x22\x07\x0c\xa83G\xb6\xaa\x1aws\xaeuX\x1f\xd7\
\xcb\x02<\xb5@D\x0e\xa3lf6u\xd0\xe9`8\
I.\xc4;\x84\xfb\xf9+?\xcd\x9c9S\x1f+\x95\
\xf0\xd5\xad3v?\xfbx\x99\x0e3\xce\xfehe\x0f\
\xc4\xe2\xb4\x85\xbb\x9d\x1d!W\x9a\xbe\xce\x1f\xeb2\xbc\
\xbdckR\xfe\xf8\x97\x07N\xad\xef\xfc\xda\x9f0\x19\
\x19q8\x8a</\xe6\xb7o\xbby\x8a\x98\x03l\x8d\
l\x17h\x8b\xb7\x5cHD\x9b\xc0\x9d;\xd4\x80\xf3\xc0\
x\x0c\x8dL@P\x05,\x94 \x0b\xf4\x81\x06\x00\x05\
X\x14\x02\x82\x9b@\x92\xdd\x02\xc8\xc8-\xc4\x9b\xb0\xe3\
\xa0xe36\x10v\x09\xb1@\x1e\xc7R\x0a\xc8\xe3\
\xc49\xc5)\xe5I\xf8\x0d\xec\x09\xf8\x14\x1b\xd6\xf9\x98\
\x10\xef9#\xab\x0b\xab\x11aj^b?w\xaf\x99\
\x95\x8e\xe0\xfa\xae]\xbb\xd6\x9b\x0e\xb7`h\x15L\x87\
N\x0f\xb5\xce\xafD)9\xc1re\x01\xbb\xee'\xbb\
\x0f\xec&\xda\x01\xf4\xb2\xa16\x99.\xf6\xd5\x7fx\xac\
~:\xcd8\xd4\xc6B\xe9y5\xe6\x92\xe7\x12\xf3\xfd\
::\xb8\xd1\x88\x8e\xce\xa6\xfc\x0c\x04\xe5\x5cR\xf2\xf5\
_{\xc0\xccK\xdd\xcev\xe6\xac\x09H\x9e\xf7C\xde\
+\xfcs\xc8\xf6o\x14\x82\x93\xe4\x82\xe9\x02u\xd9\x0b\
$\xf6\xf30\xf3\x01\x89sx\xd3D\xfb\xc7\xf7\xff\xf8\
\xfe\xeb\xef\xbf\xfe\x86\xa8\x02p!\xb8\x05\xaa\x84n\x1e\
t\xeb\xbc/\xd9\x0d@\xbexl V\x12\x9b/\xbf\
\xe4N\xea\x04t\x15\xa0\xf6\x19w\x7f\xf6%\x01S\x0e\
\x98\xf0%\x8e\xe5\x03O:\xe6<\x16\xd0\xc3\xebW\x04\
<\xe2\xed\xdf\xc4\x7f9\xefK|\x13=t\xe5\xec<\
\x17N\xb4\xd7\xc7\xd3g\x06\xe6\xaf33\x9a\xd9`\xee\
\xee3\xc3l\x89zJ\x94J\xe6Q\x10\xf4\xf9\xe9\xd1\
.uzW\x14\xd0e\xa5P\xf2>\xc4?,x\x9a\
\x01\xa5\xbd\xa3\x0dn\xee\xec\xfc\xfacU\xe9o`x\
m\x97\xe2\xae\x09\x85\xae\xc6\x5c\xc0=m\xff\xb4\xfd\x1f\
O\x9b\xa6\xf3\xc7K\xc7\x90 \x92\x96Rm\xae\xafs\
\xff\xa9\x97\x7f\xff\xc8\x0e\xbe\x1a#U\x18Xc\xce\x04\
\xecv\x92\x1c\x7f\x12h\x81\xbb\x90\xf6_\x7f\xdde\xdf\
\x85\x0bx^\xc0\x9eY\x17n\xa3]\xe8\xc2\x8e\xa0\xd5\
\xf8v\xd6\xf2;\xdcw\xfb\xce\x85\xe5>Ld\x80T\
U\xae>\x86E\x97r\xdf!\xec\x5c\xea\x83\xee \xd8\
+_ }\x97_\xc8\x95\xfb.Db\xf8\x14\xbd\x04\
\x8aA\xd25\xe8\xc2\x855x\x5cX.\x04\x06;\x81\
\xe7^\xfe\x10l^\x8a\x0e2a\xa9X\xbd\xb0\x0f\x9d\
\x0c_\xce\xd3/\xe7p;\x99N\xb8)\x22\xd8\xcd\x82\
\x98\x87\x11\xefCk\xce\xb0\x941)\xe6\xcdm\xc6\xf0\
\x94\xc3\xfa\xdeb\xc0\x05\x11\xb9\x80\xb5s\xd2\x17\x99\x95\
TW\xe2f\x17Z\x0f\x14\x0c6(+\xab\xaaB\x11\
\xf8\xb2\xca\xcd\x19\xf6.6\xb9\x7fk&7\xe9W5\
\xeb\x90$\xa5\xaa\xa1\xe9\xce\xb0L=\xe8\x14\xed\xfbu\
\xa6\xc9\x06\xe0u\x8e\xe5\x96\x08\xd0;\x85\x98\xeb\x7ft\
\x9f[\x00[\xbc\xf2\x81#m8^\x00\xf2\xfc\xc8\xb6\
-j\xc8\x15\x86\xab_\xc8\xf8\x0b\xc8\x1f\xc7\xa3\xb4\xcb\
\xd7\x17\xe0\xef\xbay\xb9\xbb\x95\xde\xde\xd2\x10\xf6\x7ft\
\xb9]\xea\xee\xe6\xee\x86r\x9d&^\xee9w|\x82\
<9\x0c\x0e\xde\x02\x83\xa0\x5c|\xcc\xdd\xcb\xc4\xcb\x0b\
/\xc9\xb7\x97Sv\x032\x0c\x96c\xe7\x85C\xee^\
Js/\xbd}\x01\x9f@\xce\x04wybo\x0e>\
\x82\x9d\xb7At!\xf6'\xec\x8d,\x15\x07\x1b\xde\x01\
\xd0A\x87\xe4\x07\x0f\x05\x05\xe5\xba\xe3\xech\xee\x87\x96\
\x03k\xd1\xd0u\x84\xf4g'\xf2\x84\x11?\xa1\xcb,\
Hx/\xe6\xfab\xfe:\xea\xc3\x9f\xa8.\xcfT\xb2\
\xcbh\xc8!\xf8nfVRb\x83\xbbyg\xf0\x91\
\xf12\x176\x85\xc8\x97\xca\xc1\x0d\xbe\xb1\xa9\xc4\xc5\x19\
7{\xcex\x9c\xe2\xddb\xb0\x1cG\x17\xc3\xa9\xb4\xdc\
\x85w\x0e\xcc?\x00\xc1\xd9\xa6\x8a\xe5\xa6c\xc7\x00\xba\
\xb7\xc3\xd1p\xa0n\xf7\xda\xa7M\x05\xe7,\xde\xd2A\
\xae31G\xc8\x829\x90\x88\xb7\xcb&\xb8-\x08\xaf\
^\x83\x8e\xbe\xe0\xe5\xc6\xe6\xd5\xe5\x8eWw\xb9\xe6\xee\
\x95\xdc\x05\xe4\x06\xf0\x12\xfbyw\x80'v\xf1\x0fK\
/\xc3\x1c\xb2\x0f\x85`\xe3\xe3=\x83.\xa0v\xb4;\
N\x81\xeeB\xd8\xbd\xdc\xef\xf8\x00B\xa1\x96'D\xde\
6\xc4>\xecEO\x12\x00\xdf\x8e\xe4\xf8\xb9@m\xaf\
\xe7\x978-\xcfW*?\xc0\xcf\x5c\xf0\xf2\xc2\x89\xdc\
\xdd#\x11\xb5\x09z\x99g\xf5r;\xe4s\x9b\xe7\xc5\
\x1b\x9c\xa9\xf4\x02\xc4\x01\x98N\xc6\xb3\xab\xb0a\x0d\x1d\
0>\x92z\x9dQ\x89\xecDCW\x8c\xb9U\x97\xd7\
I\xd0\x85N\x9f3\x07\xf6\xbb\x99\x99}\x81\x0b3`\
\x1b\xb4\x82\x02{<\xd9R\xaa\x9dm\xde\xbb\x0f\x93~\
U\x8a+'\xfb\xc4E\xe5\xb2\xabbs\xf1\xe6z\xa2\
\xd3\x86\xfb@g\xbf@|\xaa\xd26mr\x86\xf9\x1e\
[\xbe\xbb\xd8\xd2\xbfSx\x93d\xef\xf8\xa2\x8e\x98\xc7\
\xe2\xe1\x06\x06\xd2?Wc.\xa5\xbb\x80_-\xec\x05\
\xd3\x09\x18\xc1\x92\x90\x0b\x88\xbcrfP\xbc\x0b\xcc\xe7\
\x9d\xc2E\x17p\xbb\x01=\xac\x10\xc7;\xe0\xb3\x8f\x0f\
\xd4\xee\x1dp\x13\x9b\xe4~B\xe8\xe5u\xc8\x07@\x00\
\x9b\xbd\xcbK\x09\xb6\xb2\x8b\xa7\xf0r/\xbd@8%\
^A\x91\x10\x1f\xf8\x84\xe1\x05\xbe\xa7\x5c\x88\xbf-:\
\x96\xd7\xedxh\x02\x9fC\xe2\xa3&\x87rM\xd8\xa9\
\xc4\x97\xe0\x04\xcb\x09\xb3\xe8S\x10\xf2\x82\xec\x02\xf5 \
\xcfx1\x0bB\x8c\xb9\xb9{ \x0e\x0f\xd4\xc5\x9c\x07\
]\xdd\xe1IP\xeas\x02\x12\x98\x1d\x19]\xe4R\xa4\
iIE\x05\xf5\xef\xec]\x9cS\x86\xd6\x1d+y\x8c\
\xe9\xd0\x9f&\xa92\x11u\xdf\x0c0\x11\x97Q\x13\x1d\
\xb2]b\x0e\xbfb\xe6\xcc\xa9Sg\x0a\xd0\xd3b\x87\
Vn\xb6\xed\x01-\xd0\xc9\xfc\xe3\xb7\x1a[\x1e/\xea\
\x949\xfe\x8ew\xb2\xa3>'\xe6\xdb\x14\x9eS\xa6\xa3\
\x91\xe4b\xa1\xac\x5cP`\x81\x95\xafA\x0f2W \
.\xc8N\xcc\x05]\x89\x10\xb9\x87\x87\xd7\x1a\xe8t\x88\
xR\x13\xccT\x16b\x9f\x9b\xd7m\x01\xea\xdeH\xf8\
O\xe2#\xfc\x18N-\x0e-\x85j\x10\xf4\x9c\x80L\
)\xc0\xcas\xdd\x0e\x02{\xd9\x22y\x02|\xc5\x05j\
l\x8aw~\x8c\x1a\x80\x9f\x17\xcd\xcb\x1d'\x17\x14\x97\
\xdf\xc1\xde\x825\x92\xddg\x0bQ/ed\x02\x01H\
w\x8c\xb9U\x0f\x15\xd7F\xf7u\xfb\x0d\xed\xa3\xa3\x03\
\xcd\x02\x03\xc1\xf5\xf5\x99\x1b6\x98m@+\xd8\xb0!\
\xd3l\xc3znfC\x12\xbc\xf3\xb1\x0cg\xe7\x8c\xf7\
\x1e|C\xed_\x91\xf1\xba]\x93\xac\xa3\xa8\xd2\xb5A\
\x17\x0a\x1d\x82}\xaa\x80\x5c\xe2~\xec\x98\x8d\xb7)*\
\xec\x949:\x0a\xf5\xdf\xc9\xfc\xb5\xb7,\xb4~H\x9b\
O_\x83l7\x81\x96N\xc6\x18\x0b1\xbf9O-\
\xdd%\xe4\x02w\xae*\xe0_\x90\x97S\x5cW\x5cp\
\xc2\x00\x94J\x15k\x8e:_\xf6\x05\xbc\x08\xc8\x09\x8b\
\xd7\xa1H\x5c\xed \x9f\xe5\xa5D\x05'P>\x865\
\x85\xcd\xf0\x9fo\x134\xe2\xc6\x8e\x22\x1a\x00\xcc\x85J\
'j\xd0\xea{?\xbb#8\xec^\x1a\x09\xb5L3\
\x0e\xef\xf1\x01\xc8{\x1c\x80.!>\x8a\x13\xca\x1f \
\xbf\xc7\xcbk\x1f#2\x1a\xdc\x85\xa4\xc7\x19\xa1hP\
\xb5\x00cn\xa5\x1cs+-u7\x9c\x0a\xd4E\xe8\
R\xf7\x15\x87\x94\x14\xa7\xc0\x14u\xab\xc5[\x07.D\
\xc3\xe4\x17\x07\xce\x80\xc1{$D\xd7\x94;\x1c\xeb\xd5\
Y\xebz>\xcaU\xdd\xc1\xd6H{\xe6P\x0b\x0b]\
\x06\x0b\x8dN\xcc\xa9\xcc\x899\x0b=N\x9c\xb9r\xe6\
\xd4\x995\x10\xef;\x9d+c\xf4\xc2\x1c\x1d\x91E\x97\
\x07\xdd\xfe\xda\x0b\x1a\xd8u?\xd5?\xef\x88\xb9K\x9c\
\x98\xaa\x8e\xc9\xcc\xdb+\x18.pV/\x04\xcb%\xea\
\x17\x04\x22\x00\x08\x17\x1cO\xbc\x13W\xfe\x0e\x0f!\xdd\
_\xa6u\x87m\x1a\xe8\xb0\x9a\x13IkmB|\xae\
@\x02\xe0\xf0c\x04\x1c\xefK\xf7!`\x07T\x96\x12\
,<\x05\xf0\x92\xac\xc0\x1cf?q\x9a\x00\x9b\x1b\x89\
\xb0\x94\xef\x82\xd9Dq\xf4\xde\xdb&\xfc\x00%\x05Z\
\x10\xec<~\x9aM\xfc(\xf9\xdbL\xe4^\x1e\x81\xc6\
#\xf9e\xd0\xe9\xf0'\x82\x221\xfa\x92\x83J\xe1\x98\
\xa1\x89\xcch\xc7\x8aWh\xf3\xe8\xfeu\xd7\x8d]\x07\
\x91\xa7\x80\x06\xef]i\x98\xc5\xb6\x8b\xd3\x175\xed\xe8\
\xee\x94\xba\x0c\x1c\xb5+\xe3\xa3\xc7T\x17\xbcc/U\
QJ\xe5f\x83\x1eZ\xd2]\x82N\xcc\x05\xe4b\xb1\
r\xe51\x9b4\xd3\x9d5\xa8\xbb\x81d\xce\xf3d{\
\x9e\x7f\xa7\x10\xf5\xad\xa5>yQ\xdf\xd1\xf1w\xb4f\
 \xda\x15\x1bn\xd6\xbcy[h\xbdk\x9a\xba\x0b(\
\xaf\x17\xe4u\xc5%\x1d\xb2\xfc\xfaRE\x7f\xc3\xd1\x13\
]\x02v\x9e\x89d\xab\x97W\xe9\xed;wr\x0fy\
\x81\x9d\x87|\xf6\x82X\xd0\xea\x98,\x83\xbe\xc0\xaer\
(\xf7\xce\x9d\xdb\xa50\xefK/H \xe2o\x03)\
\x82\xe5\xe5\x95\x83\x0f\xdeN\x06\x8b\x0d\xef\xf8x~\xe6\
I\xaa\xcb\xf6%:\x0d\x05\xfamHsp[\xeax\
7\xaf\xa54\x08<\xc9t\xd1' \xffs\xef\xe4\xf2\
\xdch\xc8\x0d\xc0\x97\xf3\xe3\xa2g\xa8_\xf0c`\x12\
\xa8\xe3\xf00f0\xd0\x8a8\xfc\xfb/\x00\xf4\x8eC\
\x1d\x1cv9\xd5\x00\xe2\xf2\x0c\xdc\x7f;\xcd\xba\xa6g\
\x0a\x88M\xaaK\x86\xcbw|\xef\x5cP\x9b\x92\x12e\
6\xb4\xe7[\x8fC\xc6\xbf\xe1b\x8a\xdc8[b\x8e\
\xc4W\xa8t\x8c\xb1\x08\xa2\xc3\x80\x03\xe6\xd3\x9fEj\
+\xda\xca\x89\x13kl\xd2\xbcc3*YI+\x86\
\xb03\x9bN\xc0\xdeY\xb7\xe3\x0b\x1f\xedwt\x5c\x09\
\xcc1\x95E\x89\xb7\x03r\xb4\x86\xa8k\xc3\xff\xf5\xa9\
\x0b@\x06\xf0\xb8\x97^\xa7\xe5v\xea\x8e\x00\xd9\xcb\xad\
\xfb,\xa9\xfao\x93\xff\xf8s\xcf\x9d\xf5M<\xaa\xbf\
,\xbf\xed~H\x88h\x5c\xf9\x0b\x86\xdc\x85O\x1fZ\
N\xb5\x1a\xefs\xc7\xbdt\xe9\x97\xb0\xd3\xd0\xc8b\xb1\
\xb7\xf4\x0e\xc7a\xbf\x8c\xbf\x90\xe3u'\x08\xbe\x9e\x82\
\x17\xe38AKq\x04\x8e*\x0d\x12Q]i x\
\x1d\x12\xd4\xa5\xc6\x17\xbf\x0c\xdd\x88\xe1\x1a\x1f!Up\
|\xe9r\xa1\xce\xe5i>\x13\xf8\xd3\x0aD\x06\xf5\x84\
\xa0,O\x8c\xbe\x9c\x85\x84O\x86\x8c\xc7\xe8\x8b\xdeH\
P\xfd\x8d\xa8)\x8b\xa7\x98\xd9\xef\xae\x8c\xa9\xac+)\
\xe1D\x18S\xb3)\x8b\x17\xfb\x89\xe7\x94)S\xae\xe1\
\xb1\x18\x0dGM)*\xc2\x86\x22\xa3\xc0\xd0\xa2\xc1\x1a\
\xe9\x89~\xf3H\x9a\xee\xa7\xbdU\x81G7\xf7`M\
[i\xc6mD$\x8e7\xfb\x9d9m\xe2\xf4\x99\xd3\
Y\xc3\x17\x99\xad\xf8\x9b\x98A\xeb=\xa32&\x06\xb9\
\xdb\x90\xf1\xc8\xe4E\xae\xb4e^\xa7\xe0w^yE\
\xe7\xe3\xf3\xc2W\xe3\x18\x8b/\xfdsi\xc3m\x01\xe6\
\x0d\xb8\xaeA\x9d+\x17\x88\x8d\x9b\x97I.\xa9\x8dv\
H`\xe5\xeeu]\x88\xf7y9\xd8\x89\xe6~\x07\x03\
-\x80\x06\x04\xdf\x07}\xce\xe69Ahmt\x080\
\x9fXb\xdf\xf2\xa5bm\xc2\x84/E_\x82\x1cp\
_\x1a/L7\xcf\xbd>\x17|p\x88\xf8(\x8e\xe5\
\xeb\xde\xa0\x1c\xf1\xdd^k\xf6R\xc5C6\x90\xf8w\
H_2]\xe8\x0ew\xaf\x0b\x84\x14_,\xady/\
w\x08\x02\xca\x05\xe1\xf9)\x16 ~\x10l?OO\
\xcf\xac\xf8.\xa8A\xe5\x8e\x1b<\xe1\xbe/\x9c\xf14\
\xd2\xc2\xe2S\x17&\xc3\xbb@\x90:B\xc4;88\
%\x99\x1a#O\x1a\x96|4\x16\x8b\xf8P\xb7\xd0$\
\x95Q\xe8\xa2\x84\x84\x80h#\xa3\xc1L\xb5z\x94M\
\xb7\xab1\xed8\x19\x99\x91D\x87p\x9f\xa6\xb3\x7f\xea\
D$7rvR\x0e\xfe\x00\xfa\xc4\x95\xd0\xe9\xa6m\
\x91\xba\xa9\x17\x83\xac}\xd0]\x0f7\x98\x13t\xb7\x0c\
\xd1\xd7\xb7\x85\xdd\x8e\x94`w\x11\x87\xc3\xb8\x9a0\xe1\
\x889Z\xd3\xb0+L\x87\x10\xbe \x99\xfd\xb5d\xbe\
\x9b!\xdec\xcb,\xa0B\xc2\xe5\xcc\x03\xcf%\xd8j\
\xae*\xb0 $#\x90\xe6\x9c\x05HY\x81>\x00\x85\
\xc4\xc0G\xdd\xdd\xee\xa0\xab\x10_\xe0\x8c\xd9\x0d\x5cU\
\xdb^8<\xe8\x0ee\x05\xb4x\xd0^\xcf\xcf \xdd\
\xf9M\xa5\x91\xec$\xd0\x02\xd4\xe9\xd8\x007\x1e\x1f\x03\
\xca\xf2Xv\x02IoyV\x9e\x11\x0d\xde\xbf\xa7\xe7\
\xa4,\xcf \x8c\xb4b\xee\x8b\x97\xcc\xaa\xc0\xdc\x97\xbe\
\xba]]0}\xd1\xd8%\xc3\xe6\x10\xa21\x98\xb0\x88\
\xc9OH\x8fMO_\xbb\x08+\xe9\xf31\xd8.\x9f\
kWL\x0eH7\x8dC\xc8v\xfe\xc29\x93\xd7\xaa\
\xe7\xc7<2\xdcu\x07\xab\x84\x1d'\xc2q\xc2a\xdb\
\xc8Q\x96M+Y\xad\x1b\xd1W:nx\x0f\xf6\xeb\
\xd7\xd9C\xbc\xdbWV\x86\x85\xe9\xe9aZNk\x01\
{\x19\xe7@\x99\xeb\xdb\x96\x9dF\x85l\xdcz\xc9\xdd\
0\xa7\xe2\xc8\xd9m\xa7\x004H.\x88N\xb27\x89\
\xfb\x05^u<\xbb\xa0c\x90\xeb\xd7\x85\x01\xe6\xe5u\
\x87=\xe5\xebH!\xa4a\x81}\x8d\xe9\xa2\xe2\xf2\xe2\
\x8a\xcb\x8b>:\x08\xd6\x12>\xe8\x95\xe3\x03\x8e\x89}\
\x84K\x00;ao\xae\xd0\xc1\xeen\x88\xa8\x8a\xf6\x99\
\xfa\x18\xf9\x96\xd8\xe3\xd8\xe5\xc4\xdc\x9d\xf6\xba'my\
\xac\x9b\xdc\x16\x10\x93\xd9R\xe4\xe4@\x80\xf03AK\
\xd1\x09\xf8}`>\xfb\x90r\xde\xfa\xd3y\x8e\xf6\x1c\
\x8d~4Op\xdd\x0b}\x1fO\xdfMe}\xdf2\
\x03\xc8FI\xd6m\x0b\x0bm\x5c0I\x15\xc4^;\
\x7f\xfe\x17\x01\xf3\xafE\xa7\x07\x04|\xa1\xb49k\xe7\
\xcc\xf9b>\xaa\xbd,\xfc\xe2\x8b9+\xe6|\xf1\xc5\
d\x994\xff\xc80\xc7\xe8\x9f\xaa\xc8\x01\xc3\xaa\xccz\
\x86Jg\xd8\x9d\x98\xcf\x5c\x99\xef\x1f\x8c\x99ly\x1c\
m\xe5D\x97\xf0\x90\x13\xe5\xf6\x1cf\xab\xacD\x189\
L\xef\x0a\xe8\xceiY\xa0{\x98\xad\x9d\x7f\x19s\x9d\
q\x07\xea~^\xee\x17\x7f8\x0bg\x0dx+\xea\x9c\
\xc0\x0b\xfcE\x0f \x9eJ;uG\xc0\xea\xe6N\xd0\
\xd9\xba\x08\x82\xba\x99\xdc\x11\xe2\xfd\xba\xd0\xe8\xe0=F\
\xd7$\xb0\x8c\x85\x08\xd8\x83\xa8\xb6\xb9\xfb6T\xb5\xb8\
\xf6T\xb6\x12\x8e E\xf4\x03N\xb9\x0bK\xf5\xe7\x14\
\xb8\xd89\x10\x8e!\x9d\xdd\xe1\x99O\x90.\x9e\xbb\xc9\
\x05\x811\xc4;\x99\x8e\xb3#\x0c+\x81]\x0a\xcc\xf1\
[\xc9t\x0d\xe08\xad<?}@6\xdas]\xce\
\x1e\xb9\xee\xee\xd5\x8f\x19C\x1e\x86\xd36\xf7536\
\x0a\x8806\xf6\xf6\xb66\x0b\x5c\xbc\xb8=0\x07\xbe\
_\x04\xa4\xdf\xddn\xb4\xc8\x08k\xa2!wr\xed\xda\
\x80\xb8\xb8\x88\x88/0\x09j\xfe\x17_\xac\x15\xe3\xb2\
\x8f\x0e\xf3V\x1d{\x19\x17 i\x86\xd3\x1b\x00l\x88\
\xf9F\x0e\xa8\xee\x9f\x99\x1f~bs%\x226\x9c\xd1\
&v0\x0d\x1a\xa0{#J\x8f\xda\xc7\x1c; \xdd\
\x89{\xcc\x12\xdbp\xdb\xdfQ\x97\x81\xe7^^\x97\x11\
\x9395\x0b\x88\xcf\x98!\xe8\xad\xc6\x9cd\x97O\x89\
0\x96d:\xf9*A\xffz^\x17B\xe9\xe5n(\
\x99\xbe\x1c'\xc3\xb5\xf6\xba\x00\xe9\x8ek\x8f07\xe1\
\xc3\x1a\xe4\xafO)@\xf0r3\xb9\x0d\xeb\xcc\x93\x0c\
W\xae?1\xa2\x82\xe6iK\xbb(\x90\x11\x14\xee\x90\
MAm\xef\x84\x0b\x14\xe9^^\xb9\xf1\xb0\xdd\xb9B\
\xd2\xa3A\xc7+L\xf7\xcaQ\xf7\xa8\xa5B\xc7K\xa6\
\xab\x05\x0a\x8f\xc5o\xe2\x8b<\xff\x97p\xd7=#\xcf\
\xfe\x90\x8bT\x9adw\xb7l7\xc3\xfd\xbb\x9d\x920\
\xd9a~\x80\xa9i\x9c1o\xda\x98\xbeb\x05a\x9e\
ot\xed\xdb\xbb\x07\xee\xd6S}\xce\x9c\xb5\xf3#\xe2\
\x22\xe6\xceYk\x04\xd0W<r\xf9\xde\x0e\xa0\xef\xaa\
\xc4\xa8*\xb0\xa5t'\xe8\xfbg\x9e\xd0\x8b\xc9;\xe1\
\xe8h\xd9\xc3\x00\xb3Vi\xd63PWn\x1f+@\
\x07\xea\xbcE\xb0\x80]\x88\xf9\xb2\x1eS\x0dq\x9by\
\x9a\xad\xee\xa5\x17\x8f\xccR\xc0V@\xa7p\xa7|\x17\
\xd4\x17+\x0a\xea\xc2z'\x81$\xe8`zw\x01\x17\
\x98Ni\xaf0\xdd\xe4\x02\x1caqi\x15h\x81\xa0\
`\xba\x10\xc8\x02t\xb9WA\x80L\x17\x12\x04\x118\
\xb1C\x038V\xe4\x930)\xae:\xfaF\x90\xe7\x05\
\xa8\x15\xf4\xa1\x5c\x0c\xa0\x8a#\x82\x0eAA\x90\xe92\
4\xef9\x81L\xe7\x865\xc2\x84SN#\xce\xab\x81\
\x1d}a/F\x04|\xba\xdc\xbc\xeeU\xda\x1d\xfe\xba\
\x1bjF\x97\xa7$\xa5C\x9e\x03Q\xdc\x98w~\xfa\
\xfc\xb5\x92\xdc\x01Fw\xb7n\xdd\xba\x1d\x01\xda\xb5\x92\
\xeb_@\xbc\xa3SD s6=\x1dLOx\xc4\
\xf2\xfd\x0d\x18\xefH\x83\x85 '\xe8\x1ck\xd1\xd7\x99\
\xa9\x8f\x19\xd4\x95\x1b\x11\xa5c\x06<\x00\x0f\xc1D\x17\
\xf3\x8d\xe5\x19\x8c\xc8\xed\xce\xe3M\x05\x05\xec\x18\x0b\xc6\
<\xeb+\xadcB\xe8\x9d\x02r\x0f\xdey\xe9\xd4\xf1\
Y\xa7\xe6u!\xc4@]b\xcd7\x12ne)\xba\
\xc5\xbc;\xbc\x90\x1a\xa6\x03t0\x1d\x17Wa:A\
'\xf3/(L\x96\xd7W,\xa5x\x87\xeb|[^\
y\xe8\xd4\x09\xa3\x89\x17a\xde{\x1b'\x81\xe0\x86Y\
F\xd0\xf9\x01h\x5c\xf1\x82#\xc4S\x1c\x19\x7f\x9b\x9a\
\x1c\xe7W\xfcz\xf7\xe5b/>\xe2sH\xee9\xa4\
t\xb6\xbd\x00\x9d\xb0\x0b\x9d.\xce\xc4\xd3\xc8\x15~\x85\
hL\xe5\x08\x0a\xca\xca\xda\xb6\x0dYs\xee\xb8\x16\x1e\
\xc9&9)\xd0\xdd\x00\xfd\x0b\x09\xeeZ\x05\xf49\x10\
\xef\xdb\xbf\xcd\xba\xcb=\xa2\xcdA\xa240_8\x1f\
\x8c\x87R\x9f3\xb9W\xe3\x08\xf7\xaf+\xeb;$\xf5\
vf<\xae8O\x8e\xaar\xace\xd3\xc6\x18\xcc\x9f\
\xaf\xeeQ\xc9 \x9d\xec\x09\xf9\xfa\xfa\xc8\x97\x1ad\x8a\
\xbbR\xe5\xe1\x16\x930\xde\x00;\xc5<\xd5\xbb\xdeD\
\x13\xf9oz\xb0t\xd4\xa9\xe33f\x80\xcb\x90\xee\xda\
MQ\xf2\x04\x9d\x0d}`\x9e`:]+\x0d\xd3\x85\
\xc0\xa5Ng[\x8e\xab\xcc.pA\xdaa\xcae\x16\
\xf6\xb3\xa7\x12P\x83\xed=\x016\x14\x81\xe4n\xd9<\
\x85x\x87\x0bN\xf1\x8e\xed\xdc\x8b=\x9a5y\xe4^\
O\xcf\xa5\xfc:w\xaf\xdb>\xa5D\xd4\x1df\x9b<\
\x14\xe2]2]n\xc1\xa7\xe9\xd4\xb3\x07^\xd0|\x87\
<\xa7\x5c\xe2'\xf1\x83T\xea\xb0\xe2\xb7\x9d\xcd\xd9\x83\
TIr\xc0\xcd\xd5\xde\xcch\xed|pW\x8d\xad\x84\
x\xbe\xd1\xdd\xedw\xbf\xba\xb5=\x9a\xa31\xca.\x82\
\x9e>\x7f\xce\x9c9\x0bW|1gm\xef\x0e\x8f2\
\x1d\xbaM\x87\xde\xd6N\xb8\xeb\x90\x06tz\xe9\x9b\xaa\
\x10~\xd1\x0b\xce\xab\xe4|\x17d\xd3\xf8\x9f8a\xbe\
\xd1|c\x9dM\xaci\xec\xd0\x1by\xbc\xcf\x1c\xf6\xa8\
q/\x8b9\x9f\xa8\xd4\xde\xe1\xfd\xb0\xb7\x9d\xba\xb9e\
\x16\xe0\x9e\x81&Q\xd7\xa0/\xc4<\xb9O\x01\x00X\
\xc9tp\xd9U\x03:t+6H\xa6\x7f#ly\
\xf2\x1e\xd7T\x00U\xbf\x18\x1dD-\x8c'\xb8\x88.\
!P'\x1e\x82\xce{\x01:A\x12L\x17[x\x02\
\xd9\x14\xac\xe4\x99\xf6\x0a\xf7\xdb\xbd\x14.\x9e\xf8VE\
\x83\x93\xe9\xd4\xe1\x88\xf5\x8d\x16 {\x92\xe9l\xeek\
\xd8\xe5xJ>\xebW\xc4Q\x105\xb0\x06\xb2\x82\x8e\
\x9f\xc5T|w\xa4\xc2g\xbb\x95\xba\x96D\x07\xac\x9d\
\xbfP!8\xe0\x05\xc4\x98\xc6\x1azw\xfb\x81\x82\xbb\
\x07\xb6\xdf5\x9a\x1f @\x07\xd6\xe9\x0a\xe8\xf0\xd9\xc0\
w\xe3G+\xdf\xbb\x1a\xf7v\xaa\xdcm\x00A\xae\x04\
\xde\xe1\xa5o\xb2\xc4m\x0b\xf4\xca{8\x22?\x96\xa0\
cO\xf8\x89\x90\x13\x87K\x06Yy;TU\xa1\x17\
\x90\xed=0\xd7Q\xd0]\xaf\x187I\xc6\x8d\xac \
\xe1\xfby\x95n\xbb\x09\x90\xc1s\x89\xf9<\xc8\xf8\x86\
M\x8d<`\xbf /%\x821\x92\xff\xd7\xbb\xe3Z\
ChK\xa6w\x81\x1d\xc7k\x8f\x88\xb7F<+\x17\
<\xc8'G\xb0\xd4-Y\x8c\x9c\x8d\x8e\x84\x09FT\
\xd9;<\x83r\xf1A4\xf7}\xf0\xb0\x15\xb0\xd91\
\xf8\xe4\x11b9\x1a~\xdcgwx\x1c\xbc61\xb2\
\xbb\x07N\xba\xd8\x85\xd0\x1d\x98\xceof\xcc\x17\x9e\x98\
'\x5c6\xd1\x8d\xa0i$\xe8\xe24\x04\x1dOyF\
\x9c\x1d\xa7\xc7\xa1A7\xcf\xeeqG\x9e$\xa8\xee\x96\
X\xd8\xd6\xc8hm:<1M\x83\x1a\x07\xcd\xb7n\
\xbd[d\x14\xbd\xfd\xc0\xfc\x80\xb5R\xc0\xc3\x80\xc7\xed\
\xb9\xc9\xf4\xf9\x0bW`,\xb6\xf7#\xbd\xa7\x17c3\
=\xc9t\x82\xcelw;\xbb\xdf\xef\x9fZ\x15S\xa9\
\x07\x9d\xee\xa8\x10\x1d\x89\xf0'0\xb1\xa9\xaedPl\
\xda\xae*Y\x93D\xe0.\xe9\x1eV\xeca\x82\xa9=\
hnHk\xb8~d\x16q\x06\xe6\xc7i\xc9\x09\xc4\
\x1b\x03O\xb6\xa3]\x80p%\xa3\x96b\x9d\xb8_\x90\
`\xc1Ic\x83\x86\xe7^D\xbc9D2\x1a\x09/\
\xa3?#\xf5pi\x95\xe0\x0c\xc2\xe7K\x89\xde\x84\xd1\
\x91\x93p\xedi\xc8{\xa2\x98\x08\xb0\x04S\xbd\xdcs\
\xe3\x11O#\x16\x9e\xa3a\xc0\x8f\x1e=\x1a:\x17\x1f\
\xa6\xf6\xc7V\x94\x1d\xc1H\x1d\xbe\x81\x90\xe3L\x18I\
\x87\xc4\xc0#\xc8\xd3\xe7\x90P,&\x08\xfa\xf2\xfdh\
0](u\xaf5\xf5@\xb3\x97\xf1\x1d\xf6\xc3\x92\xc0\
wLB|\x06\x98\xef\xbdy\x1dc\xf9\x98\xcc\xd5\xaf\
{\xbf=\xae\xdeI\xb0\xe2\x16J`%\xf0k\x03`\
\xba\xaf>P`\x14\x9d\x1ez 4\x14\xb6\xdd\x8a/\
V\x80\xdc\x00]Hw\x82\xbev\xfe#\xd6\xe9\x18X\
E\xf63n\x01\xacf\xba\x9d\xfe\xfeM\x1b\xcbb*\
\xf3NT\x228+\xa2\xb3`z0\x8c\xf7\xba\xb4X\
\xef\x92\xa3U,JR\x0c\x9b\x1e\xa5I\xa4\x98wt\
<\xcd)]D\xbd_\xa9\xef\x90#\xa0:\x08>\xe3\
8A\x8f'\xfa4\xe9\xee\xc1\x1d\xc7\xdc\x11\x84tC\
\x186\x9e\xf2\xfe&\xc5-\x9f`>\xda\xac\x1c\xe5-\
\xc6JF\x8f\x06z\xa3}\x96-\x050hA\xa3i\
\xa1c\xb7\xdb\xcb0\xd1\xc1\xbe\xd1\x91A\x17\xd6\x00F\
\x02<a\x9f`:\x1c\xbe}A\x93\xa0\xf1\xf1\xd9\xe5\
\xcb\x22\xf9A\xac\x8e\xc6\x88\x1a\x1e\xa2\xe3\x8c\x16\xfe\xb9\
\x10.\x94\x0b\x82\xe8\xe2\xe4\xf0\xd3\xc5\x0f9\xe4\x03\x14\
q\x86\xa0\xa5\x82\xe8nn\x17\xf6\x8a\xaf\xe0Oh\xdc\
F\x8f\x9e\xe49\x09\xbfl\xcb\xb6\xdb\xb0\xe3`\xd8\xf6\
s\xeb\xb7\xa7m\x1a\xf3\xde\x1b0\x1dD?\xb0\xfd\xdb\
\xbbI4\xf0\x0e\x1c\xb8\x96\x0e\x17\x0d\xc2\x9d\x0c_\xb8\
0}\xce\xfc\x15\xf3#\x16\xceY\x9b\xde\xb0\xee\xe4\xaf\
k\xc5\xb5\xd2U\x98\x8e\xbb\x85\x0aC\x0e\xd6;\xd2\xdc\
\xf7\xaf\xdc\xac\xd7\xe3\xf7=6\xe7\xf9\x87\xe0F\xb1h\
\xe1\xc1'\xccO\x94\xd7 \xef\x1d\xa0\xfb\xe7Q\xab\x0b\
\xd4IwKK\xdb\xf3:&\xc2\x5c\xf5\xf0\xf0J\xf6\
u=s\xa6\xcb\x8cy\xf1\x82\xe9\x12i\x05q\x80\xcf\
\xf7Z\xe8K\xa6C\xfb^ \xd3\xe7q\x5c\x03\x10\xa8\
]\xb8\xafi]S\xcaz\xdd\x8eD\xd2c<\xb2\xde\
\xbc\x92\x97\x03\x06`\xfe\x99\x10\x0a\xa4s\xce>x\xc7\
\xf1\xf1\x18\x8cq\xbf\x03QL\xe4\x82`\x98q\x97[\
\xe9\x1d\x1f\xf8X\x18\x8c\xc1-\xff\xb0\x8b\xbd\xe6\x0e\xda\
\xb2;K\x91F\x81\x03\x95\x80\xad\x0089\x12=\x81\
\x82\x00]\x87\x9938\x01\xc4;N\xc6\x87\x8c\xc8\xb9\
\x93\xe9\xe2s\x0a\xc7\x05\xcf\xf9\x01\xf4'*\x0f\x84b\
\xb3\xb6\x9cuuE\xb9\x02\x8fR\xb82\xa5\xeb\xac\x8d\
\x80\xa06\xd3\xe7\x04\xa4\x1f8Pp \x1a`\xcfO\
o\x7f\xf2Z\xba\xa0\xb7`:\x9c:\x8aw\xd8\xf0k\
\x17\xbe\xfeH3\xa7\x90\xfel\xdd\x13:]dPH\
\xf1\x0e\x9d\xber\xd3\xc6\x13'lm\xf3\xe8\x9f\xa3\x89\
\xb9m\x88\xcd\xb4\xa5\x9b^\x15\x0e\xa6\x0b\x9e\x8b%y\
\xbf\xd9\xe0\xb4!BP {\xf7\xd2\xd2\xd9\xb7\x8f\x1c\
?\xbee\x0bQ\xcf\x22\xce\x02k\x098\xf0\x16O5\
\xee\x82\xe9\x14\x9c\xee\xb9\x17\xae_ yE;$\x88\
\x0eG\xdd\x84\x5cF'\xc0\x08hn\xeem\x84\xc9\x90\
B\xb7\x9c\x14\x9b\xa0\x98\xef\x94\xe3\x18>E\xd2+\xf7\
\xed\xb9\x03\x8c\x00m|\xae\x90\x028\xadI)?\x88\
\xb4*\xda\xe8\x10\xfc\x91^\x86\xa2\xe522\x0b\xa8D\
`Ot4\x93\xdb\x9fQ\xe2SN\x03DZ\xef\xd8\
L\xf1.\x99.\x99\xefvA\x00\x8c\x0fR\xb6Ch\
\xf0\x81O\x10q(\x1e|A\x97\xe3\xdb\x0e\xcd\xee^\
\x9a\xe8\x8eZ\xa2\xdd\xbb\xbb\x16Z\x1b\x01\xc1\x08pY\
\xc8v\x12:\xdd\xe8@\xa81\x03\xefs\xe6D\xdc\xbd\
\x16\x0d\xbe#\x08\xb7\x02]`\x050\x87\xbf\xb6\x02\xd8\
\xafM\xef-\x86\xe3\x7fe\x86\xd7\x9f\x0e:\x1d\x05(\
8\xde\xc2P\xab\xc8\x89D\x14v\xd3\xa6\x13\x95\x8e=\
 \xbdq\x03x\xba\xee\x98\xad\x5c>\x14\x93\x1d\xbc\x9d\
wW\x03f\xb5|\xe7*\xdf\xd8\x86$cv\x03\xa6\
1!q\xc4\xd0\xf7\xd2\x91m\xb3\x00\xf6\x16\xb8n\xb2\
\x01j\xed\x87\x86\xee\x17\x84N'\xb9\xdd\xba{A&\
S\x87\x83`w0X#\xa8\xcfam\xb9\x09{\x19\
\x9f\xc3\x12\x8c\x14d\x93\xa9\x8d\xfc\x0cB\xa9\x5c`o\
\xe9\x05\xd8]p\x9dD\x12\x85\xe0/6\xf3s8\x8f\
\xfbm\x88i\x84\xf3\xb9\xc5=W`\xe5\x19\xf4%\xba\
\x87l^K\x01\x1a!GS3\x1d:\x9d\xdf%t\
\xba\xe8\x19d\xbah\xc4\x5cp\x9eGs\x0bAG=\
\x93\xc8\x9bgn\xcfve\xedX\x8f~\xfd\xdc\x5co\
\xbb\xa8\x10a[\x88\x98\x0b\x1es\xa8\xbaW\xa4\xa7\x87\
.J7\x02\xbf\x895\x86\xe0B\x81\xbeX\x97\xc8\x93\
\xe9\xe9\x98\xfd\x96T\xf3HKN\x11\xf4J$;2\
\xc2.C\xef\x18o\xd9\xc4\x948s\xf8e\x10\xde\xf4\
\xd4\xed\xect\xf4/9\x97x\xc7\xb6\xed\xb9[\xc1\x99\
*\x1d\x82\x1e\xcb<\xcb\xf0<[s\x0f\x13\x86\xe4\xdc\
=P\xf1w\xf6er]\x0bt\x85\xed\x0a\xcd\xd5|\
\xa7!\xc7\xc6\xeb\x0e\xc8\xf0B=M\xffZXu\xa0\
\xfbu\xc2\xa5\xe0\xce\x84\x09\x1e\xe2\x95\x13\xc9\xcb<\x9a\
ipx/6\x09Xq\xa4\x17\x153pB\x12+\
\xdf\xf1\x89\x0fq/\xb2m\x91.\xe5\x89L8\xf1\x81\
;\xd0\xea\xa2-\xe7\x10\x0f\x8f=D1.\x00\xc4\x1e\
\x04g\xc4\x09\x04\xd3\xf1]t\xd9\xc4w\xc1z\xbf\xb7\
\xe1+\xb1\x91\xc3|\xb8\x01_\xee3\xbe9\xb8\x0e\x1e\
\xe0\xb9\xef\xb3\xbbk\x00z\x80\x00]\xe8m,\xd2\x03\
\xae\x05\xa4\xa3'P\x90\x83\xf5\xd7\x16Q\xceS\x95\x0b\
\xb6\x83\xe9\xf0\xd7\xe7\xcf7r\xa9y\x94TWt\xba\
d\xba\x22\xde\x89\xfa\xcc\x95\xd3\x9f\x9df\x1e\xee/\x0c\
<\x06\xe5\xf2\xf3k8\xd7\xa1\xfa\xa8\x04]@\xae\xc0\
\x8e\xb0\x9d\xa5A\x08Pgew\xfc\xc3\x03\x06\x1c>\
rs\x1bI~\x9c\x16\xbc\x80\x5ca\xba\x94\xeej\xda\
C\xbcK&\x0b\x9bL\x5c}\x5c\xff\xdb\xe8\x1c0\xeb\
\x80<\xd3[\x94\xad\xf2\x05P\xb8{A\x88\x03\x9e\xa0\
}\xd4\x0bl\x0al|\xe7\x0a!\x0e)K\xf3[\xc0\
+?%{\x0b\xb3Y\x01:\xbe\x00\x03w\xc2\x97\x83\
\xac\xf6\x11&\x1b\xfa\xda\x1d5cyn\x9fC\xe2\x9c\
d\xba\xe8\x08t\xd9\xd8\xc4Q\xa2w\xf0'(M\xc8\
\x07\x1c\xb7wo\xe4\xbc#\xb7\x9f\xc1\x9d\xb71\xf4\xe4\
\x91\x08\xccG\x8dt1\x05\xa6\x0b\x81\x22 \xc5\xf8\x19\
\xa5xz{\x813\xb7\xa4\xa7\xa3\xfc\x18\x8c7\xb6\xfa\
%@\x0f0r\x19\xfcHo\xfb\x80\x12\xc0`:'\
4\x89\x80\xab\x08\xc3\x22\x13v\xd3TT\x05;=}\
\xaa\x1d\xef\x04/|\xb9\xa1\xb0\xe3\xda\xda\x1c\x95\x92]\
\xdaqD\x9b>;Yok\x9e\x0d\xd4\x11\x8dE\xd9\
_\xdfg\x0e\xff\xb0\x8d\xc2\x1dJ]\xbbQ\xc8K\x15\
\xcf55\xd3\xdd\xdc\x87\x08\x16\xf3\xc2\x02\xc8\x9cY\xe0\
\xb8\xf0\xe10'\x09\xe6\x196\x93e\x12~w7*\
n4\xa8\xdf5\x82\xa5\x84GB\x02\xe7\xeb6},\
\x18\xfaA\xcb\x93\xc5\xd9\x84n'\x5c\xc0\xbdt)t\
\xba$\xb6\xfb\x1d\xc1\xce\xd1A\x93&-3\x14_P\
*L\x05J\x09!)h\xc8\xa1o\xe4\xe0t\xd84\
\xda\x13\xfe\x00\x0e\xf3r_C\x07@\x10[v\x06R\
\x1c?E8\x03>>7\xb7\xdd\x9e= 9\xb1;\
nL\xe5\xd6\xcf\xf5\x0f\x7f\xed<\xccE\x05V\xa7\x13\
t\x82\xbcb>\xd46\x90\x86\x1e\x17\xf0c-=\x1d\
\x9b\xd8!\xc4n\xb1\x88HO\x9fc\xd4\xeb\x8dV\x8f\
0$\x87\xaaR\xa8;\x82\xfcg\x86a\xa9\xd3a\xbe\
\xebc\x10}\xd3Lp}:\x8a\x89L\x9ff\x17\x22\
F\xdf\xe4\xc0\xaa\xf4\xd8\x88\xbc\x1aw\x84j\x01;\xb8\
\x0e\x09O\x1b\x1eS[<|\xc1\xf5m7a\xb6\xd5\
7\x01\xb3\x80\x9c\xb0\x0b\xf4o2\x22\x87k\xe9\xd5\x05\
i\x89\xe2*\xbb\xbb\x9b\xe4t\x11\x80\xcf \xee\xf1A\
>\xcb\x88\x09\x0e\x11\xb8b\xb2\xc3\xa1\x0b\x1cA\x9fD\
l\x82\x96\x92\xa6\xdcK@\xf0\xd2\x1d\xf3_\xb8g4\
\xf6G\x0a\x09O#\x80`\xe1\xf3\xb7\x97\x03=\xe8t\
\xf1.W\x01\xceSt\x03|+\x87h\xc56\xc28\
Z\xb8l8\x92L'\xa02\xb7\x0a\xdfD\xf1.\x8e\
\x90\x9f\xc7*z\x18?\xe1\x89\xfe3\x0b\xfa\xdc\xb7;\
\x92H\x10\x95\xe9\xe7;\x1d\xf5\xa2\x86\xb9\x18'\xa4\x0b\
\x07\x9cB\x5c\x82;?.=\x00\xd92k\x991\x83\
\x08-\xb7\xcb>@\xdc\xd1\xe0\xae\x03\xf4\xa2Gj\xbd\
\xb7\x12\xa0\x83\xe9\x04\xfd\x84\x08\xce\xc0iC\xe6\x84L\
\x8a\x9c\xfe;\xe4\xcdL\xdco\x1e\x12\xb2q\xa85F\
\xd3\x87\x1e\xe5\xc8\x8c4\xdb\x01;\x1eP\xe9\x80\x1f\xa8\
\x1b\x18\x98\xf73!\xe6\x98\xdd\x928`\xf6\xe13\xc7\
o6\x04]\xdd\x01\xc4V\xd1\x07\x94I\x0e^]f\
\xc0\xa9\x12\xf8\x95\xde\x16\x0a@ .\xb2L',\xbf\
-\x957;G\xe9\xcbw\xc6B0\xf32O\x22J\
\xf0\xc58\xa9\x81\xb8\xbb\xb9'\xe7.\x9f\x80K\x0f7\
\x8ad\x1c=\xe1\x02\xacv\xb1\x0f\xbb1\xadIhc\
X\xeb\xa2\xdd\x11\xe0\xf10\x0e\xb6x\xb9\xb9\xaeao\
Q\x00\x15.\x1b\xb7\xd2e\xc3wM\x12\x119\xa4\xee\
\xb91\xe5^9J\x1e+\xde\x10\xf6\x09\x9eY\xc7\xc1\
s_\xde\xe9\xa3\xd4\x1d!\xb9\xee\x9bF\x0d\x1bF\xf1\
\x9eN\xa6\x03y\x22K\x01\x9f\x0ev\xcf\x0f@$\x0e\
\x95\x82\x01o:\xb6\xc2^\xe7\x03\x80\xc3\x82O\x8f\x8b\
\x983'\xc1\xe5\xa3\x07\xd7\x01\xa87\xc4\xff\xad\xb5\x0e\
#\x18{\xc7xZ\x1eP\xe7\x00*G\x5c\x80\xba\x92\
\x0a\xcb\xfc8\xc0>s?T\xba)\xee\x19\x8ex\x1c\
 \xa7\xf5\xc6J\xa2\xd2\xd4C\x22-\x83\xf4\x06\x8e!\
\x89^\x9c\xba\xc9\xa0\xec\x00_p\x1d\xd6\x9c\x96\x80\xd7\
\xea\x02\x0a\xee\x17\x80\x07\xb8\x0e\xd0gt\xb9\x80\x89\x88\
\xb9\x17Hs\xa8s\x90\x1cb\x22\xdeg\x12y\x16)\
&)\xde\xbe\xbd\x0c\x13\x18E\x8cF\x80\xea9z\x92\
\x0fjw/\xbf\x03\x7f\x0d\x9f\xc4\x04Fzkx2\
\xfe\x020&a\xdf\x85e\xdcw\xfb\xce\xbeHlA\
g\x19\xed#\xee\xb9\xb8|i$\xd6\x81\x15\xe5\xf2\xf2\
}\x9cC\xc9o\xe2i\xc5\xf6\xa0\xd1\xd8\xc2\xcd\xfbx\
6\x9c+(R\xbe\xbd\x109\x89[\xe4\xf7h\x0e\xf6\
\x1c=\xc6\xd3\x07\xd1W`^\x8a\xff\xde\xbd_\xe9\x1e\
\xd7=\xc7l\x0e\xc7\xe8U\xda\xa8h\xa8CK\xc3U\
#\x8d\xd1\x03h\xba+\x8d\xb2~\x0e\xe5;\x11_\x88\
N\xc1\xd1\xd7\xf48\xd8\xf3FI\x85\x7f{\x94\xe3l\
\x9f\xf4R\xad\xdf]A\xa6Wi@\x17\xb3[$\xea\
\x221\xf2\xf4\xef&N\xe4L\x87X\x9b\xdd8\x0a\x5c\
gHFD\xe3\x006\x22\xf0\x9b1\xe8\x86\xf1\x97\xcd\
\x95\x1b]\xf1Oc\xb6\x03\xee\xb7\xe8K\xae\x1f\xdf\x12\
\x04~Ks\x8e@+N\x1c\xf59\x04\xbc\x10\xef\xa4\
\xe99j\xf8\x9b\xf3\x90n3\x83h\xa3\xe1\x00\xccV\
\xa3d\x15\xd7\x9d4E\x94T6q\xb5\xc5f.\x98\
\xfc\xe4\x89\xc9\xcbB\xb5\x02D\x80\xa4\x1c\x06\x1c=q\
\x0eL_V\xb6\x10T\x05*\xe5\x10\xbc\xf0p\xeeW\
^\xeaw\x88]\x9aO\x8a\x15\xf5;\x18\x0d\xf28\xae\
\x04\x8d\x9e4fL\xa4\x90\xed0h\x10\x93qwu\
]WXWWX\x1dS\xe9\xa2J\x00\xb0\x18K\xc1\
\x02\x017MS\xaf\xc2?\xa3\xf7\x06\xb4\x17R\x18\xac\
X\xb10\xdd(.}\xe1\x9cE\xbd\xd7=o\xf1o\
q\xb8e\x1f\xb2\xe8\xa5\xca\xbc\x81\x01\x17@\xa9\x8c\xb8\
pD]Lu\x80Z\x17\xd9\xcf\x22\x03:\xa3\xc4\xd4\
\x0a\xa1\x99<\x14\x04\xd7\x00\xce\x01V\x0c\xb1\xe2E\x94\
\xb8\xdd\x5cY\xbeg\x8f+oq\x82\x91\x97\xee\xbe\x03\
.\x1f\xd9\xb6Z\xc0\xacq\xd8)\xe1\xad\x86B\xb4\x00\
\x00 \x00IDAT%\xe1\xb1\xdc2\x83L\x07\xd7\
\xdd\xaf\xb3\x0bh=\xe2\x819\x0e\x98\x144\x09\x18\xe2\
)\xaf\xb06\x1e\xc4\xaf\x89\xad<\x16\xfd\xc3\x07\xbax\
R\x83\xfd<Z>%\xc4\x8d\xdek\xce\xc6\x15\xf1A\
\xf5\x16\xad\xcf\xc9\xcf\xc8\x1d\xea\x0eH\xcc}|&e\
\xdd\xbc\x09\x9e\xef\x819\x83`\xdc\x9e=6\x97j\xea\
R2\x0awW\xb8\xc4)8#kF\xd3R5k\
qq\xc6H\x92\x22\xee\x14\x01\x90\xf4\xa0:\x99>9\
\xc0\xfa\xd5>\x8f\x12t\xd4\x9b1\xc3\xf4E\xa5\xf0\x88\
\x22\xdf%\xd51\xbdE\xa0\xber\xe5\xca\x89SQ;\
\xd0\xca\xbbg\x8f\x1e\xc5\xc5\x06b|M\x01\x1c\xc3l\
X\xe3(\xeb\xe6\xa3\x95)\x85%6\x85{0\x9a\xec\
\xb6\xc7\xad_\xbf\xd9\x03\x0e\x9f\x11\xa0\x83\xe9\x1a)\xaf\
\xe1:\xe1W\x92(\xdc\xcf\x89.\xa0A\x9d+\xf1[\
\xe2='\x89\xd0\xb7\x9aU\xc4X\xc1C\xbeb)\xde\
s;\x84\xb9\xb0\xa9\xe4\xc1\xc0\x1d\x1b\xa1\xa6\x15\xe4\xd5\
\x1fS\x9f\x01\xaf\xea\xa6>\x03\xcf\xadYWV\xe4\x8b\
z\xc9We\x87V?\x04\xea\x9e{\xb3f@\x9f\x1b\
\x96\xa2\xd1bp\xdd\x93[W\xe3\x9c\xe2`\x93\xbb\xdb\
\xdeT\xe1\xb71\xee\x98\x91\x94\xa42\x96\xb7\x01\x10\xf7\
\x020V%\xe1FhqIH\x8d#\xd1\xd3\x17B\
\x16\x80\xe9\x00=}E\x82\xfd[\x8f\xd6\x92\x1b\xacB\
\xa9H\xcej\xe2\x90\x8bF\xa9+T'\xee+'\x02\
\xf5\x95\xc8\x9a\x89-9\xca\x22\xd1\x9b\xc1n\xc1p\xc0\
M\xf1\xce\x06E_\xbd{\x97\x8d\xb7\x8b}I\xdb=\
h\x98\xf4\x90XJ\xbd~\x13\xc3.B\xbe\xaf&\xcb\
\x1b6\x88w6/\xf7s\xf5\xdb)\x07D\x17\x88\xcf\
\xf2D\x9d\x07 \xa9\x05\x06\x91\xc2uW\xc3 \x80\xe3\
\x1b\xa0K\x82\x8b\xf7\xa3\xe9[\xe3\x09\x9bn\xf4$\xcd\
\x11\xf5\x9f\x11\x9f\xe79\xe5\x83;\x945\x1c\xcc5>\
\x955\xf9^Yjv\x88\xbd<F6\xdc\xf9g\xcb\
\x99C\xb3}Qx\x83fe?\xaf=\x85\xae\xeb\xda\
\xd688\xd4\x95d\x9a\xa5BlC\xbc\x1b'\x99\x05\
Nqb;(\x1eb\x95U\xa8\xa2\xcc\xac\x8da\xba\
\x01qR]\xa8\x00\xbc\x9bl\xec\xf2\x11gE=\xba\
\xd6\xb57\xc7V\x01\xba\x1cQ\xa7)\x87<\x0aE\xad\
\xab'0\x1e\xcb\xb0\x06\xe85,\x12-Rf\x04\xdc\
\x9c\xd7$\x06\xe7\xd0YN\xa0\xfc\x82\x8d\xb7u\x81K\
\x1a\xa8\xbe\xc7\x0d\x92\x0eN;\xa24\xe0:`\xcf\xca\
\xe2R4mQ\x7f\xc7\x83\x98\xbb\xb9G\x8a=$\xb8\
l\xd4\xe9\xd0\xc6h\x90\xef\x12\x04\xf5%n\xea\x15\x22\
\x01\xb0O\x82P'\xf4\xf8\x10V\xf1B\x11/ao\
\xeaC\xff\xc96t\x8bI\xe8S\xa2\xf9L\xea2\x8b\
v;\x9cs\xf0<\xd9\xdd$\xfb\xd2\xb1=\xeb\x0a3\
\x9c\x1cR\xea\xacU\x843\x1d$7s)))\xb4\
\xb1\xc9),\xc9A%\x02>\xd0J\x0aK\xec\x9d\xcd\
@~\x1e\x94\x0e1\xbf\x10\x99tq`z\x82\xf1\xa3\
\xce|\x7f\x83\xa93\x95\xc5r\xb6\x83\x16\xd5E\x11\x0a\
17\x1dt?&\xa5{e\x05\xc59\xacu\xd9C\
D\xbd9\xc4\xe6\xf1(/G\xf1)\xeb\xa2\xa4\xd8\xb6\
m]\x01;\xd5:\x14\x1cP\xafX}\xf3x\x16\xa5\
;E<Ga\x04\xef\x05\xb84\xe4D\x14\xe4\xbax\
\xab\xbd\x88\x9f\x11\x9f5i\x12&$K\xa1]\x8f\x90\
\xa0!\xde\xf2\x15\x7f\xf2-\x10\xf0\xf4\x8c\x8c\xc4\x0b\x91\
\x80L\xf7\x19;\x06\xd0\xe3\xa9|\xb0\xc1\xd1\xca\xb6{\
_\xe4\xc9\xb4\xce\xdb\xe0\x10\xe5\x1cr\x9b\xa67\xa1\xc3\
\xcd8\x02\xd9\xce^\x0e\xd0\x13\xf7$\xeaT\xe5\xe3\xde\
<5\xceu\x07\x9d\x5cL\xe3\x22\x16\xa6\xc7\x19'\xb9\
\xa4\xad[7[\xb4gf\xe3\xf1\x0c\xff\xc4\xdbu\xeb\
j\x02U\xc6H\x93\x85\xad\xc7|Y\xbc@\x11\xc4\xa9\
\x06?\xc2\xd0\x0c\xe5\x07-\xb9\xa3ZS\x5c\xc4\x00\x0b\
\x98.\xb8\xce\x99\xabS\xa7M\xc5,e\xd4\x08-\xd9\
\x8d\xb9\xe94\xf9\x10\xbb\xe3\xf0\x1b'\xbd\xe9\xbf\xa6\xf3\
\xdak\xfa\xc0\xfcXI\x9a\x8b\x8b\xb5\xf7\xce\xd8\xb6\x85\
\xae\xae\x10\xef@\x1dS\x9c|}\x0f\x9f9\x93\x05\xbc\
\x01<\x08\xafF\x5c\x88\xfc\x193\xa4xw\xd3\x16\xef\
\x02yr\x1e\x0a\x1dtU\xfbh\x0d.\xff=o\x88\
\xef\xd8H\xd2O0\x90\xa8G\x82\xe7\xdc|\xcf\xb1\xbf\
\xca\x86 \xd1\x9d L\x82|\xe8\x9f\x0f\xf0E\xe5\x11\
\x8e< \xf1y\x13.\xdd\xb1\x9cB\x9b\x9a\xc2\xb6\xae\
\xdei\xa9\x001\xce\xd8\xa5\xad\x1arb\xed\xeb;[\
\x8d9\x80_Wc\x06\xcd\x1e\x07\xdc\x99%\x8dW\xbc\
3N{\xfd\xd1J\xf7V\xad\x06\xabP\x16V\x99\xb5\
\xca(\xbbt\xd5\x09;\xab\x12\x00\xf6M\x9b\x8e\xd5\xa4\
\x0d\x1a\xe4\xed\x5cY%\x14\xbfH\x95\x04\xd6\xb89\xf0\
\x9f\xdf\xf8\xbb\x85\xc5'\x9f|\xfa\x977\xdf+\xc4\x8d\
\xc7\xda\xee\xdc\xb9s\xdd\xbau9\xfd\x0c1\xc5\x09\xa3\
\xeb\x88\xc8\x8a17\xc8w\xf0\x1dV\x1d\xe0g\x17\x90\
v\xddM\x06g\xe0\xa7\xdf\x03:\x90\x87\x197\xc9\xd3\
\x87\xd2\x1dX6\x03\x14\xc1\x8d\xf4\x19\x03m\xee\xc3U\
a\xbe\x8d\x89\x04\xf9\x15\xea7\xf3\xf1\x7fg\xb7\xf8I\
c\xa0E\xba\x1c\x87\xdd\x8e\x1a\x14\xbc\xb9(\xb3\xc09\
\x11lz\xce\xecg\x0c3\xd6\xcd^\xb7\xce\x9b\x86\xba\
*)\x0d\xeb\xc0\x17\x80\xbb\x9e\xde\xa4\x9f\x9f\xaf3\xf3\
\xf4\x1eAt.\x0ak\xacU*\x9a\xf1J3\xb5N\
\xeb=\xa8\xe4Q\xd7\x9f\xe9j\x8d[4\xd5\xcfOW\
\xa3N\xae34\xb7\xff\xe3MC\x8ee\xa0Xd\xda\
\xd1\xdd\xc1U\x00\xdc\xee\xf7\xaf}\xf4\xd6[\xb8\xd1 \
\xa6\xd9\xe9\xaa\xc5\x90E\xbb\xfe\xdd>\xfc\xb0\xcf\xab\xaf\
>\xff\xaakF\xfe1\xdc\x8fM\xd4 I\xee>[\
\xf8\xeb\xa46\xdaj!\xe4\x05\xcf\xc9z\xa1\xd3!\xe2\
\xeb\x0d9!\x0d\xa8\x06@tB&D<\x96\x0f\x00\
\x06\xec\x06\xe6cF\x8f\x19\xa30\x9d\x06\xdc\xa4\xd1\x91\
\x92\xeb\x0f\xfa\xe4\x03N\xfa\xa0]c\xb03H\x1c \
y>\xdb\x97\x19\x82\x88N {\x08\xb72\xe1c\xc0\
3\xae9\xe8\xfc\xeb\xbcqwjUR\x89\x22\xdb\x0d\
s6\xe9\xe4\xe7\xe7\x1f\xdb4\xe4R>\xa4\x81\xab\x82\
{\x89\xbd\xca:\x8ew\xb1\x06\xf6X\xa4y\xa7\xa1(\
\xd1k\xc3,\x1e\x9d\x19\x07\xdc:\xf4V!&\x87i\
\xab\x0a\x8d\x05\xd5\xa51G\xd4\xf7\xef\xdft\xa9\xa6\xc4\
\xdb\xd4\xdb\xbe\xaa\x1a\x88\xbf\xf6\xca[\x7f\xfeD\xde\x95\
\xe6\x9e_\xd5\xc6\xc2\xa2]\x87\xfe\x1f\xbd\x96\xbfq\x93\
\x1bP\xe7\x95@\x14\x1aqx\x84d\xbb\xc0\x96[M\
\x96\xaf\x06\xd7Au\x8a|\x99\x0d\xeb\xde\x04\xd3!\xd8\
\x83\x04\xd60\xce\x04\x86\xf7E\x01\x10\xc0p\x1b\x8b\xe3\
x<\xa8.\x8c:Xtc\xa1\xe4\xa1\x87\x09\xd1\xaf\
\xd9\xc4\xf9\x84\x08\x82$\xea\xb2\x9a\xf1v$\x12\x88\x7f\
\x167\x9f\xe3\xbd\xe8\xb2O'\x0b\xd0!\xba\xdb\x9a\xe2\
\xae\xd4\xd6\xb1\xe0<\xa4\xfat\x1d\x9d\xa9\xd3s\xba{\
\xb9\x1a\xc2\xbb9\x8d\xfc\xa4\x1c\x93\xee{\xde{\xef\xd9\
\x8c\x9a\xb44\xe0\xcd\xbbX{\xe3\xd9\xd6\xa6\xae\xfa\xe8\
f\xc7\xf7\x1f\xed\x0d\x97\x11\x93\xab\xa1|\xa7\xfd\xae\x8c\
\xa8!\x16+\xa2\xb14\xe2\xf7\xef\xbf\xe4\x0c3.\xcd\
\xbb\xbc\xfa\xf7\xbf\x7f\xe5\xd3O\x9a\x9bFk\xf1\xc9\x1b\
\xaf\xfc\xbe\xf8\xf7\xcc\x95\x14\x11Y1\xd2\xba\x0d$\xcf\
\x82|\x07\xea|\x00t\xca\xf95tm\xd1\xc8tE\
\xdfC\x0a\xa0M\x10D\x97h\x13N<\xee\xdf@\xf2\
HB\x0e\xf1\x8e\xc3\x00=\x80\x1fC\xf6\x8fe\x87\xb8\
\xff\xe7\xfe\xdd=\xec\x87\xf8\xc3\xdd\x1b#\xb7\x09\xbb\x9d\
zL\x84!q\x1f\x93l\x14\xcaL\xf6\x18\xf0\x8ca\
\x0e\xc5{[oS\x95\xb5\xb7 \xba\xeb\xa6\xfc\x89\xd9\
&\xbe\x03`\xc5A\xcc\xfb\xfa\x9ad\xcf\xd4\xb1\xdb<\
\xaa\xf3(\xc7\x8f^\x87\x09L\x96\xab\xd0CTi\x19\
\xd5\x98\x17\x8c\xd9b\xa3\x1eiMhdL)\x9e\xba\
\xb0\xc9\x85\x01O\xbd\xce\x18<\x1f\x97.a\x8e\xf2\xa0\
A5C\x7f\xff\xd6\x1bm\xda\xa8\xe5\xf9=4\xaf\xdf\
\xd0\xc6\xe2\xb5?\x9e\x08O\xf4\x15\x22\x0f^\xcc\x80\x01\
\x97\x8e\x1c\xc7P\xab\x1ar\xbc\x82\xef\xa0\xfb\xea\xb3\xb7\
\xf08\xd7E\xf4\x03\x01\xb7\xc4\x1c>:\x08\x8bk+\
\xd0\x0e\x02\x9ex\xb05\x89!1\xc6\x0exl@\x9a\
O\x01\xfa\x18|\x1e\xd8\x83\xe9\xbf.\xf4\xca\xd9`o\
`\x06\x13x>\x00#\x8b\xfddZ(\xad\xd7~\x98\
\xbc\x88\xff\xf8\x19\xdfl\x90{\x1d3\x10`\xb8\x03\xf5\
\x1c\x9dc\xd9\xae\xbe\x02pJu\xac\x0cp;\xfd;\
\xf3\x97\x86\xbd\xf9^\xb7\x8e]_M\xc3l7\xde\xaa\
^\x95\x96\xe6\x5c^\xde\x097\xb33\xf8\xdb\xa3\x0d\xcf\
tP\xf5v\x96\x99\xaf\xa4\xba\xa8F\x01'L\x8c\xbc\
\xd0c\xcf\xafC}\xd0\xd8\xb4\xa1\xaf\xb4\xf8^\xdf\x9f\
\xbc\x99\xa8\x13\x93\xe7a\xe8\xde\x0f\x5cG60\xc7\xdc\
\xb6\xd1S?\x0exW\xe3\xa1\x10>K4\x92^\xf4\
\x01\x11\x9a\x176\x1e\xad1\x814\xc0$\xa0\x0a\xe6\xd8\
F\x0c\xeb\x1fb\x15\xa1ot\x11\xf2\x8f\x04\x04\xe4c\
p\x9c\x0fT<\xf6\x92\xfa\x14\x02\xf2$X\xd6\x7f\xb6\
\xf9\xb5\x86_$\xde\xf1Kpb~\x8d\x0ff0\x89\
1\x16\x00\x0dEF\x11\xcf\xd1&\xf7\xee\xa5\x1e^\x00\
}\xcf:_2\xdd;\x0dD\x07\xe6\xc7V&\xc2h\
\x9f\xed\xeb\x0a?\xbd$\x07\xe1\x9b\xd9\xcf\x0c0\xdc\xf3\
\xbbMo\xe2\xd6\xf4\xc8N\x1d\x01\xf5\x09\xd1\xce\xa3\x9f\
\xdd\xf4\xec\xd4?\xea|0\xf3\xc5\xe6Dj=\xcb\xfe\
\x9d58m\xf6\xf2\xf6-rb\x03L9\xeauI\
v\x18\x9b\xc8\x93Jk\xfbz\x83JR\x0f\xfc\x1a\xdd\
\xfe\x7f8\xed\xdf\xba\xb5\xa5\x07fj\xe3*06\x07\
\xaeo\xbb\x05\x03\x9el\x97\xaa\x1d\xd2\x9d\xd6<\x1f \
>\xc5;\x96\x5c\x00u\xb8\xe8\x02(\x1f^hB\xce\
\xe7\xbd \x89\xcd\x12\x04@\x0cu\x0e0  \x80\xb9\
<\x1c\xe8\x03\x1cR\x9e\x9f\xe5\xb3\xa9\xb3\xdc{\xde\x86\
[\xe4\xa7\xb8DcW\x82\x19\x07\xa9\x92u\xab\x8b\xb4\
\xdb\x81ww\x00\x0e\x0f\xd5\x04\xc3\xf6\x18\xc0\xef\xee\xee\
\xf5\x0c@\xf7]\xe7;\xbb-\x8c2\x12}\xcf\xfe\x95\
{`\xb7\xb9\x22>\x83\xbb\xea\xe2\xce\xba\x88\xd3\xb8>\
3\xdb5\xf1\x0f\x7f\x13\xbe\x99\xc5\x87\x18\xb6F\x06b\
\xdb\xb6m\xd7\xf9\xbe\xf9\x977\x13\xff\xf0\x97\xfe\x8f\x16\
\xf3V\xad\x10\x94\x83\xfd\xce\x09m2\xc2\xc6\xb4)2\
\x9d\xb0\xdb\x81\xe8\xe8\x86\xbd^h\x81\x5cWw\x85\xbf\
<\xfb\xacm\x8c^kp\x9d\x92\x0fd\xf7\x1a0\xfb\
\xd2\x19\x04\xe7\x10\xa5\x01\xd6\x08\xd2\x91\xea\xa0|\xd6j\
(z\xd1\x11\x04\xf0\xec\x02\xc4\x1c4\x97\x10\x0aX\x89\
\xba@\x9e\xd7[\xab)\xb4\x17\xe4\xe5f\x81\x87\xb2\x9f\
\xf8\xb3\xd5\xe3'\xfb\x8d\xdc\xfa0K\x88\x11\xa5\xcb\x88\
\x17!M\x10\x07\xf0\xc9\xdav\xe6\xf63\x86\x98q\xe9\
a\x82\xb1\x06T\x99111\x04\xea\x86x51\x9c\
\xfd\x8c\xaf\x9b\xef3P\xea\x85\x85t\xd1]WNL\
6|f\xf6\x1e@\x9e\x91\x99ic\x93i\x9fQb\
s\xbbp\xf6l\xc3\xc4\xd3\x7f\x11\x17\xad\xff\xab\xaf\xbe\
\xfa\xe1\x87\xdd\xbau\xeb\xdf\xbf\xbfE\x9b\x8e\x7f\xee\xdf\
F\xf7!\xae\xb7\xfa\xba?\xd4k\x07P\xfd\xa8\xa8\xf1\
\x0f\x03\x9e\x09\x92\x0c\xbd\x90\xeb@\xbd\xbc\x0e\xb9q\xa6\
\xafvx\x88\xdf\xd0\xe1\xcdl\x1d\xd4*\xb8\xb2$\x8f\
Y\x15\x90\xf0\x1e{\x18\x91E\x1d\x1a\xa0\x0c\xccW\xc3\
\x8a\x07\xf8X\x17\x22_\x18v\xec\x0d\xf8\x13\x98\xcf\xc8\
\xa2\xbfF\xc6J\x82J\xe4\x14\x8c\xb5qT U^\
\xd4{\xf0Vl\xc1\x82}\x85\xebrW\xfd\x9a\xfa\xd0\
\xe6_e\xefa\x7f\x12\xe7\xc4\x92\xcd\x07\xb3So\x22\
\x1f\x0e\xf7\x12\xe5}\xe7\xa0\xcbM|\x0dM\x98]\xcd\
\x85\x17t\xf7\x00\x13\xe1\x96\x17\x02\xd9\xd9\xb3\x13g&\
\x1a\xce\x9e\x9d\x03\xa4m\x0a\xear\x11\x85\xab\xb3G5\
\x92\x0c\xec\xeb\x9e\xfd\x07QR\xbbM\x87\xfe\x1d,\x14\
\x9f\xe8QS\x5c\xe9\x1am\x86\xab\xac\x87V\xd2\x80\x97\
Tg\x88\x86\xa8\xc3C+\x1f\x1a\x85\xa8{Z\xd7\x87\
H\xd9\xb2x311X/L\xaf\xacl\x89?\xf4\
\xbaphJ\xf7P\xaf\x83\xe3\x84\x9c<\x9f!^W\
\xcfP\xebw!\xe4\x19\x9f\x07\xee\xb4\xe2\xd8\xc4eV\
_k\x09\xa4\xe6\xd2\xe3\xe2+B\x5c\x1b\x0f\xa1\xc4%\
\xa7\xd5\x9f#j\xf5\xfd\xa5~M\xbd\xbf\xd9W\xd9e\
\xc6\x8c\x193V\xfc\x04\xa0\x8f\x15\x1f\x91'#\x06\xd5\
\x98+db\xe8\xeb\x8b\xa7\xef\x80\x01x\x01\xec\x00]\
\x18m\xeb\x04\xe6\xbe+\xa7\xefA\x10&\xa30\xc3f\
]!\xee\xa0\x8ega[\x9b\x82\x12p\xddwO\xf6\
\x9b\x8f2[\xe2A\xdc\xef0BU\x84\xe2\xdf\x98\xdd\
d\x80\xec7LW\x94\xb0\xb3\xfa\x04\xb2\xa4z\x0f\xea\
\xf6\xa0\x0f7\xde\xf7\xe7\xf7<\xa6;\xea\xa1dAY\
X\xeb\xbcDT\x01\x87\xc2C\x1c\x1eY\x15Gn\xac\
^}\x13\x12\x9d1Yr\x1e\x7fP\xf1\xa0\xbd\xe8\x06\
\x5c\xa07\xc0\xb5\x93\xae\xb6\x80\xa3\x1e%-\xbc\xb9\x87\
]B\x91\xec\x1a\xdc\xb0U\xe9+\x8a\x1e\x17{\x80\x97\
\xfa\xb3\xec\x14\x9a7\x0f\xbb\x86\xf3\xf0\xb3\x04}R\xd6\
\x0d\xd8p\xb8\x9d6\xa4\x98\x1b\xca\xc6\x0d\x90M\xc0\xce\
U\x18\xe7\x00\x1e\xae\x19\xda3\xcf$\xae\xec\xe7;\xdb\
\xf5vIA]I\x8esy\xd5\xe6\xbc\xaa\xc3\xb9\x85\
6\xce(\x05\xdd\x16\xc1\xbc\xe4G\x1d|k\x8c\x8f\xe6\
\xfd\xe0\xde\xd6\xb4\xe5\xb4\xb8.\xe2\xb1'\xca{\xba\x98\
\x9a\xa6\xc9\x82\xf5\x9a\x83\x9bYy\xf1w\xd9\xfa\x82\xe8\
ze1W\xcc\xa1\xe2\xc0u\xa4\xa9\xed\x99\x8d\x88,\
P\x17\xb2=\x0b/\x0c\xd5\xc8\x87P\xeb\xb4\xf0\x04\xe6\
\x9e\xb4\xc4\x14\xf0\xb4\x10R\xafB\x02\xf0\xe2\xcb\xb7\x04\
N\xbd\x83\xe4W?\xb4\xb1\x05L\xc2\x22\xc4\x81\x02g\
\xbe\xd1\xfecO\xb8\xdfC~\x82_\xc2F\xc8\xb1\xea\
\xe3s\x9c1\x19\xcc^\x02\xd5\xd1\xa1\x19\x90\xc9\x86\x8f\
\x8e2\x04p\xd3\x93\xb3\xb3\xdd`\xc8e\x83\xea\x12\xf3\
\x01\xd3O\xc3\xaa+\x81<\xcf\xc8(\xdf\x5cVv\x1e\
\xf7R\xdf\x5cW\x93\xe1\x82M\xeb|\xfb%\xbf\xf9\x98\
\xe4\xf9=\xb0}\xd2\xcb\x9aa\xb9\xcd\x96\xbc\xb9\xae\xa8\
2\xc3\xd9\xc9'\xaa\x87\xba \x92\xd8\xdc\x8d\xd3\x1b\x9d\
\xed-;\xfdbT\x99\x83V\xc7\x1d\xe6,?N4\
\x01\x17\xe0\xc0\xbaw\xe7\x98\x1bP\x07\xcfa\xbe\x11r\
\x90\x9d@\x83\xec\x5c\xcaN \x88N/\x9d\x97X\x80\
%\xd6\xa0\x9e\xb5\xc0\xa5uE\x10\xb8M\x82!v\xd6\
/\xb4\x0e\xc6\x91\xca;\x0a\x06\xed\xc3\xd5\x07\xa9\x85F\
S\xaf\xea\xcf\xe2\x93cG\x8f\x95\x9f\x9f\xb4\x9a\xbe\xda\
\x1e\x98+\x189 \xe8\xac\xb4\x87\xb6i\xda\xf4\xe9+\
'N\x9f8\xf3\xb4\x9bI\xf6i\xb7\x01\x86^\xdd)\
\xf3\xdd\x9eMv\x9d\xed\x8a\x02\xef\xebl\xca+\x7f*\
\xc6\xd8t\x18\xee\x9c^\x9e\xd1\xd6\xdb\x06\xdb\xba\xbb\xff\
\xa1]\xa3\x0b\xf8\xd8\xde\xf2\xe6\xe9\x18V\xc7-=\x80\
zu^5\x8c9\xdc\xa1\xa0\x16E\xc4z\x7fh\xf1\
P\xbfB\xf7\x1dKK N\xd4\xc3Z[v\xea\xfb\
\xe9\x9b\x90\xf0\xcc\xfe\x97z\xfd\x86\x00\x9d\xaa\x1d2\x1e\
:\x1dZ\x1dh\x0b\xc6\xb3?\x00\xf31c\xe9\xa5\x13\
 \x81\x0a\x80\x07\xb9\xd4\xabt\xc0e\x13\xb0s\x95\xe4\
\x13\xaf\xf2x5\x94\xe2cr\x13q\xc7[!#\xe4\
\x16\xcd\xb2A\xc7\xaa\xff\xa8f\x8d+\xa2\xe1\x1cD\x1d\
\xefnI}^*\xfa2\xfa3l7\xa1\xcb]\xa7\
\xaf\xecW\xda\x0f7%\xc3\xedeQ\xf1\x9f\x1d=\xb1\
\x14\xa1\x9a\xec\xd3\x89 zII\xdbB\x14S6\xb0\
\x15wmZ\xd2z\xf3\xb1\xc2Bk\x9bB_W\xf7\
\xc4\xfe\x0fu}\x7f\xc5\x83u\x87\xc7\x19[\xfb\x11u\
0\x1dU\xc4\xaa\x83q\xdf\xa1\x83\xb8\x7f6\xee5\xf5\
p\xe2\xe7\x85N\x9d:\x01p\x96\x1a\xc3]\xa8B^\
h\xf5\xf7>\xac\x89\xed\xd1\xdd\x0bz\x1d\x12\xfe\xecY\
2[\x88wa\xcc\xd3w\x13\x9c'\xd7\xd1\x13pu\
\x19i\xd1\xc0\x825\xadw\xb2'\xd0\xb0\x8f\x1c+`\
\x17a\x18Ff\xb4?\xa0^W \xc3\xc1\x02;\x82\
/O\xa09Z\xb3\xa2\xfe\x08_\xef\xd9\x08\xc5\xc1\xed\
@}\x8c\x0f\xc2\x0d\xe09\xcaG\xe1\x7f\x02\xb2pI\
\xdd\x93a\xbb\xbbb@\xd9\x15\xbe\xb9\xaf/\x9du7\
WC\x93=&\xddKM\xbcLLN\xa3\xb6\x9e/\
,w\x08w\xbd\xd6\xb8c\x0b\x1aj\xf0\xe9]\xca\xcd\
\xb0.\xc9X\x87\xb8\xe5\x13S\xea\xad,F\xc4\x19\xab\
\xa2x\xeb\xcd\xaa\xe2*\xb4\xa3U)N\xd6\x18\x08P\
\xeeK\xd1\xe2\xfe\xa5;\x12s\xa1\xf4\x00\xba\x1e\xa5\xbb\
\xbf9\xa7\xe7t\xe3\xe5AtN\x8e\xb9\x91\xe5l@\
\x9e>;WHv\xf1\x0a\xc1O\xd0%:\x92b\xf7\
,I\xbd\xb1c\xc6F\x8e\x17\xe2@ $\x8fQ8\
\xa9\xf9\x00\xb1\x130\x8f\xc1h\xfb\xd8I\x93\xc6C)\
\x88\x8e\xa29BYQ\x1f\xa6~U>\xa59\x1fV\
h5\x82\xe7c#W\x1f\x17\xb9\xceB\x9b#G\xc8\
\xd5\xd0\xd5\xd7}\xd3!_F\xda\x0bm\xf6\xc81T\
\xe8rDf\x18\x7f\xe3\xa2_\xb6\xbbo\xa1\x0d@\xaf\
\xc9\xd77\x10e\xd8Z\xb7\x8e);\xb1\xe9\x18\x824\
\x19\x85\xae\xdd\xdd\x1eq\xec\xedA\xd0\xb5\xeb\x15a\xac\
r\xe9ytw\xe5n\xb6\xa3=3\xd3\xbc\xe3\x1e\x1e\
\xf3\xce\x9d\xfc\xf3\xcaHs\xe2n\x19\xfc\x0e\x22N\xba\
m\xfa\xbf\x87X\xa5Gw\xa4\x84#\xab\xa2\xe2\xccY\
\x815\x09.\x00\x17\x90K\x15\x0f\xe9~\x8b\xc0\x88\xcb\
|\x0f\xe1\x04\x88\x90\xf5\xe0\xf8\xf8\xe5c'\xc1\x8aV\
z\x87<\xb2\x11\x89\x15\xe8\xa4\xaf5>rl\xd6\xa4\
\xb1\xf8`\xe3\x83\xea{\x86\x06\xf2\xfaM\xf8B\xf5\x1b\
v\xae\xb1\x93|Vs\xee\x92or)JB#M\
\xc6U\x8c\xa5\xccFV\x1c\xfc\xeeB\xf8\xdf5\x19\x85\
\xeb\x5c\x0b\x0b\x0b\x19\x86\xc3\x0b\x0c\xb8\xc2\xd9\xa5\xc9{\
\x5c]3\xd2 \xdd\xcb\xa7\x9f\xc6(\x0bb^:\xd3\
fN\xd4\xc9/lkm\x03\xf9\xe0\xf1\xb8o\xac\xab\
\xdd\x0b:\x8c\xe8m\xacR\xd9G\x89\xc2\xd4u\xf6\xd6\
\xde*\xd5\xa0\xe1\x0fkd\xe8\xbe\x82\xb9.\xd2\x8a\x03\
\xec\xfe\xc1\x7f\x15\xba\xa1M\xff\xe71\xe6\x06A\x98\xe8\
\xc5\xf1\xf5\x1b\xab\x01\xbb\x14\xf1\x92\xf4\xe2\x0d;\x80 \
\xfaX\x85\x80M\xbc\xe0\xd2\xb3M\x1a\x1f\x09{\xbb\x89\
\xfd\xf7n\x12\x14\x85\x198\x9e\x92\xe1\x01g\xbe\xf7\x93\
\x0d\xb6\x10\xf2\xb1c\xc7\xdc\xda\x86\xf9\xe7\xbe\xd0\xd4\x08\
/{!\xbd\xbd\x04\xd9p%\x88\xbae\xa4\x1cu\xb0\
\xd9Y\xd2sWJ\xc1:\x1b\x87]\x0e\x19;\xd7\xa5\
\xd5\xa5\xd4\x15b\xf7\xec=\xc9\xdd\xf7\x14\xda\xa7!\x17\
\xfeD\x88\xddT\xd4\xd5\x16s\x86\xf6O?V\xb83\
\xcd\x06\xa9enO\x12\xf4V\x16\xc3{\xab\x00{\x9a\
\xb5\x8du\x1a\x86} \xda1\x1a\xf0pM\xb7\xf3K\
\xfe\xfe\xb6(\x08/\xccw\xc7\xf0\xe0\x91\xf2\xf3\x16\xdd\
\x90K\x03\xd3\x06N\x0e\xf4:P\x97,\xa7\xe9\xa6\xc8\
v\xb9\x02\xa2\xe3\xd22\xfc\xf1\x806i\xd2\xb8H \
\xf0\xe0\x83\xb4?/\x8e\x1c'\xf4\x81\xf6\xe6\x87Z\x9f\
\x84\xa3\xc7\x9e\x936\x9c\xf8O\xdc\xf7\xb8\x16bRg\
I\xcf\x94\x94\x9a\xb4\x92\xa8\x9e\x0b\xecwz\xaf_\xb0\
 36\xcd\xc9\xa1g\xe0\xce\x9d\xb1\xf6)\x07\x81t\
\xc6:W\x82\x0e\xa6\x97\x1c\x9b\xf9\xb1y8\x93\xcc0\
;0|\xe5\x9e|\x9b\xb6i\x19\x85{\xba?Y\xd0\
[\xb5\xea?\x1c\xf5,1\xa8k\xcd\xd1\xdd\x11\xc3\x1f\
>\xe8\xaf;\x12S\x9e(\xd9\xaf\x10w\xcb\xe0N}\
\x95Nc\xf1& \xa7\x7f\xe3\xc11\xb7\x1b\x222'\
\xd9\xae\xd6\xef :\xed8h\xeb\x07c\x0e\xdd\x1a\xb9\
|\xec\xd8\xf18LHk\x0dt\x84E\xab\xe1\xad\xb2\
\x05/\xec!\xe3#\xc7i\xedn\xc9\xaa\xf2yy\xe8\
\xa4\xb1co\xc9q5v^Xp\xae\x85u)~\
i\xb1\xf6\xa8\xe8\x9d\xe6\x1d\xe8\xb7`\xb1i,\x96S\
\xbcc\x03\x17,\x08\x1c\x14\x1b\x9b\xe4\xe7\x94\xb6n\xa7\
\x8d+\x12e\x01\xbau\x1a\xee\xcd\x85\x04\xba\x0f>\xd0\
\xff\x00\xb0\xeb\xe4dT\xbb\xa4\x01\xf4\xd2~^O\xce\
\x90\x13\xe0\xb4\xb1\xe8\xd0u\xf8\x88\x11\xaa\xde#F\x0c\
\xef\xda\xc1B\x01\xec!^\xa0\xd1\xfdma\xc3\x91\xe9\
ae\xfe!\x9a\xfc\x0f\xdd\x17\x099\x9f\x89\xa5\xb3}\
/S\xadS\xbes\xc1Wi\xc9\x01\xf3,\xc0\x03\x80\
\xf0TZ\xfd\x9afK\xe48\x00\x00\xec\xb5v)\x16\
\x1a_\xd4\x0f\xf5\xe1P\xfc\x93\xd4\xa8k}B\xb3\xbb\
e+\xf8U>\x18K\xcde\x9e\x0c\xfe\x0d\xcc|v\
u\xb59X\xbb\xc0l\xa7\xb5\xdf\x82\x9e\x05\xb1ES\
\x16LQ\xc5\x16\xf9-\xf03\xdeY\xb4\xa0g\x94\xe9\
\xceX\xd5\x94\x83\xd6;w\xda\x14\xceNt\xcb\x81\x12\
h\x8b\xe0\xccT\xbb\x0f\xf6O\xfb\xe0\x83\x0fp\x97\xbb\
=\xc7\xea\x0a\xbd\xadk\x0a\xfb\xf53|b.[=\
\xb0m,\xda\xa1\xdd'!\xaa\xfe\xb0\xa6\xd7\xfab\x02\
+\x5c5\xf1\x8c\xe9\x11\x1e\xae\x06\xfd\x93\x17y\xa7:\
\xc9\xf4D\x11\x87\xdfv\x96\xa2]\x00\xaf,\xf1B\xc8\
\xb5\x00\xe7z=\xb4\xec\x0d\xf2!pz(\x00\x01;\
z\x83\xd6\xa7\x1bA\xdd\xdc\xc9\xa0L\x10\x87\xdbv\xe8\
\x19\xccQ\xe4\x7f\xb1\x07\xf5dl\xdaf\x82\xd2\xde\xb1\
QX\xc6&M\xe9\xe9\x97\xb43\xc9o\xc1\x82\xa4\x9d\
\x84^\xb53\xd64\xaa\xe7\x14\xeb\x9di\xf6\xbe{\x00\
\xba\x0d\x95\xbaN\xe2t\xfdi\x031Ip\x9a~N\
Nu\xe1\xba\xb4\x0c\x9b\xe4\x1c\xaf\xe7\x1f\xd6nj\xfa\
\xd2?\xb1\xad\x16\xa3,\xfdm\x05\xcb\xc3\xc2b\xc2P\
\xcf\xa0Ldz\xb5y\xf1M\x04*\x05\xcf\x11\x91E\
p\x0e3\x9e\x8e\xdc\xd8v\xfc\xd6\xea\xd5x\xd67\x10\
\xfd\x16\xd0h\x00<\x81B\x13\x06\x1c\xd7\xf0^\xf4\x83\
\xe6`\xe2\x874m\x92fM9\xb9<S\xfd\xd6\x07\
\xaf\xe1\x1b\xc7\x8d\xcdb\x1cn\xf6\x9e\xc4=4NL\
\x5cs\x0e;\xb7u\x11\xf46[\xb0 \xcaT\xb5x\
\xc1\x82\x22\x90\x9bKk?t\x80\xd8\x9dV\x81\x0e~\
E;M\x9d\x0b}\xdd\x0as\x0a\xed3\xd6\xad;\x96\
\x9f\x988q\xe6\xc4\xe9S\xffx\xba\xb0\xfc\xd8:\x0c\
\xba\xe4\x1cJ6\xec\xf3pq\x90'\x06\xee\xfd\xbex\
\x18\xe60\x83\xe5\xf0\xd8\xca\xca\xe0\xa4\xe7\xd9^\x19\xd9\
\xf1\x93?\xbf\xd8';;\xf9\x0f\xd9\x08\xc7\x12r6\
fU\x9cQ\xf4\xba\x9a\xe7\x90\xf3\xd4\xe8\x0d!'\xc6\
\x0a\xdf\xd54U\x84\x81\x16\x8e\x0fFL{\xaf\xd2\x83\
\xc0z\x9c\x95\x7f\xe2\xeb4K\xedC\xe5\xba\xf8R`\
\x8e\xe4Z1\x17y\x8f;\x1c\xcf\xee&{\x0c\x93\xcb\
S\xea\xd2\xbc\xa3\x16L)\x82\xee^\xe0g\xedm\xe6\
\x07\xbe\x0f\x82:7\x8b5\x9d\xb2\xc0\xaf(6\xd6\x0a\
\x9b\xf0\x12U\x87\xb8\xcd\xcb6\xb73\xd3\xd6\xa5\x95W\
Ow\xc5`\x84G\xbf\xe9U\xe5\x1ch\xcb8\x94\xd3\
\xdd\xf7\x09\xab\xf4\xfba\xd9\xd2\xedmFZ\x220C\
\x1f\x1d\x98\xeb\xd9\x9e\xb0,\xb3}\xb6\xcf\x1f\xde\xfb\xc3\
\xe9D\x04\xa9LX\xa6K\xb0\xdd\xcd\xad_wXs\
Gn\x9c\xab'\xb9XC\x08\x96\xe2\x5c\xc0,.\xba\
\xb8\xe6\x08\x83\xb11\x08\xaa\xec\xa9?@\xecy\x88\x05\
M\x81I\xf2\x81\x15q\xd6\x07}Z\xfe\x16\xfc$\xd6\
\x16\xb1\x81\xaf\xb6\x07\xb1\x06\xf7\xee\x1e\xae\xfd.U\x97\
;Y\xc3d\xf33\x8bUA\xa6\x17\xc5F\xfb-X\
?H\xb1\xe1`\xca\x9b\xc5\xc6\xc6B\xb7\x9bY\xc5\x16\
\xa5d\xf8\xfa\xee\xc9\xcdA\xd2k\xdbu%\xd5\xd5\xc7\
V\xae\xdct\xa2:c]\xdb\xb6\xf6\x19\x872r\x0c\
\x1f\xef]\xd3[\x0ae\xcb\x8f\xeb\xfc\x92\x81?\x88\x8e\
\xa8\x0c\x9e\x8e\xc5\xc5\xe1:\xbfsK<\x9d\xd8\x1d\xec\
@$\xd2\xd0\xc4-\x99z\x1d\x0f7p\x1d\xb94\x18\
}\x91`+/\xb7\xb2\x84MN\xd4\x95Fx\x05\xf2\
\xa4\xbcfE\xf0\xb3e\xc8\xd7\x7fFY\x13/X\xc0\
\x14\x94'T\x1f\xa1\xfeJ\xcd\xab8\x88\x07\xa2!7\
\xea\x102`\xf6\xc0;\xc7\xc0\x9a[N~y\xdd\xd0\
\x83\xf6;\xa3\xfd\xfc\x02\xa1\xbbIoXr\x8bU;\
An\x1a\xf1\xdc\x10\x1bk\x1c\xe8\x17h\x15\x9b\xd43\
%g\x9d\xeb\xcb\xb73r\xed\x99:\xe5\x5cw\xec\xd2\
\xa5K{f\xaf+\xb1\xcf\xc8\xb8\xfdr\xf7\x01\x0f5\
l\xddr,\x1e\xdb\x91}\x8b-At=\xc2^\xa6\
\xb79|\xb39r\xc0\xb3\xbbw\xef\x8e\x92}&\xcc\
\x90\xe4\xdd\x1f\x04\xeaxA\xd5\x82:\xa0N\xdc\xa55\
G\xf1\xae\x5cb\x05u\xc2!\x9e\xda\x0c\x9f$\xb6)\
\xbb\xd4\x80=\xe8U\x9eD\xf9\x14y\x8esJ\xb2\xcb\
\x93`\x83\x5c\x11/\x9a3\x89\x15\xe2=~<\xdc\xc3\
\x19r\xfe\xb9\x1b\xca\xd5r\x08}bu~n\xddP\
{\x98op\xce\x06-\xf6[P\xe0\x8d\xd5(\x98\xef\
\x0bh\xc4C\xcb\x13t\xd3\xa2\xc5\x04}AJ\xae\xab\
\xaf\xeb\xb3\xb9\x19\x19\x996H\x8dm+\x9f\x19\xf6\x05\
\x19\xb9\xcf\x96\x0e\xf8o\xd7\xe8\x1dG\xf9[\x22\x02+\
 \xd7+\xc3D\xf6\x89\xd9phM\x0c\x13\xdd\x90B\
\xe4\x9e|:\xd9\x0d\xea\x8cZ\x1dr\x1eKdU\xdc\
\x10\x5c\xd7\x18\xf1\x08\xcc\xb0)\xc8\x885\xf0\x0e\xef\x09\
\x94x+\xd6\xc5;\xf5\x06n\x7f@\xd3t#\x9e\x16\
O\xf9\x90\x1f\x98\xa4~/\xbeC|\x8f\xe6Lx'\
\x9e\x00|\xecx\xe9\x9f\xf7C\xd1(LR\xc4\xc4T\
\x8f\xe9\x1b\xf3s\x9d\xeb\xec\xbd\xad\xa3\xfc\x02M\x05\xc6\
\xde\xd6\x00\x1d\xe6;@7\x8e-\xf0\xeb\x19\x08\x9f\xcd\
\xd8\xcc\x0f\xb4O\xf2s\xa8+|\xde\xd0u\xe5\xb1\x0c\
\xfb\xcc\x1a\x17\x0c\xb6\xb5\xc54\xfeLg\xfb\x8c\xdcM\
\xdd\x07<\xff\x90\xc3Y\x8f\x8d\xc0-\xfd\xa2a\xf0\xd1\
\xc1s\xb0\x1c\xc1\x19\x03K[;\xd4\xe9tw\xf7E\
\xb2`\xf6\xef0\xf4\x8cq'\xf4\x80\xee\x86\xa5\xbcx\
x\xee\xe1\x98\x9b\xd4\xeb\x82\xeb\x8c\xc6\xe1\x12\x8b&A\
\x16\xa0(\x80\xab\xe1\x90(*X\xaa7\xb6\xf0U\xc0\
\x8e\x93R\xb2\xcb\xc6\xf3\x88s\xc9]\xea\xcd\xe2\x95\xfd\
m\xf4\xd8\xf1c\xc6\x9c[M\x9e\xf7\xf30A\xc2+\
nf`\xf2\x8ck\xb6N\xfe\xcaK\x0eC\xbd\xd3p\
\xff<\xe1\x9d\x07z\xc3|\xf7\xb3\xde\x09\xe8\xa7X\x83\
\xef\xec\x0b\xb4\xf0\x02\x07\xed\xb4\x8er\xa8{\xbd\x7f\x9f\
\x01{\x9eE\xa2Tn\xae\xb3\xb3s\x0d\x1bVW\x96\
\x0ex\xfe7\xe0\xa3\xb7\x14\xde&\x8f\xeb\xf8\xd7p\x03\
G\x10\x1d\xa0\xc3\x98\xc3\x84\x99\xd3\x94\xea^^\xdd\xf7\
\xb8\xe2\xfe\xa3(\xeekh\xe8jh\x98\xe8\xba\x0e\x83\
S\x00=\xd1\x03cPR\xaf\xd3o\xc3_\xd6xq\
\xfd\xd5\x84\x94W\x1e\xef\x1a\x01\xd2\x90\x92\x0dp\xba\xcf\
\x1b\x9eV\x9c\x9a\x1f\x15g\x1b?VF\x81pr\x12\
\x9a\x0b\xe5\x10\xcd)\xc4vl\xbc%c\xaf{\xfa!\
\xbb\x19!w/\xe4A\x99do\xca_y\xacn(\
\xccw\xbf(\x15\x821\xc08m\xfd\x028\xea\xc6\x08\
\xc9%1F\xb3\x98L\x87\x9aO\xdbi<\xc5!\xaa\
k\x9bV\xfd\x9f\xef\xf7\xf2\xb1!C\x805\x11\xaf\xc9\
\xbd\xb4\xe9\x10x\xfe\xf01\xcf&/\xfd\x93\xdb8,\
\xc4\xdf\xf1\x0a\xee\x0eP\x06\x87\xed\x0ajU\xd8Q\xa8\
\x1b\xba\xbe\x9c\x03\x97\x05\xe8C\xb6\xef1\x9c\xed;\xc0\
\xd0\x06\xb0S\xc0#\xab\xc2\x17\xf9\xf0B\xc4\x13\xf6\xac\
[\x1a\x9e\xd7\xb3\xbb1\xe2\x02\x13\x01\x91\x06\x9d\x96\xac\
h \x15\xd8\x8f\x1d\x03EMeM\xa0\xeb\x1f\x0dO\
\xe4#\x0f\xc54\x1c\xe6F\xedI\x84>G3<}\
\x1a\xf9o\xa7\xa7m\xe4\x1ctD_\xa9\xc8]`\xce\
\xa9\xb0\x0a\xd0\xe1\xa8\xfb\x19\x03t\x88w0}\x0a#\
s\xd6S\x1cj\xba\x02\x956}|\xbbO\x1c\xa23\
\xe4\x12\x0c\xb9\xbaK\x9b\x9e-5|\xa6\xcf\x7f;\xcf\
[u~\xa7\x93\x01\xe6`-\x11D\x0fC1\xa2l\
Ta\xc9\xc1H\x14\x06\x1a]]\xbd\x0c\x07\x18&\xbe\
\xf7|\x9fn\xdd\xde+\xc0\xb0\x14\x06\x14Q\x83\x22\xd9\
\x8bui(\xe1\x05\xe8\xc4\x80 K(\x14\x08\xb8!\
\x92<Tz\x84\xc4H\xd9\xd9\xd2\x17|\x9c\xe7U\xe3\
\x8bU\x0c\xb5\xd2\x82\x90[\x9b<\x8d\x8f\xd8\xbb\xfc\xdc\
qQ[\x84\xbd\x944?\xedx>\x9b\xa0\xeb_\xca\
\xafsNk\x1b8\x05A7\x80\xbe\x9e\xf8\xfb\xb9\x08\
\xd0\x93(\xd7%\xd3{.\xf6\xdei\x1c%\x98N\xd4\
\x9f\x1f\xe0\xf52K\xb9<\xfb\xbb\x1cw\xc3\x01\xcfw\
\xfb/\x8f\xca\xb4\xd2\xed\xf8\xd7N\xc1`:n\xd4\xa6\
\x17vE\xcf\xd6\xd2`c\xa9\xd7\xba=0Z\xda\xa6\
\x95\xc0U)5\x19\xf0\xfc\x87\x10fm,^\xb7\xbe\
\xeb\x82r\x15@\xdd\x1d\x8a]p]\xd8\xf0\x88\xc1\xde\
\x12 \x10\x02\x82\xa14\x026&\x0b\xe3j\x1a\xd4\x05\
x\xea\xdd-{U\xc0%\xeal\xe3\xc7F~\x85\xe0\
\x0c\xdf\x89g\x13=I|b\xcc\xf8[\x22g\xa2_\
bw\xb7~(\x9aa\x92\x1c\xdczI^\xb6\xc9\xcb\
\xfa\xf9:\x97\xeaj\x0a\xbd\xcd\xa6DA\x917d\xba\
5\xa8\x8f\x18\x1duz\xcf\xc5\x83b\xad\x17;8\x93\
\xe9@\xbd\x7f\x9f\xe7\x9fAf\x15\x8b\x12\xcc\xee\xd3\xed\
\xbf\xdd\x84k\xd5\xe6\xd3\x8f\xecPf\xd4\x11Y\xcf@\
\xfd\xcay[\xdb\xbc\x89H1(,L\xc3\xfd\xa3\xad\
\xed\x0bg\xbb>\xdfG\x86\x98\xdb\xf5\xeem\x16m]\
\xb8n\x0f\xc6\xd7\x91P\xc317fK\xae>w\xeb\
\x96\x22o\x05,\x0a:\x02\x14\x9f,\x8e\x90\x8d\x07\xf5\
\xd0$N\x9a\xdd\xf2\xe0\x96/\xd5\xb0S\xb8C\xad\xe3\
<\x0a\xeaM\x9e\x02\x983g\x02\x85'\xc1r\xdc\x5c\
&\xdb\xdc\xc0\xdf1\xc6?g\xba]>\xea\xadP\xbc\
G\x05\xaav\xd2q\xf3N\xd3b\xba\x0b\xd0F\xf0]\
\x10\x1e\x9a\x1d\xa0\xab9\xdd\xae\xff\x87}\xd0\xbau\xfb\
/\x8f\xb7\xb3\x0f\x7f\xfa\xe6\xf3n\xd3Q;\x187\xf2\
\xc1}\xda\x96\xb4F)\xc1\xa9\xeb\x5c\xd7y[\xbb\x14\
\xa9TII\xd1\xf6\x85\x0a\xe4\x9cB\x85\x9b\x07G[\
\x83\xea\x10\x98\x9c\xf7\x84\x1aT7\xa8\xd7o\x11\x83\xc6\
\x8d\x98 \xf9\x81c\xa9\xa0\xa7\xe4\xba\x02{\xe3C[\
\xf4^\xfdY\x9ci\xf9r\x18\xe6\xfc\x90\xec\x07bU\
\xeb\x1c\xe3\xc7\xe1\x18\x9f\xac\xd5\xc0\x9c\x11%\xcc_J\
4L\x0c\xb1\xd5\x9985\xb82d\xda\xfe\xc3\x00=\
\xc3\x1b\xe2\xddL\x15\x0b\x93]\x82n\xcdU\x84\xdda\
\xc8q\x98\x0d/\x81\xe4\xbb\xd4\xe9\xbcN\xea\xa6\xee\x03\
\xea\xf7\xff}\xaf\x1d;\xbf\xf5\x07&{{L\x0d\xf1\
7\xc0-9\xaf\xb4\xbebk\xb0\x11\x99Di.E\
\xd1\xa1Iq\xb8yt`M\x07\xf5\xff5\xdc8}\
\xd1Z#3\xa2\x8ek\xc9'\xf5:\xd5z\xd6\xf8q\
@V\x11\xe2@XY\x1b\x0b\xd9\x8e\x04\x08\xe0\xa1\xde\
 \xa1\xc1\xbb{7j\xa1\xd6\xe8\xf0F{p\xfeq\
\xcb\xc9r!;\xd4;\xc7\xb3\x09+r\xfc\xb8q\xe3\
oq\x1e\xcb3\xbe\xcck%\xd5=N\xfb\xdb\x9aO\
\xd4\xb7\xd3\xefQ\xa6?$\xb8\xba<\xd3\x06\xf4\x8e2\
K\xdbY\x14\xe5g\xe6\x8d\xb8\x1c\xadw\x05t?(\
sa\xc4#8\x03\xd0\xfb?\xc4\xa40\xf5\x85\xfa\x0d\
\xbf\xea\x0e\xeb;\xaa\xe2\xf2\xa1\xdf\xbd\xec\x01\x8f\xec\xe5\
\xfd\xe1y\x06\xb6\x98\xe2`Y<\x11\x93\xb3]\xa2\xcd\
BCC\x8d\xe2\xa2\xdb\x07\xae\x7fK\xf9\x1f\xda\x8c0\
\x0eX\x14\x90\x1e\xbd\xc1\xa5\xad\xab\xab\x08\xd4x\xb8c\
\x16\x04%\xfc\xb8\xe5\x91\xe3\xb3\xc8/4q\xf1%l\
\x90\xec\xcb5\xe8\x8a\xbd\xf2\x105P\x0f\xfb\x8aO#\
u\x0aX\x8f\x19\xb7\x5c|\x9b<\x9d\xb2\xe4\x0e\xf1\x03\
n\x8d\x1fs.K\xd4\x99\xa0\x0d\x87\x09\x8an\xbe\xbf\
;ok7\x0d\xb7\x0d\xcf\x8bq\xb4+\xbfQnS\
\xd2\xd6:0\xd0\xcc;\xb6(\xca\xc9\x0c.;\xc7S\
!\xd1a\xd9\x99A\xc9#\x8b\x22\xda\x8f\x81\xb9\x22?\
\x07{M\x97\xff\x0d#\xd9\xc2\x9f\x86\xda\xd6}G\x9d\
9s\x067\x0d\x87/\xe3\x06\xd4\x93\xf7\x83\xec\x8ea\
\xb6y\x069\xeb\x0a]\x0a\xda\xb7\x0fm\xdf\xde\xcc\xc8\
8t\x8a\x93\xba\x5cR\xff4c#q\x9fx\x81\xba\
W\xf7D\xb7\xee\xc9D\xfd\xcc\x8d[\xb7\xc6\x8c\xffj\
\x9c\xe4\x9a\x5c*\xdc\x1e\x0fK\x1bB~\xbc\x0fq\x91\
\xd8\xa8_\xc4+\xc5~S\x0f\x1e,\x1f\xe2E\xbd.\
7\x13\xdb\xf1\x10 \xf2\x9c8L}\xac\x22`\xc6\x8f\
\x89Tl\xb8=^\x8c\x22\xba\x9a\xb8\x19\xba\x87\x9c\x0f\
\xb6\x0b\xd9og\xe9\x18\xd3\xa3\xbc\xba\xa6\xa4-A\xc7\
\xfdg\xed\xa3\xa6\xb8P\xb0O\x01\xe9\xfd\xfc\x18\x86\x05\
\xe8V;\xad\xcc8\x1cC\xd0_\x7f\xa4wYk!\
Z\xff\x7f{o\x02\x13U\x9a\xef\x0dCA\xb1X@\
\x15\xc8\xbeCl\xa1Phq\x01\x8d\xd8\x22.\xad\xc4\
\x8e\xc4\xbe\x22\xdd\xd0\xe6r\xd3\x1d\xde\x86\x90\x90/C\
3\x84\x02>\x02\xa3\x93D\x17\x14\x14\x00\x00 \x00I\
DAT\x12D\x05\xaa\xdfA\x85\x89\xf4\xcb\xda\x82\x14\
$\xc3\x0d\xb4\xa3\x01\x0b0|\xc0'4=\x18\xb8\x17\
\x18|S\xdd\xf6Lz\x8817~\xce\xf4\xf7\xfb?\
\xe7\x9cZ\xa0\xd8l\x01\xe7\xbd<,u\xea\xd4v\xea\
\xfc\xce\x7f\xdf\xde\xc4\xd3\x00\xf8\x99'\xdf\x7f\xff\xbf\xbf\
\xf9\xe6\x87\x1f\xbeo\xd8\x02?\x0c\xfc/\xda\x86N\xb1\
\x93\xd3\xce\x1e\xabIu\xe3P\xc7]\x0f\x0f\x8f\x17\x1e\
/\xee\xda\xd7f\x8d\x8c\xc4rr,\xa8\xbe\xbe\xa5\xac\
\x04\xb0\x97\xdc\xe9\x03\xad\xefx\x84\xd8[\xdac\xca\x96\
\xfc\xea\xdeg\xff\x06\x96\x0aY*,\x82\xe9:\x872\
\x99W\x04\x8bn\xf1\x18q\xca\xdd\xafpA,\xf8\xc1\
\x0b\xe8Q\xec\xe76\xf4/\xbeN\x0f\xb0\xd0\x8epq\
\xd1\xbb\xf3\xdbxc,\x98\x89\xbfb\xfdd0=6\
\x95\xca\x1a\xec\xba:\x8b\x86sK}KqUg\x17\
\x8eZNMt\xc1\xf2\xf4,p\x90w\x93\x0a/g\
\x1a\xfbA\x0a\xb8\xe4P\xd6\x14\xd0\xee\xb6\x07\xe8\xaa\x9b\
p\xd2\x86\x9e\xd8(\xb5M&{\x13P\xe3=D\xde\
\xde\xdb\x8e\x9c\xf9\xf8\xc9\xf7\x7fB\xed\xf17\xdf\xfc\xe6\
7\xbf\xf9\x81\xa6X\xa4b\x96\x07\x5c\xad\xd6Z\x22\xf6\
\xc9\x99\xae\xa1\xbe\xc0\x17\xe5/rr\xd0\x0b\xf3n\xfd\
\xdd\xa7>\xdc\xd0)\xc91\xfbz\xdb\x92\xb2\xfc\xb2\x92\
|\x8f@\xcfG\x8d\xe1;\xf6\xa1\xd47-5\xf3\xe2\
O/_=C\x0e\x1bD\xe9\xa7\xf8\xc3Y\xa7_a\
qX\x13\xad\x0b\xd0\x09\x18\xb3G\x84\x9d\xdc\xd3\xf8'\
\xf3wt\x8f1FA/\xa3\xf7%\xdb\x1f\xef\x05&\
\x02\xeb\x8d\xbf\x80\xb0\x97=\xc6\x83\xfe\xff}\xd3\x05\x9f\
\x0c\x1a\x9e\xb1!0v)=\xa3\xd2\xbc\xa2\x1eL\xb0\
\xca.\x9d\xc9\xc6|\xca.d\xbexvx6w\xd7\
wTT4\xc3\xdfNdMQ\xf5\x83\xf6\x15Y\x84\
\xb6}A(\xa2\xed\x077\x10t\xd7\xa8\xd5U!.\
r\x85xo\xdbC\x04\xfe\xa7\xff\xfc\xd3\xf7\xdf\x03\xf1\
\x1f\x08\xf2\xdf\xfc\xe6\x7f\xff\xd7\x81\x03\xa9\x9d\x18\xe7\x91\
F%\xda\xda\x84\xbc\x1d\x99\x8d.\x81\xd4\xfb\xb4\x98\xad\
>\xe7\x17\xc59\xccVu\xfd\xa0\xbe\xca\xa6\xecgU\
IY\x89G\xc5H0\x12\x80w\x80A<~\xbc\x03\
\xa8\x7f\xff\xea\xd9+\xa4\xb3\x7f\xf6\x8ah\x9d \xa3\x1b\
B\xe0:\xc1\xc3v\xd0?n\xb1\xfb\xdc^a\xd72\
\xb7\xfaw`\x1c\x00w\xaf\x0b0\xe3\x95\x9f\x81\xc7\x08\
w\xe9\xf3\x7f\x85\xfas`\xfe\x88\xe2j\xe9\xfb\xec\xb4\
\xe2R_enQ\xe7\xb0\x95[\xe9\x0c\xa6!8Y\
V\x8e\xa16\xcd\xd3S~\xb3\xdb\x19\xda\x5cF3\xf4\
\xb8\x81\x9b\x199$\xc6\xebq\xa5\xd7\xde\xbcY_\x1e\
\x8a\xe0\x8b}yhh\xd4\xc6h\xeb'O\xd8\xee\xe2\
<\x04\x8b\xa0\xb9\xdcnF\xdf\xc0\xfbO\xff\xf9\x9f\x7f\
\xfa\x13\xf0\x06\xda\xfa\xf5\xcd_\x1b@\xea\xe0\xd3\x90{\
v[\x0el\x87\xe3\xed\x84g`q1\x8f\xf9\xd3\x17\
\xce\x03/<\xd8PA/{[\x1aW\x03\xee\xee\xe1\
qwv\xb6\xabq\xc7\x0e\xe8\xc64\x0d\x01~\xf8\xaf\
\xbe\xbaq\xfd\xdf\x09f\x86:\x83\x00\xffh\x07#A\
\x02\x95\xc3Z\xb8Y\x06f\x13\x0f3:\xc7;\xb2\xb7\
\x12\xde\xf6:\xbd\xaf\xb0\x8fv\xe2\x02@n\xd4\x16k\
\xe6-\x06\x7fO\xb7n\x1b\x1d\x15\xb7\xe5\xe6\x9a\x17\xb5\
9\xb9eS%\xb7\x93\xa5\xe5Oh\xed*w\x86\x92\
N\x82\x1d\x0e\x9a\x1cr\xc8e\x01z\xdaFJ\xa4m\
\x0eY\xeb\xc8\x94\x1b\xd9\x18\xd0O\x9eW\xe5\xdf>&\
[\x0e\xd9E\x1e\x07;\xdf\x03~\xfe'\x0ep\xa2p\
=\xde\xb4\xf5\xcdo\xbe\x7f\x0f\xad\x17 \xd5A\xef@\
<\xd2U$\x8b\xea(\xfe#\x0fzV\xf1\x1fk\xed\
KJTt\xd1\x05\xd9Wa\xa0\x85\xc7\xcf%\x0e\x03\
\xcd\x19\xfdC\xfd\x8f\xc3Y\xfd:\x92KwP>\xfc\
\xb3_\xfd_\x84\x14\x83\x99\x9d}\x0ep\x0euz\x80\
1x\x1eyz\xe6*\x16\x93\xfa\xf4\x16\xe4\x82%\x98\
\xe9c\x18\xd4\xfc=z/\xba\xff\xe9g\xbfzE\x98\
g\xee \xbd\x9d\xa5\xeaw\xbaY\x99+r\x87{{\
S\xb43nV\x18e\xa4,\xdcY99\x81\xde\x12\
\x19\xdd\xf5\x0e\x05\x05\xce\xa4\xc1Q\xe8\x05p\x93\x99\x0e\
_<ip\x94\x09]\x9b\xe3\x13\xb8!\x09Q\xa2\x18\
\x0f\x0c\x0c\xb1]\xb5\xe1@\xe4\xbd\x07&\x19\xd0\xe6\x09\
|>\xde\x0c\xfdw~\xf3=\xf8\xbb5\xbc\x17\xe4j\
eW\x8e\xecD\xc7\x08\xa3t\x10{V\xf1\x0bU\x15\
\x04y\x94\xcc\xcc\xec\xd8\xae\xaa\xcb\x97\xf2=\x1c\x9c3\
\x86\x5c\x82\xbf\x1b\x9b\x1e\xebMGf\x05\x88\x1d\xf3h\
I\x87\xff\xf7\xeb\xbfB\xbd\x18\xf4j\x0e\x12F\x81D\
\x85\x1c\xce:\xb4\xd9\x05A\x0f\x12P\xfc\xa2m\xe1O\
\xd8g|\xcb=\x1b\xff\x85\x0d\xfem\xa8.\x0e>?\
vE\xe1\xa3~\xf5\xabg\xac\x169\x95\x98\x10\x0ct\
;\xeb<\xc2|\x18=\xf5\xdaz{\xc7f\xda\x07g\
J\xb3\x95J\xdfJ\xcdD\x7fsw\xf7\x80C\x81g\
\x06\xf2\xdeQ\xe0@j{\x8e}7\xe9q\xf0\xcdp\
\xca;\xcc\xf4`\xee\x9c,BRk\xb5\xfbd\x81\xca\
\xe6\xd2\xe5\xdb\xab\xe3\xef\x22\xa6\x9f\x1b\x907\x00\xd7\x93\
\xf8;\x0cn\xee\xdf;\xff\xf5_\x7f\xb3\xdb\x92y \
nw$peKv\x22\xb0\xf8)'\xd0\x81\xfa\x0b\
\x95\xadm\x99\xaa\x16\x17\xdd\x07\xceU66\xb6\x03.\
C\xf7\xa7'1\xb8\xb9\xd2\xb2\xb2\x071w\xca\xa7I\
N\x05\xea\xf7\xbf\x7f\x07M^\x01\x15t\xb9\xebD\xdf\
\x047\xfd\x1a\xc1k\x08%\xf7\x18{\x9c\xff\xc7\x9e\xac\
\xdfm\xb8\xc5\xbd\x0fC\x9d=\x99\xbf\x7f\x9d\xbco\xec\
\xba\xa2\xcf\xfb\xec\xfa\xaf\x98\xbf=m_z\x1a\xe5\xc9\
\xd8e\x9a\x8f\x96\xa2+\xb29\x12'z5c\xbd\x8f\
{\xdb\xc1\xe0\xb3\x0b\x0bG+\x07]\xe0\x81\xf2\x9cu\
\x18\xea\x96\x07f!\xdc\x82Hk\x0e\xa5O1\xe5\xbd\
\xbe\x80\xa2\xac\x80\xdegM\xa7\xe5\xf2'|\xe1M\x90\
C\xfeU\x0c\xe5\x0e[\xb1_\x88\x18\xfa\xc7D\xdf\x90\
\xdf0\xca\xf4X\xf3P\xbfC\xea\x1b[\xef\xfc\x06\x90\
\xff\xe5/\x7f;\xbc}\xbb\xa1?Y\x125\xf7T\x10\
\xe9\xc5Y\x1ee6\x84u\x90\xc45\xac\xde\xd6\xa6\xd6\
\xb9\xa3ij\xbc\x17}\x11'+'\xaf|\x99\x0dM\
\x8e@\xc7D\xe6\x03\x17\xff\xf1\xfd+\xf8\xc9\xae\x7f\xfa\
o\x9f\xdd\xa0\xf3O\xa8p\x8b\xc8\x93G\x8bm\xf1{\
\x89f\xf9?\xba\xe1\x9e\xa2\xdbe\xf4\x10\xffL\xfe)\
\xd7\xd9;\xe3\x0e\xbb\xb8\xc0Z`\xc2\xe1=\xef\xe13\
o0\xde\x9e\x86\x98?\x22\xe8\x8f\xad\xad\xddG\xa5m\
\xc3\xb9\xe6\xbd?M\xf4N\x7f\xa7F\xbe\xdb\xf4$\x06\
\x0f\xe3\xd7\xb2r\xaa\xbf\xdf\xd3\xd3\x01\xf5L\xb3 \xf4\
\x8c\xee\x81\x9c\xac\x9c\x01\xc4R\xf1\xff&y\xe4\xcb\xeb\
I\x85\xf7\x89Z\xf1y_\x08\xddk\xef\x11E\xe5\xdf\
\xc2\xc0\xb7K6+\xe3\xef\x1c\x85\x03p\xf8]\x00\xf8\
\x02\xc4\x09\xecw8\xc4\xdfa\x88\xff\xe3\xbd\xfb\xf1\x91\
\xae\x12C\x15U\x12T\xd1\xf44\xebi1x|q\
\xf1\x0b\x0f\xcc\x17\xad\xb2\xa9\xff@\x16\xd4\x0cO\xbc\xdc\
\xe7e\xef\xc4\xb7)3\x96@\x9dB\xef\x88\xc1R\x99\
72fa\xb9\xdd\xff\xfe+R\xa3\x19\x90\x1c\xb0\xf8\
\xcf\x11\x22\x99W\x0c$\xfc\xbfN\x82\x99S\xebu\xe8\
\xd1\xf5AO`\xac\x816\x85?\xb6\x8b\xbd\x19\xbb\x84\
\x84g\x5c\xc7\xae\xeb\xec\xd9\xe4\xfa\xa1{\x9f\x02\xf4{\
\xaf\xfe\x83\xfa\xc9\xc0\x10I\xde\x07{\xcd:=\xdb\xd7\
\xbd-\xb7M<\xd6\xd6\xff\xadZ\x8d01~\xc6\xdb\
\xd1\xb2\x01\x16\xfb\xa8\xc5\x98Z=\xeb\x99\xd1-\xaf\xc8\
*\x96w\xdfD\xa0\x15\xe1u\xf0x\x88wf\xbd\xd9\
C\x93\x0f\x1dY\x1d\x87}m\x98\x8d_(9Qv\
\x8b\x86t\xdf\x0eZ\xee\x92\x13A\x86\x9fy\xc2$8\
\x03\x9c\xf1s\x103\x83\xd8\xf0\x1f\xae\x84w\xf4\x88G\
\xc8\xf0\x81\x86\x98\x9b\x99E\xcc6\x81\xbd\x8f\x14\x87\x82\
\xdes<\xca\xcal\xeck\xeb\x0f\x06\x85\xd9;\xcb\xfb\
\xa6\x1e\xec\xdc\xd7\xa9\xad6wC\x85~\xa5\xaf\x93\xa5\
S\x1e\xdcyH\xa7\xc2\x22\xcb\x0d\x01\xb7\x7f\xbb\xfe\xe9\
\xa7 <\xc2A\xb7\x08\x1e\xde\xa4fH\xe9\x1eX\xf1\
\x06\x90\xc5\xe2\xfe\x1b\xbc\xe8:>\x072\x1d\xa9Z\xe4\
\x1f\xf8\xec\xd9+\x8a\xab\x914\x0f\x07\xea\xd6\x8f\x9d\xdc\
\xd0\x01}\xb8\x17\x98?B\xf5q\xa3#\xa5\x07\xa8\x07\
5=\x85`\xf0=\x96\x96\xbd\xb8\x10\xba\x9bg\xa1\xba\
53\x12w\xb8\xd9\xccqw{D\xdd`\xac\xc3\x1f\
\x17\xbc!\xae\x19Y\xd8\xd5\xdf~\xfe\xf9\xa5\xcf\xf3\x97\
\xd1\xdf\xc9\xab\x0a\xa5\x0d,}\xa1\x86>\x0fx\x01\xf1\
\x7f$\xc6{\x99l\x11\xec\xea\xf9\xb4\xe9\xe9H\xf1\xc8\
\x08\xe9q\xa0t\x95m\x86\xe314)t\xee\xd0<\
\xa8\xbc\xe2^\x94+5\x17?G[\x06\xa7\x9d\x85y\
\xb9Z\xe4\xc4\xa7\xa2\xbdd\xfa\xbe4\xf8\xe6\xbeA\x90\
\xf5_o|\xfa\xaf <\xb6x\x98\x809\xdd\xc5?\
\x13\xb8q\xcf\x9c\xf7\xff:\xddg\xfft\x0fp\xf7\x8c\
\xf7\xd1\x1b~\x8a\xd0-9\x08\xaes9\x90\x5c\xa66\
r7\x1b\xdc\xac\xc4Eh\xd8\xdd\xaa\x0eo\x0cGn\
\x00-\x14\x9f\xab5\xed\xd3\x90\xeb\xa5N\x95\x93\xbd\xb8\
\x10 \xd1\x03a\xbb\x11\x89\x0f \xc0\xc2swR\xe4\
o\x96l\x94H\x97\x85\xd5\xdd\xc2\xfc\xeeK\xf9\xb5\x8b\
^s\x8c\xc4?\x16ttF\xd3?\x18\xe1\x0cb\xe7\
(\x1ep\x83\xa7C\x8c\xff\xe5\x1f@\xfc\xc2bM\xd0\
d'\xee<\x05\xa9\x93`\xcf\x82\x0b^\xa5\xaa\xed\x1e\
\xda\xf3\x91\xb3\x1c\x98OV>\xbf\xe2\xae,,u\xb7\
zN\x85\xad\x8aa\xf7<e\x0d\x5c\xf74z\x13\x95\
\xcc\x17\xef\xc3\x0dO1\x96\xeb\x8c\xcf3\x88y\xf8\xc1\
\xf49\xc8\xf9\x0b@\x87\xe5kopoL\xe2\xfe\xc6\
\x17\xf7\xfe\x15\x1f\xfb\x15\xd5\x9f\xb3\xca%\x98\xe7\x99Z\
\xab\xeca\x85b\xb8\xb5\x95uoG\xd6:-\x1ac\
0\xa1i\x9f)D\xef5\xb7\xcaI\xb5\xa3KE`\
\xe0,\x9c4\x90\xe5\x0e\xa8w\xc8\x81\xc1\x86+\x00\x05\
\x0f\xf6\xdd\xf5\xe5>\xc5d\xb5\xac\xff\x12\x85\xe5\x13\xa1\
_\x86*e\xfa\xc3A\xe2O\x9e<\xf8O\x8a\x9d\x08\
2\x1c \x1b/`\x8d\x1d\x02\xe0\x0c\xf1H\x934\xce\
\x7fDT\x1f\x8a\xb5I\x81\xcf*\xf7\x80\x91n\xe3<\
\xf7\xe4\xc1\xd3!\xf5\xf8\xa4%\xaa\xd7\xaf\xb4\xf7\x0c\xba\
\x95\x8a\xaf\x8cV\xfa\x8a\xc5\x8a\xce\xc1\xe7\xa5\xd4\x83\x0a\
\xa9\xb3pz\x92\xe5\xf6\xea\x7f\xc2f\x83#\xfeS\x92\
\xe6\x00\x9a\xb9\xcb^\x1b\xd9\xa5^\xc8\xdc\x7fx\xc2\xbf\
}\xf6\xc5\x8d{\xb0\xcf\xf9|8(\x195\xc9\x17\xb5\
n\xa5\xb9E\xc3\xe8\x8e\xcb:K\x10\xdc\xf4C\xbf\x8e\
c\xed=d\xae\x97NV\x0eN\xccF\x93\x16g\x0f\
\x89\x0e\xda\x86\x7f&\xc7\xf3fw=\xaa\x17Q\xd3\x84\
l\xb9\x8a\x0d\xb1\xd2\xcd$a\xf9\x98\xdb\xfb9F?\
\x1e[\x08:9\xd2'\x19\x89\xff\x09\xa1\x13\xbdQ\xc6\
\xd15\x01\x8f\xadw~\xf8\xcd\x0f\x9c\x08\x07\x85\x03\xf0\
\xf7\xe2#\x96\xeb\x1b\x1a\xe4\xe0p\xf7\x85\xa0\xc6\xa9j\
\xeb;,++\xc7\x86\xa6\x1fXNR\x82\xb4\xe5`\
aO\xb6\xbb\xef\xa8eea\xeb\xb0rt\xd4B\x0a\
\xcb\xcd\x8erg\x1f\xa7\x03u\xc4Y\xa1\xa6\x81\xbf\x13\
%\x12y\xaf\xd9\xe2>\x82>\x03d\xce\xc5\xcf\xc3\xa1\
\xb8\xe3\x0a$\xf3\x5c\xaah\x83\xa9\xf6SW8\xb47\
\xc6\xda\x19{\x87S\xa9_=\xdd\xeeD\x9e9\xa0>\
\x1d\x1c=K\xf6:0\x87\xf7\x9d'\xf4\x01\x94\xb2V\
\xe1^\xf1\xd3\x8d1\xd8\xccDQ6\x98\xf6\x09U\xee\
\xd76\xf3\xf9\xbb7\xa4\xf8\x03^\x8a\xff\xe6\x9bo\x18\
5\x13\xd0@\x9a[\xb8}\x07p\x93\x96N,\x1d\x80\
\xdf\x8f\x87\x18\x97-\xa7\x12\x9a\x9d\xbcsW\xe5p\xf7\
\xee\x8b\x17wUe--\xb5\xf2\xa6\xca\xca/\xc7\x82\
\x019R\xe8\x80:Z\x8d\xbb\xf9Z~YYY\xe9\
6\x95=8\xea;*\x85\xf7\x0b\x98\xa7\xa67t\x91\
\x0e\xff\x8a\x99l<$\x0cr\xe0?\xefw\xfe\x95@\
W\x88\xe1\x9f\xfeqa\xaf~\x0f\xb6\xd8\xb5D\x8f\xd0\
\x06Eyn0\x1d\xae\x86\x02\x7f\xa8X\xcb\xd4\x0eJ\
1\xc1\xa6\xb5u\xa2\x0b\x95\xc6C\xcd\xfdCC\xcd\xcd\
CH\xf8\xc3rA\xcb\xcf\xa9I\xb4]c\xb1\x97\xe9\
\xd9\xfe\xc6\xee\xe6\xda\xf2\x9c\x12{\xe6\x82E\x84\x8d\xfc\
\xeeP\xe3\x90\x1c\xeb\xb3\x08w]H~oxOT\
-\x86\xb6B\xaa\xd7\xfdZ\x7f\x04\x22\x19\xc2\xe1g\x98\
-\xce\x1bfdz\xebQ\xe71'\xc49\x11\x0e\xc0\
\xdf{/\x1eR|Y\xbc\xd9\xd1\xcb\xce\xbfpP\xa9\
\x06\x06\x06jmT\xaa\x92\x9f\xfb\x9eTZX~7\
M\xfe\x18\xeaR\x81Z7\xcbJK\xcd\xf8\xf8\x94\xc6\
\xf2\x81\xefheO\xa92/\x19\xe5/\x88\xcbw\xd1\
p\x93\xfb\xdf\xbcB\xf2\x04\x8b\xb8\x11,\x84\x0a\xfd\xf2\
\xdb\xc2\x1e\xda\xa1\xff\xe1\x9e\xc4\x9eC\xcf3z@\xb7\
\x97\xdf\xad{\x07\xfa\x0c\x069\x84\xc97/\xff\xde\x88\
\x9e\x80\xd4\xfd\x0c\xee\xf6\xbcRq\xae\x22\xd7\xbd\xb5\xad\
\x0b 3\xa8\x85\x7f\xce\xcd \xf5\xc6\xae\xa9I\x80^\
\xa8D+\xad\x9f\xc2\x1b\x9b\x1d\x06\xca\xcbka\x96\xe7\
dQz\xdc\x00\xf2a\xe1\x89\x85g&z9\x96\xf8\
\x86\xb1\xd6\xbd\x9d\xd7.\x1b\xc2\xfc\xf3\xcf/\xf3\xa16\
\x91\xecB\xd0\x89\xf3\x1ah\xea\xb0\xc6\x051\xce\xc8\x9b\
G\x1d\x04\x8e\x0b\x80\x03\x9c\xa7\xf0\x13`\xe9K\x09q\
\xdd\xa7q\x1b\xa2\xd8\xc0\xac\x17/J\x1cT\x08\xadx\
\x94\xdf\x01\xe8\x96\xef\xab!\xd0A\xe9P\xda\xafT>\
x\xd24\xabV\xbb\xc8\xd5\x9ec\xd8\xeb\xeb.5\xd7\
\xd6\x80\xbf\x03\xf6\xe4\x1d\xa8s\xfb\xe9\x87g\xafH\xa3\
&\x12\x040\xb4\xc9\xc1C\x86\x15~\xd8\x1d\x0e:\xfe\
\xbf\xf00=\x91{\xae\xfe\x01a\x8f\xeeU\xc2;\xd0\
\x0e\xee\x0d?{\xc5\xeaX\x10W\x83<G\x0b\xefN\
4\x05\xca\xcd\x95J\x03\x90\xb5\x0f\xb5=\x03)\x9e\xf8\
\xc3\x0f\xd7\x95\x1d\xca\x5c\x97\xa6\xbd\x87C}4xh\
6\xb4\xa0\x1c\xa4\xed\x00\x1e\x0fQ^[\x8e\x1a\xe6\xad\
\x88\xb3\x15\x87\x9e\x97\xcd;1\xebu\xf7dX>\x81\
~\xe9\xea5\x9a\xec'J\xf2\x0a:\x11\x1c82\xf7\
\x94\xbc/<E\xebo\x08oH\xf0\x1f\x18OgZ\
\xfa{\xf7\x13\xe3#\x22Y7\xfaU\x1c\xf1\xc9@\x98\
k/r^\x00\xfa\xf2\xf2\xbb\x9eO\x1e\x8c\xf5\xf7\x82\
\x9f[Z<\x07\xa9\x8f>\xd0\x04\xcb\xe5\x03}}}\
\x03\xce\xce.\x90\xf4\x85\xee\xd2\x1ei*\x82t\xac\xa6\
\x15\xbd*~\xfa\xea\xd9\xf5\xeb\x0ct\x0e;\x017\xba\
\x0c\x18\xa6\xecj0\xf8\x87\xfd\x1c\x84\x02\x8c\xc2c\x0c\
W\xee!n\x93\xb6\x857e\xdb\xf4\x8ag\xff\xfe\x03\
b,\xa0s\x1c@\x1a\xf2\xdb\xa5\xe2\xdc\xdc\x7fQJ\
\xb5\xd6H\xf6k\xa4\xc9cL\x83\xe3T\xb9n\xd4\x19\
\xf7\x0f\xa9{5\x1a\x84Y\x0b\x95nh\xf5:\x17X\
\x01\xcd\xbd\x16Z\x1cS\xdd\xb3\x8a\xc1\xea\x91/\xe5\xb3\
1\x9e\x19\x82I\x12eS\x07\xd01\xbe\xf5v\x94\xd7\
\x85\xf3'\xe6\xa2C\x9b|\x1e>\xfd\xdd\x7f\xfd\xc77\
\x0cb\x82\xd9`}C\x88c\xfd\x8d8\xfa\xfd\xc4\x88\
\x08\xd7$\xc9\xcax\xba\xd15q\x1e\xa0\xe7\xe4\x94g\
\xbd\x00\xa5\xdf\xedx9\xd2\xdf\xaf\xa9|\x80!\xad\xa3\
\x16\xe0\xed\x0f;\xfa\xee\x22\x81\xae\xacLU\xe2\xd0\xd7\
|\x7f\xd2\x12\x0e.\xdfR\xb8\xc1p\xd6\xed\x92k(\
\xfa\xf2\xf2\xd9\x0d\x0ays\xd8q8s$L\x18\xd1\
/\xbf\x8fp\xd3\xfd,\xdc`O\xa6'\xe8~\xb1\xc9\
\x16v\xb2\x17~\xf6\xc5g\x9f\xa2\xda\x82\xe2\xe7\xe4\x0f\
\xa6\x09\x0d50*r\xc5R\xf3\xe4\x03\x18\xc0\xe12\
\x94\xc1\xabq\x00\x1b\xab\x19\xc3\x19<\x83\xe7\x82\x83\xa7\
5\x83\xf0\xc7\x96\x16\xfaZ\x8c\xcf\x91c\xae\x1et^\
\x00\xe3\x1c\xd8\x83\xd5#\xe3\x1d\x84n\xec\xb32:A\
\xab\xb8#z\x8d\x9e\xff^6\xf9\xbf\xbet\xab\x05\xc2\
\xd5\xa1 8\xda\xa7\xe9aS\x13z\x22\xb9\xfc\xee\x1d\
S\xa0\x0bR\xfc\x1f\xef%\x9e\x8f@\x08\xe55\xf0f\
_\xe7$\xa3\xf4r\x10\xbaG\xf9\x8b>9\xda+i\
,{\xdc,\xcdS\xda--5#\x1d\x1d\xb0\xe4X\
\xb6\x1c\xf4\xbd\xa1\xfb\x93\x95\xbe\xed\x96\x95\xd94\x15\x00\
\xc1V\xbb\x1d\x84\xfa\x7f\xbc\xba\xfe+&\xd8\xbf\x00F\
\x1c\xae\xecF\xd8\xe6o\xb9G\x04P\xf5\xb7\xc2~\xb6\
G\x7fg\xde]\xbc\xc9\x17\x9f!}\x83\xfa@\xb2\xac\
l\xbb\xb4T\xeb\x86\xdc\x7f\xc95\x17+s\xd30U\
)<|6\x1a5\x87\x9e\xdc\x9a\xf5D)ZE0\
,\xf3\xc0\xe89H\xa6\xa9\x192\xdc\xaeXN\xcf:\
v7\x17d\xe5\xc0;\x03\xc1\x0eg\x1c\x08\xdd!\xc7\
'\x14\x9cu\xb5\x0b\x00\x8bD\xde\x88pbm\xc3:\
rd\xcf\x9e\x98\xd3g\xb6\xad\xf2}D\xa20\xdb\xab\
\xf9u\xaa\x92\x17\xd0&\x81\xb8\x8f\x8fOq\xf9\xdd\xbe\
\xe6\xdf\xdd\xf8\x8fox=\xfd\x1d&\xd1\x99 g\x8a\
\xdb?\x8e\x9f\x8f8\xf9Z\x04\xae;6\xef\xf3#\x15\
\xe5X\x94(gK\xb3\xaa:&G[\x1f\x8cv\xd6\
\x8cYN\xfe-\xb8B\xc0\xbc.\xdf\x06\xa8O\xc0\xa2\
\xf3\x9d\xbc\x92b\x8dF\xe1v50\xd71\xc5\xef\xbd\
\xef\x91U\x01b\xa4E\xa0\x09 \xf3\x00rd*\xec\
dT\xcb\x1e\xc1?\xfe\x19\xc2c\xf3\xef\x92\xd4\xd0=\
\x07o~\xfd\xd9W\xcc\xdf\x8e~2H|\xb5\xb3\xee\
\xcc\x05ow\x97\x16\xa5Y\xdbef\x86g\xf6O\x84\
F\x07F\x07\xce\xe1\x87\xad\xd0\xc0\xc0\x8a\x8a\x02\xf9\x10\
Z\x07\x8di0u\xbeT\xd93i9\xdd\xdf<\x8b\
\xddp\xc8Pn\x1c\xb2\xe1A\xef\xa1>+\x91\xe8@\
\x98\xa1{\x84\xd6\x1e\xac3X\x1f\xd3r\xfb\xd8\x17}\
\x5cFG-\x9f\x0f\xfb\x7f\xc9w\xe4\xd3\x9d\xde\xe57\
\x82\xeaU%\xe5\xe8\x85\xd3\xd4\xd4\xf4\xf0i\xd6\x9dr\
\x0f\x95\x0d\xa2]}\xff\xeb\x9d\xff\xd0\xa1\x0d\xfe.(\
n\xef\x9d\x8fx\x9d~b\xf3\x0fc\xefH\xe0\x1d\x0f\
\xc2\xbc\xbc\xd6\xbe\x0a\xc3\xc2\xe7\x1eXJ\xb3\x15\x87|\
G'_V\xdcy\x01\xe7,G\xeaue6\xaa\xbe\
\xa1\xb1\xcav'_q\x00*]1(!\x0d#\xa9\
\xc97\xf7\xcdW\xb0\xdc>\xfd\x14\x94N(1\xa8\x18\
\x80\x02f\xdc\xad\xf1=\x0eiS\x8f\xe8\xf6\x19<\x05\
\x90\xdf\xfb\xf4\xd93\xa2s\xb0v\xc4x\xd3P\xbb\xa4\
0\xff\x97a`\x8e\xb4\x10k4\xd0 \xd4gg\x83\
A\xdeD\xe2\xb3\x05 z\xb0\xad\x9bL\xcc\xbb\x8ck\
\xa6K\xb3\xb3\x95=\x95\x96c\x13\xb8&\x1cx\xcd\xbd\
v+Z\xce\x84\xfa\x04\x1a\x13\xbaw\xec\x9eml\xf1\
\xf0\x12\xba\x1f}\xf4\xf1\xc7\xfb\xf7\xef?{\xf6,\x9b\
B\xefK0C\xfc\xc1\xb8\xb1\xd0\xaf\xcaw\xdf\x1d\xfd\
\xd8{\xb5,Wv\x02\xf9j\xd4\xff\xb3\xc9'\xb0\xb6\
\xb6\xcc\x069\x150\x9ek\x7f\xf7\x8c@g\x0br\x9c\
\xb9W\xffq\x9e\xbc\xe9\xab}\xff\xf9x\xb3\xfb\x92\x98\
\xd0\x9c\xbb\xf0\xc7\xbdP\xd9\xdb\xaaZl\xeb\x83A\xcc\
\xc3\xb9\xd9\x96\x93O\x9eB\xb3\x87R\x0f\xd4\x89\xc3\x03\
u\x8f\x01\x97I\xdf)wt\xd0\x04y\xc1L\x86.\
\x05/\xe8\x01\xc4\xdc\xee\xdd B'\xd4\xf1\x07\xd8\x8c\
~h\xaf\xf0\xab\xbf\xa5\xe7\x18\xfer\xf7\xb0\xc7\xd4\xcf\
\xa7\x9f\xbe\xba\xc7\xd19\xe9\xedv\x88\xab\xd5\xe4b\xee\
\xa4T\xaa\x85\xa4\xb1\xb3N\xa3\x8e\xed\xcc\xed\xde\x8f\x11\
k\x98\xb3\x96\xe1\x08\xb8\xd9\xba\xd9\xec,W\xcf\x8d\x0f\
\xc2\x0b_\xa8\xdci99\x16\x1c\x5c\xd1\x0ck\x0d\xb9\
\xd0\xe0\xf1\x14j1\x0a\xaa\xc2\xd3}\xa6\xbd\xfd\xec\xfe\
\xfd\xfe\xfb\xd1'\xdb?{\x0a5\x9eV;\xc9]\x01\
\x0e\xc7P\x06\xb3\xb3`?\xf0^\xc0\xca\xb1\x1c\x9d\x9c\
\xf4mow:\xdb\xd33h^T(tg3y\
\xaaM\xee\x94\xc40\xc0\xc1o=TU-\x97\xae\xde\
\x82\xaf\xa6.\xbf\xf6\xe7\xff\xf9\x7f\x13\xe8\xf0\xb8\xfd\xc0\
\x98\xfa_\x80\xb8\xcc\xe4\x1b\xbc\xd6\xce\xbd\xa1Y\x15w\
\x89\x8dW\xd9\xe7\xdb\xd4f|\x07\xd5\xdd\xc9=;\xbb\
]3\x12\x98#\x80\x0e\xd4\xeb\xea\xeaJT \xf5\xc2\
aE\xa7\xf8\x0aM\xf1K\x05\xee\xf0\xc9\xc2r{\x86\
dI\x02\x8b\xc3\xcb\x006l\xaej1\xe4\xe9]\xb8\
_\xfe\xfd@\xe7\xf7^}\xf5\x0ct\xbe\x03\x9c=\x19\
\xbdq\xecj\x14\xffb.\x96\x8a\x1bR\xd1\xa7\x1f\xb9\
\xfc4\x92E\xd0\xe0y\xb4\xe9\xe6\xa6\xbd3Rf*\
\xa2\x83\xa35\x1a\x8a\xb3\x96\xc2\x0b?\xa6\xa6\xb2\x16`\
N\x02\xdd\xb6\x2244\x9a\x8fL\x00\xef#1\x1f\x9f\
~wg\xa5\xe5\xce\x9d;\xdb\xdb'\xb1\x88\x96\x812\
\xe8\x99\xa0f\x8bp\x1e\x9d\xf4\x05\xd0\x83==\xfe\xfe\
333R\xe9\xbb\xef\xbe+6\x7fW\xac\x08\x10\xcf\
\x08\xcd7W\x0eE\xec\xc3\xa6\xd0\x8a\x02\x07U\xd9\xed\
\xabu0\xdf\x10\x80AVEm\xdf\xff\xfaw\x18\xe6\
\x82q\x96\x18\xfb\xe1\x1bD\x9c\x8e-fd\x84q\xf1\
\x92\xaa\xade\xce}\x1aK\x5c\xc8\xa3n\xbe\x0f4#\
\xa4\xd6\x83\xf1\x97p,\xbe\xae._%\xef\xb0\xf4\x95\
\x0e+\xdd|\x9fc\xb2\x17\x91z*\xfa\xc3\x93G\xf6\
\x1ea\xabC\x18\x8a\x1d\x16iv\xaf\xbbt\x97\x0f\xbd\
\xeb\x17_|\x0a\xd0\x81\xf9c\x92\xe6\x88\x9f\xdb\x81\xce\
\xcd{\xa5\xc3\x0d\xd6\xd6\x9d(^\xc3\xa1\x10\x8bG3\
\xe7\xfe\x0cP\xefV\xfc\x1d\xc4\x08\xd2\xda\x01\x07d\xc6\
\x95W\x04V\x04\xcfF#\xba^\xda#5w\xf7\xd5\
L4\x92\x85\x8e\x5c)\xa6\xcc\xf9Ds\xae0\xd9\xde\
\x98\xd33S;\xff\xfadjg\xe5\x03\xcb\x07\xc0\xf7\
K\xfc`\x91\xd3\x029\x05\xa0h\xb7vP\xb4?\x03\
Z\xda\xda\xda+\xeee\xa3\xcc\xdb\xd8*j+jk\
S\x1cJI\xd8\xb3j\xf6\xebu'\xa7<?\xdf\xa6\
\xe5*\xf9c\xc9O\x83\xffu-\xce\xbf\xbb\x01\xae\xfe\
\x0e\xac\xf1\x7f\xbcw\x1e\xae\xa3U\xbf\xed2W\xdd\xc9\
\xd0\xa6\xc0\x17\x1eH}-\xab\xdaj_1\x89\xefi\
Q\xf9\xbc\xb2\x12\x94N\x16<\xa1\xceq\xf8\xba\xb2\x92\
\x01\xf5\x13\x0b74\xca\xb5\xb2\xb4(}D\xf3\xce\xa8\
\xed\x5czf\xe3O_\xbd\xfa\x02\x81\xcf\x1b\x9fA\xf6\
r\xe0\xdf\xb8\xf7\x0b0\xa7\xab\x87\xa3v\x12\xe6\x0cr\
\x92\xe7\xe8\x03\x89\xe8yr\xb8]*R^\xc5\xbdy\
\xe1\x99\xd6\x07\xecv\x14!\xab\x1bCy@\xe9\xe1\xfd\
H\x96\x18P\xa9T\x0e\xb4\x0a\x08p\x5c\xb59\x05\x03\
\x9e\x8e\x8es\xed\x83S3)E\xc3\xee\xed\x1a\x17\x17\
4\x8e$%\xce^\x05\xcd\x9dy\xdde\x17>\x9e\xf2\
\x9fz\xe2\xfb\xe4\xc1\x83\x9dS\x0f*'\x1f\x10=\x03\
g\xd0s;\x06\xa7\xf4\xcc\x94\x82\x9e\xa5\xad\xef\xa2\xf8\
\xb9\x8d~x\xa4'\x8a&\x80u\x11C\xbc\x0d\xbb\xb5\
]\x01Be\xd82\xe7\xdc\xe0aY\x18r\x8f/_\
\xae\xbb\x85\xc5@\xbft\xf9\xd2\xe5\xaaz\xf9\xff\x03\xbe\
\xfe\x97\xbf\xbcw\xfe\xc2\x9b\xb1'\x0d>\x91m\xee\x0d\
-\xae\xf0@\x0eEI\xd9\xb5\xaa\x81\x87\x96\x16\x96N\
\xa3\xa3\xad\xed\x93\xd1#\xc50i\x89\xc33\xdc\xf1x\
\x89\xcaEc\x89\x98\xeb\x8f\xcfG-+\xcd\xc3Ar\
d\xb1S\xf4\xe5\xfe\xcb\xaf\xeeA\x87\x87-\x0d\xb0\xe1\
\x99\x03h\x84\x16-\x0e\xbd\x15\xfe\x17^q\x1do\x82\
\xdf\xeb_|\xfa\xc5\x9f)Q\x860\xc7$\x060\x97\
\xf4d\xeb\x9a\x84aD\xd5&0d\x88\x08\xbd\x81\xec\
v\x88\x19\xe8r\x99Cs\x81\xa8K.(/(\xa8\
 \x9b\xa4\x02\xfa\xbb\xc3@\xfd\xc1\x9b\xdd\xfd\xea\x1e\xcd\
`oui\xb6\xb9\x15b/\xa1\xa1\x0e\xcd\xe0\x08*\
h\xee\xc1\x98\xb8&\x8a\xdc\xad\x9e\x04\xd0\x0f\x1eL>\
\x99\xfc\xeb\xccd\xe5\xce\xa9\x9e\xa9)\xc6\xb8\xa5\xbdb\
\x00mN0\x9b\xbfO\xf0\xb2E0\xb3\x85{\x13\xec\
\xb7m\xa2\x08\x9d\xe7\xba\x0e\x17\xbd\xc6\xec\xd5c\xf5\xc8\
C\xbdTw\xe9\x16\xe2m\x9f_\x02\xf2\xb7.C\x95\
s\xfe\xdd\xdf@\xe3\x11\x8bE\xc5\xe7c\xb8\xea\xfb\xa2\
\x18\x9f\xe2\xbb/\xe0\x1f\x80\xbeV\x1b\x8c\x9c\xb8\xec\xc9\
\xec\xaeo\xc7\x9b`\xc2\x83\xc3\x13\xad\xf3\xea\x5c\xc9\x80\
|\xcarr\x14\xa3.@\x09\xd3\xfdh6\xf8\x88\xda\
\x14\x01\xf5\x8b\xf7\xbfz\xf6\x0c\xc0\x02s\x00\x0f\xa0i\
{\xf5\x8b\x7f\x15{#~\xfb\x8b/\xee=\xa3\xbe\xce\
\x17\xd3 \xd01,\x13\x83\xf5\x8a\xcc\xc5\xad\xef\xa1\xb3\
H\x7f\xe6\x01\x0c\xe9\x08\xaf\xc9c\xed\xb1\xe0\xa1\xc9l\
T\xcfU\xe4T\xe0R\xcd\x01\xe6\x04\xb8s=\xb8\xf8\
\xcdfyp\xb0y{{\xaf\xb8P,F\xfb\xeb\xe9\
`O\xe8\xf5[U\xe5\xa1>\x15'\xb6\xc9\x92B\xfa\
\x9b\xd5O&5;\xff\xba\xf3\xaf\x7f\xfd\xeb\xd4w;\
+wbJ\xf50\x83W\xd1\xa6`\xa4\x5c\xdd\x06\xe0\
A\xd7D\xd9\xb48\xe2~_\xa0\xf9\xea\xb6\xb6j\xbf\
\xbc\xc3q\xa7\x22V\xcf\x86EA\xb6-u\x10\xe5\x94\
M\x01\x91\x8e\x9c9P\xbam}s\x1f\x10_\x1b\x22\
\xe7.\x10Y\xa8\x0fe\xce\xa8\xea\xca\xf2m\xe4\x0f+\
'K\xa5y\xc3\xd5\xdfM\xfb \xd2\x0e\xd4s\x08u\
\x12\xece*\x95z\xdcr'\x12\xe6J\x09\xf4.\x1a\
\x90\x00/<\xb49\xf2\xc3\x7f\xf5\xea\xde\x8d\xcf ~\
\xd9\x02\xea:\xd8\xb1\xb1\xf0\xd7\xc4.\xdd\x0b\xf0\x18\x82\
\xf4\x9c\xf9\x07\xd5\xe0\xde3\xb2\xcf\xc1\xdb\x91\xf8\x8a\x8f\
K+\x12\x9b\xbb\x0f\xdf\x9f\x9b\x0b\x9d\xeb\xbfh\x9d\xd9\
U\x83\xa6\x09\x0d\x08\xb2&\x13\xa9\x87\xbb\x04\xcfz:\
 \x82\x04\xc7\xb1=\x04|7\x82h\x03\x9e\x15\xd1s\
\xb3ymVnh\xe3\x9em\xd5c99\xd7\x0f%\
\x0f\x82\xdd'\x10\xc1\xd7\xf3G\x87<]<\xc7\xa7g\
f\x0a\xa7\xa6\x0a\xffZ\xf8\xdeL\xe5N\x92\xd0\x04w\
[\x91\x82\x91wQ\xdb\xfb\x80\x95\xd0\xa6K\x00\x0fN\
\x80\xfa\xc1\x01@\xe6\xb4\xd0\xaa$@\x0b\xc4#W\x18\
\xe72&K\xafZ\x95\x0e\xf4[\x97.]\xbe\xdcr\
\xf5\x9a\xad}\xf3\x9a\xa7ul\xf3i\xaax\xe1aS\
w\xe9\xb2J>29\xd9\xdb\xa6\x18Et\xcd\x87\xcb\
\x98\xe4P\x7f\x81\x22\xa7\x92\x81\xbe'\xedS\xa5\x8aC\
y\xd9\xa8\x18\x1a\x1aQ\xd3\x1c#\xd4\x84\xdb\xd9a\x8a\
\x1f\xe2\xeb\x10\xe8\x82$\xe7`&\xe8\xb8\xab`5\xff\
\x85\x97\xd0\xed+R\xdcY\x9e\x0c$\x09\xf5Dj(\
2\xef\xedE\x7f\xe6\xe0@h\xe5\x98\x9d\xf8\x18-\xc4\
\xf2\xf2P\xbchM\x83\x151\xa6\xc3\x11@\x03mR\
\xdea\xaf\x0d\x0c \xa4\x16<;7]\xdd%v\xdb\
Yj\xe5T:\xd3\x8e\x0a\x88n\xc7\x81\x0aX\xe8\x9e\
O\x9f\xcc:\x0e\x15t\xc8\x87\xe6^N\xfdu\xaap\
\xe6o\x85\x7f\x1b~\xcfw'\x00V\x10\xe6\xf4\xc7\x16\
0/\x02\xc2\xd5\xd5\x0c\xf0^Z\x0cqEQ\x11\x00\
\x07\x89\xc7G\x9e\x5c=\x91s\xe0'\x85\xd9\xda0*\
\x87\xda~\x15\x9c\xfdZUU\x95m\xc6\xd1\xf9\x01v\
\xe3+\xe5M\xdc\x8bm\x0aE\xe2{\xfe\xe7H\x83\xee\
C\x9eI\xefpa\xfb\xe4\x93\xe9P\xf4J'\x16\xcf\
<v\xd0\xe6\xee\xca\xe7,\xa7Z\x8bR\x0b\xad\xe0\x8d\
\xfdi(0\xcb\xd31|\x07H\x1d\x0e\x13\xf4\x9b{\
\xef+\xf8\xe1\xff\x95h\x9d\x90'\xfb\x8d\xe9\xf4\xf8\x07\
\xa9\xbc\x1a\xd0\xf1\x5c\xfe\xf9\x9f\x81\xcc\x99}N1\x16\
2\xd0\xed\xd2\x14\xc0\xbc\xbaM\xed\xd8/\xf7,\xc8\x0a\
v\xc4d{mMgZrC2\xfa\xda\xa6[\x83\
\xc5#\xdav\xf0 \xa6\x9c\xa0\xc1\x86\x83C9\x18}\
\x010\xd7\xb4\x17i;\xc5\xben\xe4\x8e\x9di\xff\xb2\
]\xed\x19\xe8\xe3S\xd1\xd1\xd44\xd4\xef9\x12X\xd0\
1\x14\xfcr\x0ab\xbc\xf5o\xad\xad\xef)\xa6\xa6\x86\
y\xdd\x0c\x80\x03e\x02\xba(\x85v\xf5\xb6\xf6\xb6\xce\
H\x018\xed\xc4\x0f\x918(\x1c\xa9\x0b\xbf\x00\x04I\
\x94m\x0b\xf1v\x069!^E\xf3\xba\xcf\xfd\x82w\
\x5c\xe1KE1\x0f\x8b\xb3~\xb6\xb9Tw\xb9\xa5\xb6\
\xa9\xd2rP\xaa,\x05\xad\xfbP\xd6$E\xe1H\xb0\
\x97x\xdcu\xe8\x9b\xae\x9clm\x15\xff\xf8\xdc\xd7\xf2\
A\xb0\xcb\x1d\x8f\x0a\xaad\xa6\x9e\x9c\xa9i\xf0\xc8\x22\
\xe6F\x91V\x98X\x02\xbds\xe0\xe9\xb0g`\xd2E\
`\xfaW\xd8mp\x8d|\xa1\xb7\xd5\xe0\x02\x84O\xa6\
\x08yQ\x13y\xc1\x13\x8f\x1co\xda\xd7\x0f\x14\xcc\x86\
C\xc1kHK\xd3j\xadS\xd3A\xea\xe9\xe9\xe1]\
\xb3\xb3Ly\xaf\x00\xe0L\x97\x9b\xc5H\xc5\xa9\xd66\
\xed\xa1\xeaV\x0a\xb3\x0eJ\x0b\x7f\xac\x1c\x9f\x03\x9d\x07\
\x8f\x8c\xf47\xdf\x0d\x84\x1a\xdb\xe7r\x7fl\xec\xbb\xd6\
\xef\xdek}O\xac\xa8n-E9\x1c-\x10z\x11\
G\xdd\xd0\xe3z{\xa1\xda\xcd\xb4\x82\xa93\xc4\xab\xfd\
\x88\xc4A\xe1`\xe9\xbfL\xf4\x8a\x82jU\xe0\xeap\
\xc4]#\xc8\xed\x09\xf2\x9b7\xd7\xa3\x1b\xed\xc9\x8f\x9a\
\x8a_\x94\xb4\x5c\xce\xbfl\xeb\x00\xe7\x22ePTN\
R\x00\x00\xb4\x8e\x82\xbfr\xb8\xe6\x11o\x87\x96Wi\
%u/Dw\xd9\x07\xea\xbe\xf2\x92\xbb\xe8Z\x00\xb9\
ND\xc82\xa3)\xe6\x06\xd4\x81\xbb\x9e\xb2\x05\xc8\xf5\
{V\xba\xa5\xb3\xd5\x18\x9d\xa7\x82\x94\xd3\x8a\xc0W'\
\xe6\xa0\xc4\x0d\xa9\x9d\xc1\xc430\x1d1\xfcb2\xe6\
h\x92k\xd6\x1a\xd1V\x88uu(\xf0.(\x87B\
\x075\xde\xc1\xd3\xb9\x7fl\xb2\xd4\x1c&\xde\x1c\x86s\
0/\xfc\xcc\xcc\xe8\xe8X\xf4\x5cpE\x87\xa33*\
8\x8b\x8b\x03\xef\xb8\xb8\xcc\xbdw_1\x9c\xfb\xde\xf0\
{\xd5\xdf\x9a\xcf0\xc8\x81-\x16$9\xaa\xa4fJ\
\xa7J\x018\xae\x01&\xe3\xa9\xe1\x18\x09q\xd7_B\
\xe1:z\xf4\x92\xdbB\x8c\x13\xe2\x00|+\xb9\x1an\
f8\xaer\xba\xa2\xee\xcdV\xb5\xb1\xd7\xe7\xe9\xd3\x17\
\xc8\x99j\xb1u~H.\xa8\xd1+\x93\x13\xc1\xe3M\
\xa1>OQ\xcc\x8c\x22\xf6\x8a\x17\x05\x1ds\x1a(p\
\x16n\xa5\xa5N\xa3\x95\xe3.\x88\xba\x96\x81\xe3;6\
>\x82vEF\x13\xab\x82\xb8\x81\x5c\x0a\x9e\xc3\xc3\xde\
b\xf82\xd8W\x88\xb4\xc1s\xd1\xf1\xe2\xc6Wd\xab\
\xb1\x5cg\xe8\x0e\x84\xf9\xd8\x84K\xff\xacz\x22xh\
.\xcb\xa1\xb6\x1e\xfeVL\xd6\x0b\x87\xe2^\x93W\x83\
'\xc0\x1bk\x8d\xc9\xc80\xd1a\xb89\x0c\xa8j\x9b\
\x9b\xbb\xc3\xc7&gH\xed\x9a\x0eV\xcf\x12\xea3\xa5\
\xf8E\xe9:&\xaee\xc8\xb9\xba\xae\xac;r\x175\
\x08\xb9W\x81\xf5mW[+dzuJ546\
\xf3\xde\x99iDk\xa6\x89\xc2\x09qZ\xd5\x01\x01\x87\
\x0e\xc7\x81\xc4Wu~\x97x\xb2(\x0aM \x18\xe2\
\xf6dk\x00\xf2\x0c\xfb\x8c\xd5\xcdK^\xe2\xdd\x97|\
\xe8HS\xd3\xc8\x0bx\x86l\xeb;&\x1f<\xb7\xec\
q2\xef\xea\x9ak\xf2\x09\xa5$\xe9\x9cb\xc4\xac\xe0\
\xcc\x9cl\x9f,\xcdFz\x05\xb0\x9f\x93\xdf\xe1b\xae\
\x84:H\x1d!\xb7phs\xdf<C\xf4\x85@\xff\
\x82\xb3\xd3\x19\xec\x8co\x83nu?lCw\x8f\xdb\
\x8f\xbb\xf4\x8b\x17\xf0\xec\xfd:B,,~\xfe\x88\x1c\
\xfd\xe8Z[\xa3\x00\x99\xa3\xdd\x1d2\x1e\xbf\x1b\x0an\
\x0a\xcd)w\x90\xcbq\x1f\xd3\x90\x93\xd3:\x93kj\
2A\xeb\xe9\xe1\x17\xfb]\xe4\x98jt\xd0\xfe \x88\
\xc6\x11\x95.\xbd\xd0\xb5\xd1\x06\x5c\xed9\xd4=4\xae\
A\xe9\xfa45,\xf8\xae\xbf\x7f\x96i\xaa\x10`\x15\
\xf2\xa1\x89i\xcd\x93)\xf0rEJg\x8a9@\x7f\
\xbfW:\xd33H\xce\xd6\x19&\xc3A\xe2\x13\xa0{\
\xbf\xaeC]\x87!\xc5eo&\xf2\xc1!\x82\x9a\xa2\
z0u\x86x\xc6\xcd\x0c\xd0{}\xfdzhrf\
f\xb2=\x0f\x9b\x8a=lZj\xeb\x87\x9e>\xf8\x12\
\xf3|\x92'\xa6\xc74\x9a\xe9\xa7>#\x81\x81##\
s\xc1cO,\x07}\xddR\xb4R\x1a=;\xd9\xe1\
\xe0@v}\xbe\x0a\x9d\xc7\x88\xd6\x93\x91/\x89\x5c\x1a\
\x8a\xb9!\xfa\xf2\xc5=\x18\xec\x1c\x82\x02\xb1\x1b\xd00\
\x81\xcb\x106 \x7f\xda\xc5\xef\x16\xb4\xf7g\xcf\xc8>\
\x0f\xa7\x19\xb0H\xbc\xb6NU\xb4\xf6\x82<\x1d\x91\x1d\
34\xe6\xa2\x06c\x0e-\x0e\xcd\xa9\x98\xc5@\xc5p\
\x94\xe3v\xe65 \xb5\x82\xda\xfe\xa1\xc2\x05*\xfc\xc1\
\x8c\x8cz\xb9K0\xccss0ht\x9f\x19\xa2\x98\
\xdb\xacfg!\xfckhX0\xf9S\xf0H(\xa1\
\xce\x81\xae\x9e\x02\xbc)\xdf\xe6\xa5\xe4=\xeejK\xa9\
\xee\x85/\xae\xbd}j\x86)\xe9\xcc)\x03\xe9\x1e\xd0\
u\xf8\xf0\xa9S(\x0e[\x92zV\xff\xa0\xec\xdcA\
\xfb\xad\xf0\x1eo\xbd\x99\xb1u+ 'e\xae\xfe\xe0\
z0x\x91\xec#\x86\xba\xadm\xfd\xd0\xc3\xca+=\
\xd2\x5c\xa9\xc5\xe8\xa4\xa5fj\x1a\x91\xfd\xb9\xbfM\xa3\
\xe8\xc5r\xa6=\xbb\xa8\xa6\x88\xaa\x1a\x1fv\xdc%\xc7\
-J\xa1T}\xac\x07\x15\xda\x93 Q\x16\xb4\xfe\xfd\
\xb3{\x9f\xde\x00g\x07\xe8\xfc\x0f\xb7I\xf7\xf8_v\
9\xb0\x070y\x8a\xda\x00\x00 \x00IDAT\xf5\
\xfb\x889\xf0Oa\x97\x02\xf4\xf6W,\xbf\x9d\xf4v\
\xf0v\xeb\xc7m\x00`n:\xd0\x13\x17Y\xff\xdc\x84\
\xe3\x90\x83\x03ZJ\x84\x86>\x9c\x0bo\x84\xeb\x06\x82\
\x9d\xd5\xb6\xd9\xd1\x8c\xcd~\x14,\x22\xd2\x12:\xd74\
9e\x0e:\x9f\xc6xd\xb2\xe1P\xbd\x8a\xd1\xe8\xd3\
3\xc8\x8a\xb6\xaa\x9c\x9c\x9b\xf3\x09\x05\xe4\x00\xfe\x8e'\
fh\xff4\x01\xcc\xbf=t\xe8\xd1\xe3jm^k\
{\xf6L/\x0c5R\xdaH\xa3+\x0a\xd0\x82\xc2Q\
\x0d\xf8\xfa\xf9*\x8b_\x0c\x92Hff\x22\xd2\xcb\x10\
\x87t\xc7\xaf}\xc6z\xe8rf'O\x8fc\x9cU\
\x15F\xbe\xc95\x95\xbeJi\xa9\x9b\x1b\xb49\xf8\xaa\
\xb0&\xe1\xa3D\xd2\x8c\xbb8\xafSi\xf9`\xf2\xc1\
l\xbd\xaaL\xc5\xf8{\x89C\x87<\xbc\x11\xd9\x92$\
\xd8\x81\xfa\xef\xd0\x97\x86\xe0{\x85?b\xf1\x8c\xc1\x0b\
\xff@\xcbD\xce\xf4\x08G\xd9\xdc\x0en\x1f\xb7\x87{\
\xea=\xdeV#?/\x15X\xd8\xa5*fz'&\
\xa6!o*f\x87\xfa\x7f\x9akl$\xf5]U^\
\x91\xd5\x14\xdc\x98\x19\x9e|\xd1:M\x1b\x80z;r\
\xc3g6\x06\xe3y>\xa1\xd1M\x1a\x88sq\xeft\
\xf4\x102\xe8n:;Td\x85\xfaLOB\xa6\x97\
\x16\xce\xf8ZN\xcd\x8d\x85\x8e\xa0\xa6\xab8\xebN\x9f\
\xcbPW\xcd\xe3\xae\xaeC\x87\xba\x08\xf4\x94ou\x0e\
vr\xbd\xf8\xf9\x1d&o\xdb\xda\xb5\x9f\x92\x1d\xed\xce\
\xd8j\x0f\xc8\xb7\x12\x95C\xb1\xba\x0c\xad\xaey\xb5\x13\
t\x17\xbf\xaa\x96z\xe4\xc8~\x144:\xd8\xd6W5\
\xcfN>w+T\xa2 \xc8i\xa7\xa5\xb8\x0d\xa4\xdd\
\xfe`\xe7\xb7\xe6\x96W\xa4\xee3Nn\xa3\x0f&\xc7\
\x9ck[\xf2[l\xd0\xa5\xc4\xc6\xc6\xc6Y\x1ew4\
\xdc\x0e^R\xd4\xbe<\xe2<\xb2\x84\x1c#\x5c\xf6\x1f\
\xfex\xa2v\xfe\x12\xe06\xd8\x1e\xba\x22\xf8_\xb6\x97\
^\xc2.\x07\x16L\xfd\xfb\xc5\x03\xd0\xe1(\x94\x0a0\
\xffe\xa6\xb7H\xfdw\xf5\xdcSX\x14sj\xccK\
c\xde\x17\x00o\xeb\x19<\xd4\x88N\xc6\xc9\xc9\xc8\xd4\
\x85\x03\xc7.\x19\x03\xd1\xfb\xe7B\xb3f\x83\x9b4c\
\x13p\xdfMc\xb2&\xa2\xac\x0e\xe5Y\xb8\x12|\x82\
\xa3\x91>U83\x93=Z9=7F\x98\x17\x97\
\x97\x03\xf4\xfe\xae\xeao\x01\xfa\xa1o\xbb\x1eWC\x8b\
\x83+\x06D\x0e!\x9e\xd7\xc5\x00\x7f-g\xdbR'\
\xdb\xe8\xb1s\x8e\xa0q\x02\x1cJ|\xcbU\xa0\xce\x14\
\xbb\xf5`\xf0ffG0\x8d\xb4\xf8n}U}\x86\
\xe7\xe4\x97\xcfG\xafT>/t\xf3M\x0b/\xb5\x98\
\x9c\x19\x9d\xe9\xcak}\xfe\xa3\xb2\xd4j\xe7\x83\x07/\
\xe5\xb56\x97\xa1\xf3UA\x16\xd4\x87\x1d\x0b\x92\x9d\xdc\
mMv\x15\x020T\xd3\xfa\xf2\xde\x8d/\xc0\xe1!\
\xd9\x015-\x88xC\xda\xc6\x1e\x81\xd2\xf9+\x80\x1e\
\xe6\xf1f\xd7\xca\xbdW\xcc\xf7\x0a\xce\x0eBG\xaes\
\xbaB)~dM\xa3p\xd5s\xc8%\x9bP\x07\x0f\
\xb98\xa3\xf5\x1f\xad\xee\x8c!\xc7\x8b\x17k\xac3\xed\
\x92\xb5\x9d\xa8\xbc\x82\x0e\x7f\xf1\x22\x0a\x5c\x5c\xa65\xad\
\xe6\xe6\xee\xadc\x13C\x8e\xcd\x0e\x059\xa1\x80\xd7'\
P\xee\xd8?\x0d\x91\x05\x15>\xfb\xca\x83\xb1\xef|(\
U\xa4\xbc\xa0O>\xf4\xed\xdc\xcc\xd8p\xca\xb7)\x13\
y])?\x91\xa5\x86\x10\x8a\xdf!\x08\xf17\xa8\xa7\
\x1b\x01mx\xc7\xeb(\x079\xd0\xbev\x15\x8b\xa1^\
\xb5>\x0c^td\x1cr\xdd\xc1\xd6\xbe>C\xfd\x04\
\xc1d\x8b+\xca\xec\xdc\x9aNt\xf0\x91\xce\x14i\xa5\
\x83\xa3\xcf\xaf\xb8\xed\x1c}\xf0\xb2\xcf\xb9\xd6\x96\x94\x0d\
Lz=\x16B\x19\x1d\x22\xc99t\xea$u\x8e\xe5\
\xc3\x7f\xf5\x8c\xe0f\xd4\xcd\xc3\x0e\xd4\x19\xa8\x1c\xd8l\
'6\xb9K\x82\xae\x00^\x83\xa7M\xbc\xec\x8bg\xaf\
\xe0o\xbf\xb8\x03\x81[0\xf6t\xeb\x06\xf1pJ\xa7\
]&\xc6\x0fd6>\xea\x9a\x9b\xfeI=\x87$v\
\x07\x87Z\xb2q\xc8\xe3\xda\xc8t\xb9\x1am\x9au\x0d\
0\xc7\x80d<O\xd3\xde\x8b\x09\x9a(~Q\xabQ\
\x98\x8c\x16+>\xa1wj\xa1\x1c\x0fyNO\x92X\
W\xa2\x0fQ\xef\x5c4\x22q\xc8\xf5u\xeeW\x8f\x8d\
\x8d\x99S\xcf\xefC]\xd5\xbd\x13\xd5E\xd5\xdf\x02\xf0\
\x08\xaf7c\x8a\x1b\x02lj\xdb\xf5\xa8=N(A\
\x8e\xbf\xab0\xda\x997\xd6\xbe9\xd2\xd4\x93\xdf\xf8\xbe\
=\xe3\xe3M\xa0uX\xc0./\x11E\xb5p\x93\x9a\
#\x7fx\xd4\xa2P\xdaV=8\x0a+\x1dY\x05\x1a\
Ogg\xe0\xbd+\x0c\x83^u\x1eb\xd1\xb9\xed\xd4\
b09\x19S\xe9\xc97G\xf1t\xd8m\x04<c\
\xda\x04%v0H\xe9\x1f\x01.\xec\xa0\xfb\xec*a\
{\xbe\xf8\xf4\x0f\xf7(O\xe6\x00bjx?\x0c\x9b\
hp\xba2l\x8d\xa4\x0d\xd4\xd0\x11\x9c\xe1\xa0\xc69\
\xb5\xba\xc9\x07\xe1 \x04\xcbk\x91\x1f\xd5\xdf\x88r\xf5\
L\xebdj\x7f\x8b\x88\xbbu\xe6\xc5<\xa8\xedm\xe2\
\xde\xd6\xef&\x10\x9a\xf1\xf1\x09\x0d-\xce\xe9\xc0\xa8y\
\xe7\xda\x01\xcf\xd9\x11J\x9f\xc2B\x11\xf3\xdclGA\
\x1fj|\xe4C.\xb0\xc8@\xdc\x13m\x13\x01\xd5\xbd\
\xe6`\xe9!\x912\xd1\x9b\xd6\xd3\x17\xc5\xeb\xdcM[\
\xdb\x16[\x06\xf9\xb5k t\x86z\xbd\xfd\xfa\x88u\
\xd1\x1e\xd0\xfa\xd3\x0ed\x9a9\xf6\x7f7Y\xf9\xe5s\
$\x8d#\xcb\xc8\xe2G\xf8\xe1\xdc\x06)yh\xf4\xa1\
\xa7\xdc\xd6\xde\xfe\x83 /\x1d\xe0\xec\xab`&3\x85\
\xd71\xc4\x0f\xb94\xf7I\x87\xe7\xb1d\xf82\xe4\x09\
x~\xe11\xf6\xcb\xdd\xd2N\x12\xfc$\x09\xbe\xf8\xf4\
\x06\xfc\xedj`\xfe\x88\x81\x9e\x96\x99\xac\xb4\xb0\x18\xec\
$\x05\x0dn\xd6\xd4G\x94\x06\xd9e^\xed\xe2C\xca\
\x1a\xf4\xef\xc0,\x10\xabg?\xccu;\xbb\xce\x22\xe4\
l&g\x1e\xb8\xd86\xdac\xde6,n\xfd.8\
z\xe4\xe9S\x9f\xe2@\x07gg\xe7\xbe\xbe\xbbw*\
\xb2\x02G\x9a\xc6\xa8t\x1d\xcb\xaa\xb2=\x18\x05<\x03\
\xb5\xce.\xfdj5\x86\xb1M\x98#\xf5)1\xf1\xf4\
i\x94\x11\xbcQS|Q\xb4\xf9\x07\xbc\x1c\xedm\xa1\
\x22]#W,\x00\xbf\x8a\x1f\xf2\xc9\x1e\x5c\x9f\x19\x03\
@\xfd\xe5\xc3\xa7w\xea\x91\x0e\x9d\xa1\x9e\x9e\xac\xb4@\
\x9a\x102\x86\xbe\xf4uR\xf6P\xc6\x98&z\x08\x9e\
\x840\x13sM$\xa7\xb6c\xe8\x0f\xb9i\xc8rC\
\xf4\x85\xc7\x97\x17\xect\x8f \x05\x9f\xe7\x049\x81L\
wh7\xc5\xe19\xc8\xb1\x89:\x96o/Z?\xa2\
BI\x90-\xf5\xf2\x1e\xbcbQ\x9a\xb6\x05\x892\xe4\
r{\xf48\xfc\xc0\xa3\xef&\xfa\xd5\x9e\x15Y#\x04\
\xbb\x0f\x16Tx\xb8\xee2\x93\xb5i\x0d\x9dv\x07\xac\
\x95\x96\x85\xc3bw\xf7\xd6\xde\xe0\xe8&(\xe7w\xe5\
@\xbc#\xf0\x8f\xa4\xb5\xc1\xbc\x1f\x99\x1b\xd3\x0cR9\
+\xbaOM\xc1\x80w\xaeon\xee?\x9c\x98x>\
>6\xf6\xc8^\xe4:\xbfv\xc4l9l\x17\x7f\xfc\
\x83\xad\xb6\xb6\xe0\xef\xe0\xec_\x13\xe8W\x01?`\xb7\
\xb7_\x1f\x06/\xd93\xaei\x0a\xbd\x03\x06\x9e\x81\x84\
\x931x\xdb\xf9ei\x89\x12\xe615\xea\x08\x06>\
\xf02u\xf4I\xdbY\x7fx\xea.I\xda\x1ceU\
\x10\xa4la\x8b\x00&l\x85\xffl\x93\x00\xe76\x08\
{\xe0~\xef\x8bg\xe4{\xbd\x88\x91K\x0c\xf4\xcc\xce\
R7'\xa5\xd3\x95\xe7\x85\xa9H\x89\x02\xe8p\xbb\xc2\
\x12WO\xa0\xebkF\xb3\x8b|6\x18\xd9\xee\xa1\xa1\
>\xe3s\x8dp\xc1Z\xa7\x15)\x92\x0f4d\xff(\
E\x1aD\xebL/\x92\xa2\x07\xfaj\xd1f!\xf0i\
\xf1S\xf2-\x16\xc3%?\xeb\xa9\x86\xff\xcd\x09\xa0\x17\
\x16NV\xf6\xa8\x1da\xcf\x1d=\xea\x95\xe4M\x05\x0c\
\xa6\xbe\xd8z\xec\x0b9\x08\x99\xce\xb0f\x94\x0e\xd0A\
\xf7 \xfb\x0fd\xeb\xf1\xe9\xd0\xe1!\xd71v\x96|\
\xc0\xdd\x8e\xe8+\xf6\x04F:L\xf3\xc9\x97\xf0q4\
\xa2\xe1\x94\xa6\xef\xe01\x13\x03\x9d\x93bO\x85\x87\xc3\
h\xaa\xa1\x5c\x07\xcciE\xcc\x0d\xbe5\x1eQ\xe1V\
\x00\xd8\xe4-S\xf4Q\xc7\x829\x8a\x8f\x1e\xb3\xee\x07\
\xb0\xc3z\xdaQ\xa9P\x88\x86\x18\x981\x844\x098\
b.\xa2\x12\xbdK\xed\xe99 \x97Gya\xb8\xb4\
\x97WP\xd0\xf9\x13\xd1\x873/Z\xa7[\xd7h\xad\
\x1b\xac~lEC9e\xe1\x84\x8b\x8b\x5c.w\xa8\
(~\x8a\xb8\xd1\x08\xaa\x1c:\xfa\x06\xe4\xbb\xb0\xe2\x8e\
\xf6\xf7\xa2t\x1dE\xcc\xa5\xa3\x95c\x01aA\x11\xae\
,\xf7p\xc3 7\x93x\x1d\xb4\xafj\xb9|\xf5*\
Y\xe8@\x9fT\xb9\x96*\xdc\xa97\xd1\xae`-.\
\x03\xd1\x91\xfd\x9a\x87#\x15\x03\xc8\x1fo\xcept\xcc\
p\x09\x0e\x9c\xa3\x92!\x94\x8b5NLV>\xf8\xce\
\xb1\xb96,*h\xde%x2.z\x7f\x5cx8\
z\xae\xb3._\xc8\x91}\xf5\xea\x06\x82/l\xad\x08\
s\x10\xfa\x8d/\x9e=#\x7f\xfb\x8e\xc7\xf4>\xd4\xc6\
\xb6m\xd4\x0d\x8cXY\x8ai\x14\xc3\x98\x91\x88\xec\xc7\
~\x97\xd9\xe0\xe8\xe8\xe8\xc0\x02\x87\x02\xf4*'UK\
$\x92\xd1P\xf9S\x08\xb3\xa2S\x9e\xe2G+\xe4\xa9\
\xf6\xc2T\x0bWGS\xfaTA\x87\xa7\xe7\xd0\x10\xc6\
\xcd\x7fp\xee\xd8\xb9cA!!\x91^\x91\x91\x11\xfb\
\xad\xa8\xeee\x06\xcd\xa2\xa7\x8f\xac\x9b\xbe\xb68\x5c\xb2\
\x0f2\x90 y\xb5\xe5r\xd5\xd7d\xad\xff\x1e\x91/\
\xe6\xa3\xb1\xfd`}\x18\xbc\x99\xd9\xde\xfd\x0fA\x1a\x84\
:`\xcf\x00\x1b\x85\x88\x87\xe6k\xef8\x04n\xff\xb2\
\xdf\xd1\xb9\xd6\xa6\xc4\xe3D\xd0I\x03\xdc]\x13\x83\xd5\
\xed\xef\x87\x9d\xa2f\x01\xc8\x8cNE\xa0\x9bzPQ\
\x06\x95\xe9E|\xdd\xf8Z\x00\xa1\xdf\xf83\xe5L\x5c\
|\x0c\x81\x0e\xab\x1f\xba{\xe6\x816\xdf\x9d(T\x80\
6\xf9\xdc\xb7\x1a\x03p\x83\xa3\xd1;\xa6\xc0SN1\
\xe7\x9ba\x86\xba\xa4H\x12\x92\x09\xd7{\x110\xa7N\
S\xe0J\x8d\xfd\x13'\xa2\x82\x82\x22C\x82B\x82\x22\
\xe7\xbb\xcc\xb7}\xd4\xe3O\xfd\x05\x9d*}O\xef\xdd\
8\x12\x17.\x03\xc9\xb1\x0c[\xdb\xab\xbf\xbd\xd6\xf2u\
U\xcb\xb5\xaf\xbf\x06\xf2 \xf5\x96\xdf\x82\xd4\xd7\x8b\xc1\
\x9b\xed\xfd\xe8%9\xe7\x10\xf9a\xb0\xdb\xd7\xa2\x87h\
m\xbd\xbd\xf3\xc3\x07O^\xaa\xd1g\x0e]\xa2=\x10\
f?\x7fA\x80\xdd\xf5\xd4\xd0`\xb4z\xfc\xfd\xd8\xdd\
\xa8iE\xc5S\xfac\xb2\xdc\xbe\x7fF\xc1\x17\xe3\xc5\
\x89u\xe3}\xdc\xbdOA\xe6\x94\xf7z\xe0\xd1c\xc2\
\x1c\x95\xf0x\x8f\x8b\x99\xac\xf9#\x0d\x1c\xaal\x9f\x98\
\x08\x86\xb9\xc8\xa2Q\x07\xe1\xc1:x\xd4\x88\x0aDf\
!\x072\xa5W\x94hR@A5\x94/\x87\x9f\xa2\
\xcey\x12\x89\xc4\x94\xed%;\x03\xb1\x8e\x05\x15\xfe\xf8\
j\x0b\x0f\x05\xa8\xde\xe0mdF\xbd-E\xd5\x01:\
\x84\xf9\xef\x09\xf4kt\xbf\xea\xe0:1xF\xeb\x0f\
G\x8a\xa1\xc4C\x8bG\x04\xa8\x05\x91v\xa8\x92w\x9e\
\x06v\xc0\x19g\xd3\x02W\x9c\xca\x03\xfe\x8e\x1c\x9e\xcb\
'\x9d\x1b\x9bv\x19\x7f\xff\xa7\xf3\xae\xb2S\xdbQi\
\x04\x16\xbfc\x1f\xc5\xd7\xff\xfd\x7f2r^\x1ciC\
\xf4\xff\xfc\xec%\xe49\xeaXHq\xdf\x91\x0cn\x0e\
b\x1d\x9a\x98\xa2 xii\x0f\xfc\xa6j\xf2\xa1\xdf\
\xac\xba}[\xe50P\x10]qt^R\x91\xe8\x94\
\xd8R9\x8c\xda\x97\xe995\xba\x8f4\x86/9\x02\
\xdb\xfb\x0c\xda\xc2\x97*\xfd}\x9fg\xc7l<\xa9\xcb\
>\xa8G.\xc5\xd5\x16\xd2\xe3.\x93L\x07\xe00\xd9\
\xafU\xd9\xfc\xb2\xd6\xe0\xab\xb9.\xb7}\xf4\xf0\xe1\xc8\
HV-8<\xe2\x00[m\xcbl\xb6V\xd9Wa\
\xbbJ\x85\xf6\xffe6 {\xb4\xcc\xcfz!\x8f\x0a\
\x82H\x8dW\xe7\x8dEO\x1c\x8f\x00\xe1KBX\xf7\
\xe0d\xbbG\xbc\x0e\xcf\x00\xa7\x7f\xf0\xba\x19B<\x7f\
\x9bb,?`\xfe\xf9\x0er\xca \xbb:\xb3_\x1d\
\x0cf\x1e=;1\xaeA\x13@%k\x038\xe4\xe2\
Y\x80\x90\xae\xea\xb6}s\xe8\xe4\xa4z\x1e\xe8\xdb>\
v\x93\xe6\x92\xa9\x86\xde\xcf\xf2\xbe!d\xf5\xec\xc6\x11\
-\xba\x92>F\xdd:\xb4\xc4\x1f\x9f\xfb\xc7n<\xea\
!\xcd\xb6Wo\x01\xe4*\xe0N\x0e\x9a\xab@\xfcj\
\xcb\xd7\x10\xee\xeb\xe3\xa2\xa1\xd3t\xe4\xe1Kd\xbe\x8f\
\xf4\x91\xc5N\x7f\x88\xecSL\xa0\x05\x03\x1f\x901\x83\
N5\xb5\xf5\xce\xaa\x92\xbb\x0e\xaa]Q^A\xb3\x93\
s\xda\xe9x\x19;\xbd@\x9d\xa41,7dF\xdf\
G><\x87\xae\x80\xfd=\xd8m\xf3\xc1g\x97\xc4\xbd\
?\xa3?\xdc\x96\xccp2\xf4\x93\xc3\xc3\x1f\x0d\x05\xcf\
9 s\xbd\xb9\xb9q\xa8\xa7=\x1b=\xed ~G\
\xa3=\x9dm!\xf2\x10}\x1e\x9a\x9d\xb6\x0c6\xc2\x14\
\x0a\xa8\xdb\xbb\xef\x0f\x8b\xa5\xd9m\x8f\xe0\xa4\x1f\xe8\x1b\
\xc2T\xc9\x90\xa5\xd0\xdc\xb6?\x1b}\x83\x95\xfe\x96\xcf\
\xf7\xefe\xc7\xbe\x81\xff\xa0\xbf\xdb\x12\xda_\x7f\xdd\x02\
\x91\x0e\xff;9\xe1/\xdf\x22\x16_\xf5Ff?\xac\
\xe4\xbb\xed\x8dnz\xf8\xf0\xe9H\x96\x07\xfc\xd5@\x9b\
\xf29\xec\xab\xec[l\xa8\xf5\x7f\x09\xfe^\x04\xbe\x18\
@\xe7\xe0\x12U\xad\xf3\xd1\xd9\xe8\xe8\xd11\x22sZ\
P\xa8\xb6#%\x19=\x06\xd3\xd3\xd1\x1f\x1eys\xf3\
i\xda\xc4\xfd?P\xfc\x1c\xf2<\x93\x05\xcf\xed\xe0\xcc\
\x05cG\x19\x0aV\x86c\x7f\xb0f\x10\xfc\x9d<h\
\x93\xb3\xd8\xb3\x15\x98\xd7\x0f\x85\xef\x9b\x9e2J\x14>\
\x82\xce\x91\x88\xa4\x96*SP\xee\xd2\xd8<0\xd0\x07\
\x06\xbf\xdd\xa4K\x81;R3\xc9\x91\xb3\xe89\x86\x14\
Y\xb7\xd1\xd3\x1b.\xd6\x93>\xb0\xaf\x82\xd2\xce\x80\x07\
\xe0 v0{\x18q\xd8\xdc\xa5\x1b\x14\xc8\x1f\xf8\x1a\
\xdd\x88\xa2\x5c\x82\xd1\x1a\x01\xa8\x03[F\xe5\xf5\xa0\xf8\
*\xa0\xec\xf1\x02\x8bE0\x8a\xefV\xa1q\xb4\x8d\xb3\
\xe3\xd0\xf8\x89\xc4X\x99\xfeH\x22\x09u*~A\xaf\
\x8a\xef\x9e=\xfb\xf3\x17\x7f\xe0q\xa6[n\x1b\xff\x8d\
\xe9\xfd\x1e\xcb\x87\xa3X\x1d\x06\xfd\x02s\x08\xef\x83\xb6\
\xb7\xf3Q\x98\x16\x1d\xdd\xdb\x836\x80\xd4\xc9\xbb\xbdR\
\xa3\xce\xb8\xb9\xf5\xeb\xad7=1\xf6Y\xdc\xde\xaf\xd7\
\xe4D{\xcef\x9b\x83\xb7K\x8f'\xe2\x0d\xc2\x81\xba\
\xdcs(\xfcQ\xf8\xee\xa5r\xd9D{z\xb2\xfdK\
\xc5\x01\x8al\xb7\xe3\xde\xfa\xe3\xdf\x90-\xd11\xfb*\
B\x98\x82\xabW\xaf\x02{r\xc0\x13\xe6\xc4\xe0\x97\xba\
t\xdf\xdc\xd1^\x80c\xa3c\x84P\xcf\xc9\xb9\x8bj\
\x11b\xee\x10\xea(~\x22\xc4\x99;\x13\xd9\x07/j\
\xab\x90I\xd9\xdc\x18\xbb\xcd\xa8\xa0G\x12\x19\x07\x1d\x9e\
\x92%\xe1\x91}\xef%P'\xac\x05\xe4\xf9\x0b\xc0\x00\
s<r\x83\xe2jL\x87\xdb\x91\x16\x0e\xee,\x1f(\
A&\xb3\xea\xb6m}(R8\x06\xa7\x09u\x98\xd5\
n\xcf\xc7]\x88\xfcg\x1fV?\xd2\xf6L\xc6\xe9\xb2\
K\xbc\xf7\x9cE\xdb!s\xa9{LRd\x1c>8\
\x15c\xa1\xd1S\xac\xb1\xf1\xa2\xee)\xa6NN\xd2\x99\
A4\x96\x95*\xc5nn\x1b\xae\xcc\x055\x93&G\
:\x5cK\xd5\xef\x19\xf6\xa4\xccQ\xf4\xa5\xd6y\x99\x8e\
\xc1\xa6\xbe\xda\xea\xf7\xc9\xc2\xe4}j\xf2^6\xc1w\
\x9d\xe5\xa1\xaa\x07\xe0H\xd8\xc4\xa0\xc6\x17HR\x12\x16\
\xba\x16\xd8 \xc2\xdax\xf4\xe4\xfc9SD\xeb0\xb4\
Sw\x00u^\xae3\xcc\x05\xe0\xffp\xef\x0b\xfae\
\xf8\xff\x01\x0a>\x14w\xea\x1b\xb5\x03\x814\x8cr\x0f\
G\x87v9:c\x80\x8dw\xcfj4n\xbe=m\
\xd3n=\xca\xec\xe9\x99\xe9Q\x8bi\xa0\xee<>9\
\xd5\x9b=\xa9q\x11D\xb6\xf7\x19+)r^\xdd\xdd\
I#\x0b!\xe3\x01\xcc\x02yT\xc8\xa2t\xd4s\x03\
\x13\xe7\xe1H\xb6\xafX1\xa84\xb7\xb28\xbb\xd1\xca\
\x5c\xd2\x07\xb6-T\xe1\x02J\xa7\xdfkW/S\xdc\
\x05\x0bi*.\x11&\x8e\xfdM\xef\x0ar\x91\xf7\xf5\
u\xf4\xc9\xef\xa2\x19\xcaH\x16\xca\xd4m\xb7\x02\xf4\xaa\
\x16\x95\x07k+ZL\xb5/\xd4;\xba\xa4$\xbf\xca\
>.\xe4\xc3\x05\xdd)#\xe3P\xedd\x07\x83;5\
\x135\xad\xcf\xfe\xcc\xe8\xfa\xde\x1f\xbe`\xac\x1e\x12\x9c\
\xfd\xf24\xff\x87?\xb0\xf8y&*\x22\x11\x16EQ\
Z\xa3KsF3\xecq\x80\xee\x09\xcc\xdd~t\xaf\
\xa9)\xf5u\x82\xaa\x0d\xbf\xa9\xe5Xs?\xa8\xdfm\
\xf4\xc7v\xcd\xc4n\xce\x99\xb6\xed\x8c\x95{\x82X,\
\x95\xb2\xc9r\x92\x10\xe8\x91;\xc2\x1f]l\xf4\x0c\xbc\
3\xd0\xbc\x14\x95Hb\xa4n\xd9Rw\xf3B\xa7Q\
\x0b\xff\x8dV\xe6\xa2\x9a\x89\xb0A\xe8$\xcf\x7fK\x0a\
<Ank\x8b \xa0\xcb)C?\xd4\x9bF\x9b{\
?\xaf05\xda\xc7u 8%\xef@\x08\xb3\x18\x15\
.*\x10:\x81\x8e\x8e\xd1\xc0\x9b\x8bW\xfd\x11:]\
\x99j\x97\x97\xa9\x9ay\xc6\xe1\xad\xe1\x9c\xe3tx\x22\
\xeb{\x94#+\xd0:\x01\xce\x13\xff\xbd?3\xde\xfe\
(\xdd\x1am\x07\xd0)*\xeehFw\xf3P}-\
0\xcfx\xa8i\x07\xe8\xe6\x9di)NH\xb8\x07\x83\
\x1fD\x01\xe2\xac\xa6\xdd\x0a}A\x065\xd1L\x93\x13\
m\xfb\xd8\x89:\x04\xb8\x1f\xe7]k\xae\xbb\x93\xf7\xe1\
}\xfa\xd5\x81\x81\xe5%\xaa%\xec\x5c\xef=E~\xa5\
\xbe\xd9\x85\xd9V\xa5\xa5\xa3W6Z\x99\xf3j\x06[\
'\xf7\xeb\xd5\xab\xa8]%B'\xc4\xeb\x9d\xd1\xf14\
\xc0oI~\xf5&\xae\x02\xd7S\x849\x9a\x06\x0e8\
gd\xf4\x05\x22\x1e\x0d\x16\xef\x80\xbc-8\xe2\x18s\
g9\xa4\xd8I\xcd\x0cj\x17\xa1\xa4\xc88jG\x04\
\x86\x0d\xbf\x1ah\xfd\x06 \xff\x03\x08\x5c\x80\x9dm\xb2\
;\xf7X?\x19\xc4X`\xa0\xdb\xd5$c\xe4\xc8\xb1\
\xee\x83\xceC\x19\xcdp\xbd\xa1qH\xfb\xce\x9d?\x8a\
\x93\x0f)\xdc1n\x0d\xab\xd0\xca\xe2\xc7\xb1\x9ev7\
+'+\x8df\xec(.8\xd1\x11\xa8p\x80\x5cz\
\x5cW\xc0/\xd9\x0dJo\xfc\xa9\xa9\xc3\x01\xa0\xdbP\
7F\x93Kt\xe6\xac\xb9_Q\xa1\x95\x15\xecu%\
r\xe1O\x7fb\xf2i\xeb\xb5S\x16f\xcf\xf4\xb6\x96\
\xdf\xfe\x16\xb7\x97A\xf3\xc8a\x92\x83\xcc\x03\xd4\xdaS\
\x1f\xae\xf1Q$E\xb9\x10\xe40\xc5\x9d\xebQC\xe2\
x\xe2#\x0c\x02\xc8\xca\xa1N8\xd0\xdd\x19\x9d\x13w\
\x87\x1eG\x05\xce\xbb\x16\xcb\x12\xe5\xb4\xb9\xe4\x1d\xe9\xe4\
\x91}\x86\xfaS\xc6\xe3\x0d)\x9d\xb1w8e\x1eB\
\x87\x0b\xdfA\x84n\x97\x1c\x17)\x12y\x1d\xdcz\x10\
\xae~\xe8k\x1a\x8d\x95\x95\x95\xdb\x8f\xd9\x8f\xad\xab\xef\
\xcf\xf8:\x91\x07\xad\x14\xcd\x1f{\xb3\xdd\xac@\xe8\xe3\
\xa1\x8d\x11fP\xe1\xb2\x13\xcc\xe1\x92\x89\xf9Do\x93\
\xcbv\xc3\xe6\xbb\x1fz\xd7\x01Exe\xb6a\xa65\
x(\xfcJsE\x809\xc6\xb8)\xb3\x0b\x91/\xe0\
\x1b\xb3\xb1*|T\xd5\xd5[`\xe8 t\xd2\xd9\xe1\
w\xafm\x06\x95\xab\xd5]\xdaD\xb4 Y\xd3%\x03\
\xe6rD!\x09s\xf8a\x1b\xcf%\xc9\xf6\xc6F\x87\
\x8e\xe48T\xd9\x96Q\xab\xf0\x91\x11\x1f\xca\x22\xfd#\
\x8a\xda=\x1cv-\xcew\x08u8j(G6\xf3\
\xa7g_\x91`\xe7 \x17\x80\xa7\xdb?\xdf{\xf5\x12\
\xbe\xd7\xc7\x8f)c\x22\xd9\x8e\xcdpO\xfa\x80u\x8e\
\xe9n\x1e\xd7\xa0\xe5\x8f\xd5\xce\x9e\xc9i\xe8\xe1\x99\x13\
\x934x\xabP\xf9\xe3\xf3Aw'+\xa7\xf6\xf1&\
\x97\xc6S\xe4\x85\x03\xe6Rq\xac\x01\xe6ff\xae\x84\
z\xc7\x08\xda\xa5\x81\xd6M2#\xe2\x10\xe2\x04\xb1\xbb\
y@\xcc~\xa7\xc1\xecR\x7f\xa5\x93\x85U\x8clM\
O\xed2o~\xd2\x96\x0c\xf4\x96\xcb\xb7\x08z[[\
4guQ\xe7\xa1N2q\xed:R\xf0G$\x8b\
R\xcb\xe5}p\x86\xc1\xe7\x06\xcc\xbb\x19\x0c\xa2\x931\
\xd1#\xa8\x1eS9\xfc\x8cd\x04d\x8bc\x1c\x04\xcd\
\x00\xf1XB`\x9a\x99E\xc6Q\x8049\x9df7\
\x926\xf7\x8cE_\x98hgDN\x98s9\x90\x8f\
v\xecH\xc7S\x819if\xb2c0\xc5!\xd0\xa3\
5\x83;A\xe9\x83\x1a\xcd8k\xe1\x1f\x8d<Vx\
\xe6\xb2G\x9f+\x95N\xed\x9a\xf1\xd9\xee\xc6\xa1\xc9\x9d\
\xad\xe6\xf0\xc2\x1d\xe7\x87\x03\xebN\xabl7\xe6\xacb\
h\xfa]\x0c\xadP\xb5D\xe9\xf6\xeb6\xe0\xc0\x13\x8b\
s\xdd\x95\xc7?4\xdb{\xd6\x09\x117\xa5\xbf\xdb\xf3\
\xb3\xf3\xdfF\xf7\xf4\xf5\xd8\x90\x1d\xbbM\xca;\xf1u\
@.\x97\x03\xf3\x00m@<:\x82\xae\xf1\x92\x05u\
t0q>\x80V\x82\x88\xab\xf2N/\x91\x99w\xec\
\xf9\x1c*\x02\xbe\xe3\x83jVJK\x00{\xf7\x90/\
\xed+\x82\xe5F\xaddA\xc7@\x1dys\xe4\x9c\x83\
\x06\x0f\x85\x8e\xb3\xd2\xc9\xdf\xcez\x85Q\x88\x05\x0e\x9d\
8NG\x95\x05m%\x07\xcc,z\x82\x80\x8d\xb7\x83\
\x8f\xc3LC\xddO\xb3\x8f\x06\x86\x1b\x0d\xde\xba\xa2\x94\
Ni\xa2\x1d\x1b]\x065\xbd\x09\xb0\xd4\xf4\xe2\x5cw\
zN\x9e\xeaw\xdcU\x91\xe3\xf0\x023\x89lj\x83\
t\xfb\x85\x8d=\xfe\xe6\x0a\x12\x0a\xc4\xfa\x8f\xf8#\xa5\
\x02<\xc4\xed\xb9\xff\x86\x86Y\x83\x903\x05\xef;)\
\xec@\xdc\xc5E\x9b\x87\x8c\x5c\xd9\xda\xe7\xf3\x5c\xe8\xfb\
\xf9\xe7\xbb?;\xa8\x009\x9c\xaf\xdd\x86\x8e\xce\x93\x80\
\xfd\x8eC\xdf\x9dP\xb47\xa4,\xf2r\x87]\xcb\x85\
\xfd\x18\xad\xd3\xc4\x9ft\xa2\xf5W\x7f&\xd4\xa1\xcfq\
\x90\xe3\xf6\xd9\xb3\x97]\x94'\x03\xccA\xe9\xbb\x05Q\
\x11\x04\xcd}+\x8c\xf1A\xb4\xee\xb3\xea\x19\xd7\xcc\xc2\
z\x83\xc7\xfd\xe6\x10\xb2\x97A\xea\x85\xa5\x96\xa3\xad\xd3\
\xd3\xfd\x18\xd3\xa2y\xbfM,~\xf7\xb8)k\xcb+\
\xac\xf1\xa6<\xa7\xc2\x01M6 \xd6\xe7i\x1e\xa2#\
\xa7\x13\xe0\xb3\x95\xc6\xb0\xc6.\x90\xee\x83\xfe\xc8\x9eB\
\xae\xc6~\xb4\x1e\xda\xb0\xe5\xb5\x0b$\x0e\x1a'\xbe\xae\
v\xc9\xd3\x1e\x8e\xd7\x05\xaf\xd7\xf2\x98\xbc\xfa:0\xe9\
\xe1\x85\x87\x83\xca\x86\x08\xdd8bm&:\x19\x1bu\
\x82\xca\xc4\xd0\x8a\xc6A\xee\x19\x16\xb6\xac\xe2\x03{\x1d\
l\x1b\xf1u\x92\xeb\xd0\xe1\xe1\x9c\x13\xb4xhv\xe0\
\xed\x98\x85\x8d\xd6p\xc0\x9cx\xbb\xf0\xcd\x5c=\xbf\xbe\
y\xd0\xa7\xdd\x09\xbc\xdd\xcaiP\x13\x0a:G\x14\x82\
P\xa7\x86p0\xdcz*\xdd\xa6\xbb\x90\xc7\xd3C\x15\
\xa9\xd2\x18\x93Z\xb7\xc8+\xae\xfb\xa0g\xf1]\xf4w\
\xf7(k1V\xe1EG\xdc\xd1\x96\x0cBA\xc6}\
\xa4\x04\xda \x05\xdc\x0a\xaf\x5c9M\xa4\xbfAK\x16\
\xb6\x0bf\xb2\x8b\xda\xc5%\xcfE{\xf8p\xbc\xd7\x9b\
,\x8e]\xf4;\x9d<\xd1\xf1\xf3\xcf\x04:,\x1d\xd4\
\x7f\x9b\xf2fy{\x05EEE\x85E\x1d\x0b\xf2\xba\
\xb0\xec\x109\xc8\xf5\xed\x98\xefJ\x92\x1d\x09n\xc8\x9b\
{\x06\xc89y\x0e:\xe7t\xb8G\x94T\x97\x9e\x9a\
|\x8es\xb4\xd0\xb1\xc9\xc2\x9coVh8\xd0\xa74\
\xe3\xcd \xf4\xff\xf1?~\xff\xf5\xd6\xee\xa1\xe9\xf6A\
\xa0S\x88\x8a+\xdf\x89.\x14\x11\xa3lI\x1a\xa3\xbb\
X\x8c\xbf\x97\xc8\xebhcFGq\x81\x03\xfa\xa7\xa8\
l\xc3\x0c\xda}\x89\x8e\x1c'2\x878\x17\x16R*\
\x9c\xa4\x85\xfe\xa5\xd9\xa3\xa31k\xcfN\x85O]p\
\x1b\x84\x09\x15\xa4\xbdiA\xe4\x11k[J\xa5\xfb\xec\
\xa4\xa8\xbe\xbb?#\xa2B\xa3\x9blm\x0ff,\x96\
v-\xc3B*\xe1\x85\x95\xb0B\xd8\xebh\x1aM3\
\x99\xd1\xa1\xe4!@\xe71\x87d\x7f\xc6\xf5\xfe\x04\x99\
#\xcb\xca\xf0\xb3d\xc7\xe4\xeaq\x0d\x08}pjp\
|\xdc\x93\x98\xfb\xef\x81\xf9\xcd\x8c\xe9\xe9)\xe4\xb6\x15\
\xa2\x97\xf7\xa8\xc5doJJ\x1by\xe1d\xba\xe37\
\xde\x10I\x82\xfa\x1d\x9b\x0b\x8a\xd1{\xa6\xbc$\xdfY\
\xdf\xaf\xc9;\xe68\xb3\xf1\x0c\xcfj\xd2\x198hp\
5\xf5<\xf7\x8d5~\x9b\xf5\xbc\xe7z\x98t7-\
\x8a\xa9>\xd4\x93\xc0\xeb\x1e\x80\x04Y\xa3\xcb\xd7U\xcb\
\xa2\xfa~v\x00\x9d\xff\x5c\xa6Bv\x8c\xfd\x12%\xd2\
\x1c1,;\x0e\x8a\x1d.h\x1d:\x1a\x94xpx\
\xc4\xdc\x80:\xa3\xf5?s\xbd\xc2v\xc0IOt\x1e\
\x223\xfcn\xe7f\x1fj\xa6zv:\x01\xf2\xf1h\
\x81\xb9C\xb5CmJ\x8f\x93\x15\x14\xf8\xc2B_K\
\xab\x09\xad\x82<\xafK\x9c\x9e\x88\xa3\x8eCP\xe6\xe0\
\xa3)\x1bh\xe6Tx\xd1\xb6=\xa7\xdd\x13\xd05<\
\xd6X6}\xf2\x11P\xf7W\x22\xf1\xf6\xec\xc6)s\
\xa2\x88\xc3y\xdaS\xf1\x17\x16\xe1]\x86\xa7h\xb9m\
\xd7\x90\xdd\xdb\xb1v\x1b\x12\xd3\xc2\xd7\x88DA}\x88\
\x94\x83\xb7\xff\x5c\x86Q\xbb\xf6\x07\x97K\xc9\xf3\x8e_\
\x99\xf8s\x85\xbdN6\xf8\xa3}\xd4[\x1217\xa6\
\xceq\xbeW`\x8eR\xe4\x1a;c\xccE!\x9e\x98\
\x17\xd4\x83\x16\x9d\x83\xe3\xa1`\xee_\xff\x9e$z\xb7\
\xfc\xe1\xf44z\x05\xb9\x0d*\xb3\x95E\x0a\xa9oO\
\x91b8b\x09\xc8\xf1\x1d\x8f\x85\xa3\xb1L\x8e\x03\x12\
\x00T\x03\xbb \x8dD\x98}\xa5\xa4\xb0\xfb\xe9\x05\x0c\
b\xdb~J\x9a\xf3/t\xb3\xd8o \x09\x16\x9e\xa7\
5\xdd#\x8b\x88\x88x\x03Dn\xe6zn\xfb\x16~\
\xed6Q\x99\xa2\xfb\x0e\xa2XX\xe7\xe8(\x84\x96\xa1\
\x94\x06go\xa8\xb8\xeb\x9ed\xb8qr\xc1y3|\
\xd4`\x9b\xe9\xf0;\x90\x1a\x91F\x1e\xd9W\xa0\xf1\x1b\
 s\xd2\xe1\xd2a\x9e\xe3rH\xde=/\x91>\xc4\
\xc5g\xbc\xa7'{\xb0g|\xdc\x19\xcc\x1d\x98\x93\xdd\
\x1e:>\xdd3\x85\xd6\xed\x83V\xa5E\xa8c\x9d\xb1\
\xccn\x8b[\x8e\x7f\x9dst\x94\xc3\xce\x00\xeae\xb5\
a\x17dG>vS\x02r\xf7wM\x18\xe4{\xf7\
\x83\x87\x94\x16\xfa\xff\xf8|#\xfd\xb1K_\xc4\x06g\
u\xa9\xcd\x90\xed\x07\x0e\x1c\xd8\xc2\xfe\xb6l\xd9n\xa0\
-\xcd\x7f\x91\xd7\x89\xbe\xbb\x94!\x81\x5c(\x9b\x16{\
\xfby\x8a\xfb\xfcg#E&\xc2(\x88\xbe\xf0\x09\xfa\
=\xaeq\x5c\x06\xd5cL\xf6\xfa\xfb\xcb\x97_}\xf5\
\xea\xe5W\x7f\xeb\x87\x1f\xee\x11\xd5(\xc2\x0f'\xd3?\
\x97my\x1d\x8d&J\xcf\x1e\x84\x03\x86\x07\xfd\xe6\xcd\
\xe0\xf1i4y\xea\x99\x99\xb1\x1aUV+K\xdd\x0b\
--\xc5\xe7\x96sO&\xc59f\xf4e\x95\x97a\
\x92\xc1\x80KXL\xbb\x1b\xc2q\xe6R\xa9)m\x84\
\x9c\xf8L\xae\xfb>\xdfX\xcf\xdc\xbc\x93\xb1\xea\xbb\xb2\
\xdd\xdb\x0fXS'\x16\xa0N\xc0o\xd1\xd9\xc2\xf3\xdf\
*\xe9\x84\xea\xee\x8b\x9fIo/a\x02}\xc9\xe4\x03\
z\xb1(^\x17\xe0\x98\xff^\x0b\xee\x83\xd6\x81n\x8d\
]:\xea\xd7\xc3\xef\x7f\xf7\xdd\xd8O\x7fG\xf1\xd9\xa3\
\x1d\xe8G\x06[m!\xb9\xba\x1e\x0d\x1e\x1f\xd4X\xf5\
LE#Q\x86\xb8;EY\xa7\xa7\xb3\xb3g\x0a\xd1\
'\x08*|/2 \xb3\xad,|M\x10\xec\xbc\x0f\
\xe7\x959UyV\x87\xfc\xfe\xf8\xe0\xbb\xb9\xd0\xf7\xdd\
/\x98\xb4\x85${\x06\xb3\xfd\x91=Ux\x05*\xfc\
\xbc\xb7\xf9'\xba\xeb\xba\x1b%\x7f\xe8\xd3`\x9d\x89?\
\x0e\xf5\xedB\xe2\x81\xf1\xd7\xf0\x8eb\xb3\x18_\xfc\x0c\
B\xb7\xad\xb2\xdf\xba,\xe6f\xb2DS\xe4b\xfc\xae\
\xba{Hg\xc1\xb4\x1f\xd4\xb4\x86\x1f\xd8\x82d\xf6\xcc\
\x8b[\x0ed>\xda\x97\x9e\xbe\x0f\x01\x19\xbd}\xae{\
\xba\xe4\xe8\xec\xf8t\xca\xc4\xd4\xf8P7\xdc4\x9c\x89\
\x0e2GNl\xf6\xcc\xf4\xf4\xc4\xac\x06\x17@Ov\
a\xbb\x85\x95)\xb7\x8c\xeemhC\x12\x84\xd9Mw\
\xe0\x8f\xbd\x83\x9eh\xed\xbdT\xd8\xe8\xbe\x98\xa6&\xdb\
\xe3\x04\x15\x11\x82\xdd\xf2\xc7\x987\xc2f\x8d\x8ed\x9d\
\xee\xb8\xee\xdeBC\x0f\xac\x91\xcf\x80>\xf8\x8c\xd2A\
\xec!&tCQlE\x01ye~v\xc0D\xed\
\xfa\xa5\x14w\xdd\xa1'%n\xd3m/\xbfA:<\
z\x85\xa7\xa7>\xb6F9\x1apG\xa7I\x08s\x16\
cYx~%\xe7\x5c|P\xa2\xa2f\xcc\x9d9\xe2\
oFOO+\x95\xca\xc2\x99\xb1\xe9\xe8\xfe\xc6h\xcd\
x\x0f\x85\xdc\xa0t-{\x10Ia\x8d\x8eC\x81\xc5\
\x9e\x1d>\x9a\xe9\x896dT\x99\xf4\xdfq\xdf\xc0\xfb\
#*lD\xdd\xcbs\xb7\x0d4\xdc\x96?\x9bK<\
C\xb6\x9b\x8a\xfa\x81wj\x0d\x12X\x80=\x80'\x95\
n!i\x89\xbcf+\xee\x00t\xa2s\x1b\x9b\xfa\x8c\
\x95\xa4Z\x9fL4\xb6y\x968\x10<$\x89D\xd7\
\x02\xb8Za\xbc\xa1\x87/\x06\xb1\x13\xe4T\x17\xc1\xc5\
X\xe6\xbf8d(\x1a\x1dD\x1c9:\x07o'\xe6\
>\xa3,,\x94\x02\xf3\xa1\xeen\x8c`\x9a\x9e\x01M\
\xfa\x8f^\xf9h\xd9\xa3\xb8\x10\xe7\xd8\xef\x12<7\xad\
\x99\xfei\x02\xad)\x96\xc0\xdc\xcc\xcc\xfbc\x04\xd7\xa1\
\xccm\xa8\xe16\xffd\xac\xe6\xbe$\x22W\x11\xd0\xd9\
\xd0\xa9\xadI\xcb\x84&\x97\xd9Y\x9d\xa7E=ig\
\xda\x96\xed\x82\x93[x\xbb\xa4\x13w\x02G\x9e\xfe\x11\
J\x1c\xfc2\xaa\x01\xa3\x221\xe19\xf3o/\xc4\xaf\
J\xee!3z\x074x\x82\x9aZV\x90\x02G\xc8\
\xf3\x09O\xf3\xdf\xdc5\xce'\xb8\x9fZ\xf1\x13k\xdf\
\xba\xb5\xbb\xd9g\x0c\xdd:\xb1\xa6\x9b\xd4H\x94\xedn\
\x86\x5c\x9f\x81}\xd5c\xb9\x02\x0fZD\x9cK\xd7}\
\xcd\xe44uo\x9e\xee=\xbf\xe4ao\xdb\xef\xe6\x84\
\x98N\xa1\xef[\x90\x0b?\xff\xa4\xac\xe0\xbe$B\x99\
\xa0\xcd\xdb\xd7\xd0\x99\x97\x87f\xb9\x99\x07\xec\xb4Zm\
\x8a\x16\xdd<\xb4v[\xb6\x1b\x8blQ\x94g j\
\xf6\xe1r/)q\xb0qF\x02\xd4\xf2Kr\xe1\xfc\
\xf2O2|\x86,\x04R<\x9c*\x13\xc1~(\xbf\
\x1d[\xd6\x0b\xf4v\xe1\x15!\xc1\xe3\xa1\xbb\x18\xe8D\
\xe77C\x1f\x8eMc\x8d\xcd\xcd\xbaP\x17w\xc4T\
\xa7\xdb\xfd\xe1@\x83/ey\x0f\x9a,6n\xa2]\
\x83\xb1+\xd3ccs\xc1\x89Kz\x17DT\x01\xe1\
\x04\xd4G+O\xafBg\x11\x0e{\xa3o#\xcd\xc5\
\xda\x80\x86\x06\x80^\xdd@\x02\xdd.\xd5\xda\xba!\xa5\
\xd3:5`\x1fX\xbc\xa1\xa3F\x14\xeb\xd9\x118\xf2\
sG\x1fa^\x9bqp\x09\xbb\xce\xe0K\xc5\xc6\x1b\
\xdcYbS\x84\x0aB,\x99\xecB\x9cu8\x0cs\
\x12\xe4\xd4\x0f\x10\xdd\xe1\xc2\xf9X\xaa\x89W\xcb\xa2\x86\
fIs\xa7us\xeb\xac\x0f:\xf8\xa2\x81\x1czA\
\x82\xce\x91$\xeb\x18\x9ex\xb6\xdd\x9f\xfa\x05\xed\xb4\xb0\
ZV\xfc\x9e\x8c\xd99%F\xeb\xee\x991\xcci\x9c\
]:\x1c,\xda{\x9a\xa1\xdec9\x9d\xb8.1.\
\x13_\xfe\xb5wE\xc6)\x0e\xa3\xefN\xa7V\x9bW\
\x94\x02i\x8e\xe6\xd8\xd0\x9dR\xf2\xac\xad1M\xef\x80\
!\xad\x8b\xbc:**\x00\xfa\xdd\x9f\x91\xd6\xee\xbcR\
\xcc\xcd\xe2c\x96:6\x89\xcc52\x12\xc5\xe0!!\
\xe7\xf8u\xea\x84_\xb8u:J\xd5h\x12K:\x85\
[w4\x1a3\x1c\xa3\xf7\xfb\xe4\xdc\xee\xc6\x83\x0cu\
\xcc\xd8\x91\x0f9:b\x86.\xaa\xa6\x9b\x0f\x1e\x04\xe5\
w\x07\x9f\xdd\xb3\xed#\xa8\xda\x10\xbfn\xcf\xf7/\x83\
\xba\xe8H\xbb\x13\xe6\xb8\xf5\xce\xcca\xf8jp\xb0\xe7\
\xc2\xe0\xba\xe1'\x8b\xf6\xfa\xfb\x17f\xf7\xb4\x8eM\xcf\
E\x9f_\x92+\x18\xbe\xea\xad\xd8v\xdd\xde\x80\xde\xf7\
i\x9dH\xbd\xc8S\xe4B\xb2\x1fjHkHM\xcd\
K\xb1;\xd0\x10\x90\xbeeKf\x9aN\x89?y\x22\
0\xb0c\xe4\xe9\x1d\x14\x17888;\x1e\x9d\xe7\x1d\
[\xe4\xeb\x88\xce\x9b\xb4\x91\x01\xb6kH\xc8\xb1s\x1f\
\x1c=\xda\xdd\x8dI\xb7\xf4\xe7\x88I\xf6\x08\x10WO\
T?B\x97A$\xcd\x11\xa9\x03\xf3p\xc7s!h\
\xdae\xday\xbe\xf7\xc8\xc9\xc8s\xdd\x07\xa9L\x95\xf5\
\x0d\xbb\x99\xd1,G\xdc\x11\x89\xd1H\x9e\xeb\x8e\x9e4\
3\xfb\xe4#\xa7B%\xbc\xe5n\x95\xfe&\x0fE8\
p\xd1\x9e\xfd\xfebq\x9br\xe6}\x0cV\x0e\xbc\x93\
sw9\x95\xe5\x88\xff\xd4\xd4X\xef\x04F{\x85\x9e\
\xdf\x80\xfe3\xc2q\xaf\xfe\xf6\x14,\xa4\xb4\xce\xceC\
\xdaCy\xd5\xb9\xd5Zjo\xdcI\xa0\x17\xa1\xb5n\
\xde\xa1\x03\x07\xd2\xb4\xd6\xbc`O:\x8fQ\xb4\x1d#\
Y\xc8f\x1eP\xf55/\xeb\x89\xe3\x8f\xc5;q\x01\
\xa5K\x00\xf7\xb9\xa3G\x8f2\xac\x0f\xde\xc4\x84\x05\xb4\
\xe5\xa5\xce\x06\xcd\xcd\x140D\x9f\xf6\xeaG\xd6\xa8A\
\xe6\x18|:\xbaJ`\x0a\xc3\xd1\xa3\xe7B\xe6w\x0c\
\xc0G\x88b?\xf2&nq\x0e\xd7\x0eD;\xb5M\
EC\xb0Z\xe4\x87\x22\xb7\xe3`\xe3\x89#x\x0a\xbc\
\xe5\x90\xeaH}x~z\x09Z\x07\xe6\x85h\x1a\xd5\
:3\xa1\x1e\xf3\xe9\xb8\x8b\xd6\xff\x03a\xb2%O\xa8\
(vp\xfa\xa7\xe8Y\x97\x83\x03\xa1\xd1\xe77\xce\x0f\
\xbf\xe41\x9az0\x02\x03mj\x009t\xb7\xbcC\
y\x87\x1a\xaasS@\xed\x0d\x0d)\xd5\x8f\xad\xd3\xb5\
y\x18\x92\xa0\xb5\x86\x12\x0f\x0bY\x16\xefI\xf3\x87\x03\
_\xdcE8u@\xbeR\xcc\xcd\xbc\x13\x0dKB\x05\
\xc2\xee\x82\x00\x00 \x00IDAT$\xae\x91\x847\
\xa3\xeb\x9b\x8e\x07\x1d9\xb4\x19\xe4\xf8W\xcfeuN\
L\xb4\xa5<\x0a\xdf\xf1\xe8\xd1\x0e\x18m\x98s\x8f\xde\
&\xb8,@\xb8\x10)\xe8Ig\xc4aD\xb1\xfb\xb7\
A\xcd\x96\x98E\x9e;\x06\x85\x0er\xfc F9\x94\
#\xa3\x07\x1dTov3\xf7+\xfc\xa6\x1c\xeaW,\
\xa5{\x17\x8b\x82\x8b\x8e \xc0\x82>\x05\xbd\xef\xc7\xf5\
\x07\xfb \xb8\x8e\xfc\x8f]QKj\xf0f\xde\x1f\x8d\
\xcd\xaa\x91\x16j\xab\xf2\x89\xbe\xb0\xf4SM\x9d\xfc\x0d\
\xda\xf7\xe1\xe1N4\xd7\xea\xd4\x1e\x0aH\xc9\xd3\xe6\xe5\
\x05h\xab\x87\x8b\xb4\x87\x00{Ju\x03:0V7\
\xa4\xfa5\xc0!_\x13\xe2\x9atJ\xfdS\xe0H`\
\xc7\xff\xfb\x82re\xe4.Kk9\x06_\xe7\x93D\
\x1du\xc9\x22\xcf\xed>z\x94\x1b\x5c\x0e$\x1do:\
f\xe0\x17?\xe8U\x84_\x22u\xe4\x06\x10\xa5OL\
\xe4\xa1\xbb Z\xc7`\xf5\xf7\xf77\xf3\xac\x00\x97\x08\
G\xf2\xfa\xa4&Y\xcc\x14\x88\x99-IP\xf7A\xea\
<Q\xeb\x80f\x81\xf5\x90\xe87or\xf9\x98\x22\x09\
y\xd0J\xb3\xa5\xd9\x96\xbe\xee\xc2\xb3\x0d\x0e\x916\x91\
\x09e\x9e\xe0.U\xbe\x1b\x1by\xaaQ\x1d\x9a\x03\xd4\
\xb3r\x1c\x96\x15\xeb\xd1\x81\xce\xf6\xd7n_\xbb6\x1b\
\xfdO\xa3\xc2\xbb\x9e\xca\xe3\xe9\x1c\x80\xa7\x0c\x0f+\xf2\
\x8a\x86\x15Z-\xae\x82\xea\xeaNT\x93\xa6h\xb5\x01\
\xc9\x00\xbds_\x5c\xdc\xa3\x89\xb1\xe8\x91\xc0\x9f+~\
v\xb0\xb5\xcdh^Z\xc71<\xa1\xde\x89\xe7\xc9-\
\x22\x22\x0e\x0c\x1d\x0bZ\x16#sP/\xf7\xc3\xd0\xe6\
H\x1d\xec\x9d\xe5o\x03\xf3\xb6\x09uW?\x8aIQ\
]\xd8\xcf=(\xf0\x84\x83\x07q\xb94\x1eE\xa3F\
\xe6\xa0\xdbv\xba]7\xb8\xd4\xf5(k}\x8f\xb2Y\
\x0cN\x04\xd1\x1f\xb4\x0f\xe3\xf3\xc0\xbd?\xca\xce\x86\xd6\
U\xe8d\x81\xce1\x86G'lSn\xbb\xbb\xbb\x18\
\x98K\xcc\x5c\xe3\x86<1p\x13-\xc3\xcb\x0b\xe4K\
\x7f\xd1\xa4\xe3>\x0e\xb7\xab\xbe\xbef\xff\x81!;\x13\
\xde\xf4\xad\xbc\x95\x9d\xca\x03'\xef\x84\x0a\x97\x92\x8bi\
\x85\xe2\xe1\xea<\x85\xb9\x0298\x87\xb4E\x0a-\xc9\
\xfa\x94\xeaN\xb2\xe2\xd2\xfc\x14~\x87&\xc6\xc6F\x02\
\xfb\x1cP\x15P\xbb\xf2!\x12\x98G\x1b\x0bR\x17\x9d\
$\xc4\xb1\x04\xc4\x89\xd0A\xe9\xa8*g?\x1c\xae\x19\
\xcd\xc8\x02B\xd2>Qzu\xb5\xfa\xef.]C]\
C\xfdl\xfe1\x9a\xda\xb0\xc5AO\xb0\x03w\x19<\
c1;-u\xd3\xc8%\x91G\x09k\xfca\x0a\x13\
\x12\xb3\xeb3t\x0d\x92?\xf9\x18%n\xc8c\xf5\xb5\
\xb02\xd59\xc6\xfb\xcc\xa0T\x8a\xfaeN\xe6G\xa2\
\x91\x05\xb2\xa2\x0b\x8a\xb3\xca\x9d\x97\xa9\xfe\x0d\x8a\x0eU\
a<\xda\xae\xf9M\xb4\xdeJ\xbc\xe9\xa0D\x11\xda\xce\
\xd4\x86\xc3\xda\x00\xe8\xedH\x0f\x1e\xce\xadNIQ\x0c\
\x17\x11\x97?T\xa4\x80F\x9f\xf68%\x05\xc3/\x0e\
l\xb1\xf6k{\xd7\xbc\xfa\xa7\xd09\xd46`H\xe9\
\xb2\xc9\xad\xfa\xaf,\x8a\xd9\xbb-\xf6\xfc\x85\xa0\xed\x0c\
r\xd08\x98;\xa3u\x9e\xaf\x83\xc1\xf3p\xd2\x0dG\
\xe9\x0csu5\xd0wA\xabm\x869\xf7\x9c\xadt\
\x83\xe7;f\x10\xb5\x83\xdc#d\xb1g+'\x0d\x18\
\xf61\x18j\xf5\xb6\xb5\x98\xa0\x8ajy\xbc\x9d\xce\xcb\
 \xda\x8b\xd4\x07ev\xa9\xd4\xd7\x22{A}\x0a\x8a\
\xdc\xd0\xa2\x1e\xd1s1/\x89\x82\x5c2\xe4\xa1\x15\x0e\
w\xb2\xca\x07j\x0ds\xe6\xf4\xdfK\xd8\x12\x05\x85\x86\
\xd6\xee\x0a[A\x12\xa0\xf0\x8a\x0d\xbe\x0dI\xde\xb7\x8f\
\xcc\xf3\xbc\xbc\x14\x05z\xdc\xd2\xc2mJ\x1e\xc4;\x16\
\x94\xf8\x06\x8c\xbb\xc7\xb4\xf9L\xccS\xeb\xeaB\xdf\xe3\
\xfb\xf7g=A@\x07W\xe2q\xe7\xbf\xdb'\xe7\x8f\
x{\x9f'*G\x0bf\xfc\x02r=\xb5w\xf3t\
\x0e=M\x10\xe9:JGS\xe6o]\x86\x86\x86\xb8\
A\xe7\x02\xa1g\x10\xeex:aNM\x9d\xcf\x9d\x1e\
\x9d<b\xa0AE~\x80\xe6\xa4\xf5\xf2\x82\xac\x0a\xcf\
\xa1]C\x86\xb3\x8cDG\xb2Q\xa9P\x88Ns\xcf\
\xfd\xe7\xc5C\x91\xe6,N0\xcfEV<\xaf\x81K\
dq\x08\xae\x17W@!,/\xbb\xbd\xa4\x0a/\xf2\
\x8e\x8a\x0e\x0e2*\x9a\xd9`T\x97\xfexd\x1dw\
6\x80\x93\xe7\xe5U+r140\x173\x88\x80}\
J\x0ap\xcf;\xd4y\x08\xfa\x5c\x03\xacd\x04bj\
j\xec \x02\xcc'\xba\xba\x5c<\xd1\xdce\xc5\x8a;\
>_v\xfe\xcc\x9e3a\x0cs\xa0\x0d\x81\xaeS\xe3\
\x18\xa9\x93*\xc7Q1\xfbo\xa0\xc8\x81\xce\x89\xd0\x01\
\xba\x0ep\x9aN\xc4-G\xf4\xa8\xc4\x0f`?\xa1\x13\
\xe8\xec\xcb\xba\x1e\x05chv\x96\xcf\x82E86\xee\
F\x83Ga\x89Dgz\xacP\xa9\x80 \xb8\xa5T\
\xa7Z\xd2\xa3(rs\xcf\xa5\xbeC\x5cn;{\x81\
\x17P\xe7\xf2cK~m\x1b%\xbc\x87\xc9[\xc9\x85\
\xbd&\x83\xee&\x9f\xbc\xd1;]O\xa5Ak\x87\xa9\
\x96\x02\xccs1\x8187\x17\xb7\x00\x9ez\x98\x83\xfa\
!\xd9;\xbbj\x1a\xf6\xa5\xa5w\xd6\xa0W6\x0d\x97\
\xfb\xf6qx\x7fF\xffj07\x93\x5c8\x11=\xdb\
\xcf\xa8\x1c:\x1c`\x07Wf\xec\x1d\xa4\xcaqxF\
\xed<\x98\x062\x1d\x94N\x98\xf3\x94\xce?\xce\xdf\xe0\
:\xb9\x09\xc8\x89i\x1c3r\x85\x89d!\x98\xc6\x83\
_&L\x8e\xeau|:\xd9I\x1f\xa3\x12\x0d1\xf0\
\xec+\xa3\x86\xca\x9c\xf7\x19\x7f1\x82\xe7\xa8e\x95\xe9\
!\x11\x85 ?\xb6\xa2\xd8\xa1\x00\x03%ml\x97d\
\xde\x8b\x99\x80\xfa7{{\xb6$\xa7\x98y\x1e\xc0a\
\x0e=.!\x97-L\x0f\x05\x9bO!b\xd7j\xbb\
:\x1bj\x10\x89I\xab\xd1j\xab\xc5E\x87\xf2\xba\xc2\
/6^\x9c\xd7\x9fk\x99\xaf$;7\xe4\xc2a@\
\x88\xd3\x0fS\xde\xe1)e\xfa;ir\xba\xc5k\xef\
$\xd3\xf5\x84N\x94.P\xb8\xf0L\xbc\x18\xefB\x94\
~\xcc\xf8\xe3%\xb2\x90\xddG\xa1?db\x0e\xdb\x81\
\xf9\x07\x0a\xb1\xee$\x05\xec(;\x15\x18\xb9\x99\xd9\xb6\
\x8f\xfd\xcdQ\xf0t:\xe6C=W\xc0{J\x8e!\
g\x0es\xfaJ\xca\x91\x09\xb8\xa2\xc0\x92\xf1\x81\xbc\x95\
\xf7D!5\x0dZ\x12\xe8\x18&\x07\x02'*\x1f\xc6\
\xa2\x8d6&\xe0\x81:\x04;P\x87\xb2\x97\xda\x19P\
]\x94R\x1d\xf0\x18\xf9,\x17\xb7\xcbV\xf7\x85D\xc7\
PT\x08R\xe7\x17\xd1:\x87;\xccsR\xdd\x17\xa7\
t5Q:H]\x80Zw\x8b+\x85\x16\xd9\x02!\
\xf3\x0f\x06\x01\x9b\x90\xed\xd6\xe8\xdf\x1f\xbe}\xf7\xbc\xc7\
\xe0\xa3\xb1\xa2\x84\x17D\xdc\xac8e\x0e\x15\xa9\xfb\x95\
\x09\x09\xa6j\xdc\x92\xce5r\x99\x92\xe8\xb3`\xb3\xb4\
27\xefc\xde\xde\xbb\x91\x9d\x87;\x03\xa0\xb6\xa7\xa4\
\x14)\x18\xe8\xb9\xb9\xc3\x04;\xfe\xd3(\x1a&\xdb\xf3\
\xbe\xc5\xc0\xa9.`\xde\x10P\xa4\xf0\x83f\x87\xc6\xbb\
\x17\xb7l7f\x9a\xcb\x7f\xc5\xa4\x0fxJ\x07\x993\
\x99N\xa4\xde\x0d\xc4\x01\xb9\x01\xa1\x83g3J\xe7\x9c\
3\x02\xa5\x9bb\xeft\xa9\xe0\x0dH)4\x95\x89+\
\x91m\x87\xf2\x89\xdf\x05\x17\x84lO\xf6 \xf2X\x11\
\x0e\xa5\xe6\x8f\xa0l\xef3g\xd1\x82\x06i\xce\x0b\xeb\
\x9dP\xec\x04\xb1\x8eA~\xc8\x94,\xb35\x96\x22\xcb\
\x7f\xe7\xb7\xf1\x19\x22\xd78\xf2\xc2Am\x87@\xe7@\
\x1f\xceU0B\x07\xf0\x98/F<\x9eX<\x06~\
C\xa6C\xbb\x87\x9b\x06\xe9\x8a\xd6[\x0e\xd8\x1dX\x90\
Y\xb1\xcc7\x94D\xa1'#\x09t,\xc6\xdf9B\
'\x99\xce\xc3\xae\xe3\xf0&d\xba\x8e\xd2\x0dX<^\
\xc6Vc\xb7\xce\x0e7<\x06\xd9n\xca\xfc2\x15\x82\
\xf7>\x83\x0a\x08$\xbc(\xd19&V\x04K\xed\xac\
;\x0c\xb5\xe3\xa6\x1d+\x91G\x1d3\x0a\x8a\xef8\xa0\
w\x8aj\x19e\xce\xf0\xd3\xdf\xdam\xd7Sp\xb5\x11\
\x99\x13s\xe7\x09\x1d\x98\x0f\xd3\xdfp\x1b\x11\xbb \xd9\
\xb5\x0d\xa95\xda\x94\xeajxqjR\x91Ceg\
\x8d\xfc\xe8\x05$\xb4\xf4\x17\x8dT{6\x13\xe4L\x8f\
\x03\xb1\xf3\x84N\xf4J\x94\xaeW\xdfy\x99^m \
\xd3MQ:\xb48\x5c/\xa4\x116\x9f\x90\x99\xf8h\
Q\x1c\x03\xdd\xd4Qz\x7f\xec\x84*\x08\xf4\x10A\xe9\
zL\xec\xf1li\x91X\xbaXsgQ\x84cw\
sE \xebRaS\xbf\xb4g\xce\xc4Q\xbcm\xbb\
$\xa7\x0e\xc1\x04#\xcc9BW\x90\xde\x0e\xc6\xae\xc8\
\x15CG'\x1e\xcf\xc6\x09\x92B\xd7`\x97\xa6M)\
J\x09\xd0v\xa6\xa7u\x22\x99\x0a\x98\xaf\x16u\x91\xe8\
\xd8.\x07\xcf\x0ch]\xbc\xf6.P\xba\xa3\x81\x9d\xce\
\xc9kP\xfa\x10\x18;\xe7\x9d\x81\xfan\xac\xbd\x13\xad\
\x0b\xf4\x0e%\xae\xdb~\xa0\xcf\xa4\x0d\xbd\x17\xec\xdd\xda\
\xdad~\x15\x05\xdc\x9c0n\x06=D\x9e\xfb\x17\xc1\
\x15Et\xbe0\xdf\x92\x07\xec\x94#\xca^\xb2\xa8\xef\
%\x0a V\x92%\xf4\xb6\x01mp<\x92\x08-E\
\xcf\x89\xb73\xe6N\x0c\x9eP/\xca\x85W\x8e\x91:\
\xc8\x9d\x8d\x05\xaf\xeeL\xc6\xccq\x80\xaem\xc0\xfci\
\x9cJ\x96/\xb9Z\xd4\xcd\x22?\xa8-\xa8\xe0`\xe7\
\xcd5\x90{\x06 \x87&\x07R\xd7/\xbdG\xee>\
o\xa6\x1bS:\xe7\x92ca\xf3\x8c\xfa\x81\x92\x1c\xf9\
<\xe5\x9d}I\xaf\xc4d\xe4q\x9b\x10B\xde2<\
\xbe\x0d]\xfb\x91(\x99\xed\x86\x86\x05\xf0:\xbbK\x97\
H\xca\x97\x1d\x8327R\x81\x8e\xa7%%\x8b5\xa4\
18\xafo\xf5f\xc8aR\xe1\xa0\xb7\xc3#\x03\xee\
\xce \x07\xe8\xc0\x5c\xa1\x00s\x07\xa9\xd3j\xc3v\x83\
\x1d%Qa\x0axgZ\xba\xdd\x96-\xd6\x9d<\xe8\
\xab\xe4\xf0\x92\xc8\x0f\xe4\xe5\x98R.\xafG\xd2\x1a\xc8\
\x9d#u\xc6\xde\x89\xbb\x83\xcd\xf3<\x9e\x97\xe9\xf7A\
\xea\xf0\xc2\x9a\xb0\xd3\xd9\x80Yd\xc8T\x0d\x90\x09-\
7\xa1\xc7I.\x1c\xf7K\x83\x1awj\x01\xfdzG\
 \x10&2;r\x9a\xf5\x0b\x12'\xb8\x8d\xba\x17)\
\xde7-\xcfy\xfcN\xc69:\xf6\x15\x17\x94QK\
4\x1b\x93\x5c\xe5\xad\x06\xda\xe0\xe0\xbc\x18\xe6L\x9ec\
\xc4\x18\x81\x8e\x95\xab(\xca5\x1f&z'\x91\x0e\xe0\
\xcd\xf1\x97\x97\x9e\xd6\xa0\x85\xb1\x06\x81\x8e\xa1\xe3(;\
\xc8D\xc8\x8d_\xc6\x95\x84\x06oor\xd3+l\xa0\
\x00\xf3\x95\x91s\x839?X\x8e4\x1b\x8f\x8b\xa8\xea\
E:\xb9\xde\x85\xd0*i\xef\xf3\xd9;\x5c2\x08\xa7\
`\x82&u\x98F2\xae\xc3.\x13b{\xef\xf1j\
t\x8d\xb53A\xe8^q\x91\xec\xd8@\xeb\xd9\xa5\x8a\
\xbc\x04s\xab\x1f\xc5\x8aX\x93\x87\xab\xdb\xe9u\x14S\
\x19\xb3@\xe8\xe5\xf0\xd1\xac[\x93e\xdd\xc7\xbf\xb1\x8d\
\xa4SL\x85#w+\xb48\x01t\xc0.&\x1eO\
\xa4\x0e\x16O\x5c^\x9c\x92\x8e\xcc\xb9\x94\xa2\xa2<\xb8\
\xe4H\x81\x03s\xe7d:\xc3}aR\xfcR\x87\xe8\
\xe5\xe9\xd0\xe7\x80X\x8d\xca\x01\xe0\xa3\x8d\x01\xe0\x03\x97\
FZ\x04\xfd\x08\x1c\x9eW\xe4\xb8\x80\xba\x0et\xe2\xfe\
\x14;\xdb\x8a.\xd3\xd7l\x90\x9e\xc7\xcf\xe6V\xc9M\
x\xca\xb6\x1d\xa7\xb0\xa0)\x89\x1e\xb9}7\xe7~A\
\xec\xc5JY$\xb5r/\xb5\xc8V\x98\x8c\xb3\xea\xbf\
\x88$\x82*\xd7\xb3\x1c\xe0\xa3A\xf3r\x13\x9f\xa7\x7f\
\xea\xdb\xbc%9\xe5\x97\x17\xe0\xc7\xf3v\xa2t\x01v\
\x04V\xe1\x84%\xf7\x0c\x83|\xd8\x5c\xf1\xd8\xae\x01\xc9\
\x92EH\xa5I#:\xa7\x0a\xb7-\x99\xe0\xf2\xb4p\
\xc7\x041-\xf1\xc5\x83\x18\xe64h\x17]\xc1\x89P\
\xa9Y\x0d\xc3\x1e\xd9\xe9\xc8tb\x8a|\x7f\xf3P\x17\
\xc0\x9e\xe0$:\xf3\xbc3\x81\x8f$(d\xa7\x00n\
\xc2[\x95\x9f\xff\xebK\xb8\xed;\xb10/\xcd;\x9e\
\xe49(=\xc4\xc8\xbf\x86\xe3\x8a\xdc\xbe]\xd7Ob\
\xdbY\x7fs\xa9\xd8\x1c\xadD\xfd\xf7,\x90\x02\xf3\xbe\
\x03)sY\xac\x9a\xb5\xe4\x9fV\x85\x17E\x06\x04\xf8\
\x11k\xa7\x05\xcc\x09tN\xae\xe7V\x17\x91\xfe\x0e\xc8\
i\x81\xd8\x1f\xdb\xed\xeb$\xcc\xa1\xc4\x11\x9dgf2\
\xb4\xb9\x9b\x03(t\x84`_\xee\x8c\xe9O\xa0\xe8\xe4\
\x09\x07\xcc\xd4V\x01\xf5\xfc\xdb\xbf\xfeu~]Y\x19\
f\x00`\xa1%\x99|\xc0\x19a\x1c\x8a\x94\xf4\xf7w\
\xb9t\xfd]=\x81\xfcc\x8c}\xf2\xec\x1b\xe8\x1b@\
\x9f*\xee\x894\x90\xbb.\xff\x12\x864\xe7_\xfa\xbc\
\xae\xaeL\xd5\xb70W\xc5;\x1e#T\x09\xf4\x05\x17\
\xa4\xeb\xf6\x03\x06R\x1e~8\xa9\xbb\xd2)\xfb\xca\x15\
\xe9\x922\x1d\xc7/a*<*\xd7\xe1\xa3Q\xfd\xa2\
\x91H\xf3/C\xfd\xc9Y\xeb-WL\xf9\xf6\xc3\x08\
h\x01s&\xd5\x19\xea\x08\xb3a\x91T\xc7\x02\xe6\xda\
\xcc}Z-a\xde\x09\xcc\xc1\xd89\xcc92\x87\x1e\
O\xa8o1i\x16\x99\xfe\x0a\x92 \x02=??\xff\
\xf2\xa5K\x9f_\xaa\xbbt\xf9R>\xf0S\x95\x95\xbc\
(G\xbfh\x0cG\xc4\xa4\xbc\xb1&\xb4\x0d\x99\x1a\x9f\
FW*\xdcEc\xaa\xac\x1c\xea\xe4\x08\xb0\x09\xed\xcb\
x\xe5\xa5K\x97\xb1.}\xfey]\xd9\xc0\xc2\xbc\x85\
\x93\xf1\xa8\xbf\x84\xb5\xb6\xd01\xe3\xba\xfb\xc0v\xc3\xca\
\xbc\xbd\xfb\x07\xb3\xddh\x04\x13b/\xcb\x80\x81\x1af\
(s\x1e\xf0\xcc!{d\xb9\xfcX\xd3\xdf\x9d\xed\x15\
Q*\xdfF,\x91\xec\x14\x02\xa7\x049\x83\x1d\x88\x13\
\xb53b\xaf&\xc0\x05\xc8\x81z\x00\xecr\x08tx\
_1l\xdcH\x98#+\x1a\xfeXJ\xa81U\xed\
\xb6\xd8\xd7\x12\xc9N@\xa2\x03u \xc6-\x06a~\
~\x99\xaa\xa4\x80\xc3\xbd\xe9\xe1\xf8\xb8fR\xa3i\x0a\
\xf4t\xa0\x5c\x0dT\xcb\xd9\xd8\x5c\xe6\xe1\xc6\x0d\xbd\xe0\
sB\x1d\x94^V\xb6\xb0\xa7\xe7'\xf1$\xcd\xd1}\
\xd2\xfa\xc0<\x1e\xe4\xba\xdb\xfa@\x9c\xd19\xdfC\xb3\
\x1a\x0a\xa5N\xcf}M%\xd2\x18}\x09\xf8c\x9b9\
\xd41\x13f\x91\x06\xb7F/0}\xe7\xc2\x86\xa5\xcb\
F\xf81\x1a\x07\xe8\x945A\x90+\x80:(\x1dQ\
\x17N\x89'\xf6\x0e\x9fE\x9euj\xe7!\x18\xe8P\
\xdc\xd3@\xd5\x02s'B\xb7nh@\xd3f\x9am\
I,~\xb9\x0e\x0f\xfa3\x10\xa4*S\x95\xd9\xe4\xb7\
\x009P*\x01\x8f\x7f\x97\xc0\xa8\xc1\xe4\xef\x00v\x0c\
C}\xf8p\x5c\xa3y\x98UPk{\x9b\xbaY\xb7\
\x5c\x06\xe4\xe0\x0a\xec\x22\xe1 \xc7\x7fb\x15 \xf4\x05\
\xce\x12Q\x84]&\xc8\x1c\x1dG\xad\x8d\xa8\x1aA\xd5\
\xdd\xf0\x1e\xef\xd6\x1f\x09m\xedA\xd9i\xb6R\xe9V\
\xc9\xc7^\x8c\x1f5\xba\x17\x04\x15\xfe.\x949\xd4\xe4\
\xd7\xd9\xbe.\xea2\xd3\xa5\xeeF\x1f\xb46w\x5c\x03\
\xaa\x05\xd4\x115c\xab\x08\xd92\xec\x87Yn\x04}\
n[\xeepu\x1a\x948?(\xee\xbc@\x17\xbc2\
\xc0<\x0d\xb5\x8e\xfb\xd0\xf2\x8d\xd1\xfaj\xd49Y\x14\
\x11/qi\x0er\x06%Ig\xb8\xbc\x809x|\
\x13h]3\xfe0\xb4<?\xbf\x8e\xae\x8a:\xc3'\
~.\xa0N\xdc\xbd,_\xdf\x03J8U\x1f\xc6\x11\
\x9d\xdb\x11\x17\x9a\x07\xf0)LX\xb6\xe6uw\xe1\xd9\
I\x1fY\xf9#}\x0aIsg\x971\xdb\xcc\xcc\x22\
\xfa\xbb\x9d\x91\x10\xad\xf2(/\xcb7\xd1SRx\xcb\
\xa5nE\x91\x1bE\xe8\x92x?\xc6\xcfA\xe8\x80\x1c\
\xbf\xec\x1e\x91:\xaf\xcd\xc1!C\xd8\x0f+\xd2\xd2k\
\xa0\xb8\xa3z\xb5\x06\xd3\x0d\xc9@g\xb2\x1c\xff\x0et\
\x22\x99\x0a\x99T5\xa80#\x0e\xbf\x0a\xd4EA\xe0\
\xd96\x10\xeaD\xaa\xba\x05\xd0\xe1\xf1B\x929\xa6\xd5\
\xfbp\xa0\x17\x97\xe4\x13\xe4\xf3\x17\x81\x8e\x85W\xe35\
\x03\x0b}\xe1\xa7H\xe6\xa0\xc8\x95\xbcqF\x1a\xa6\x88\
\xae\x86y\xec\x9d\x5cs\xd4M\xa2\xb0\xf0\xc7\xca\xfd:\
\xb5~\x11\xd8Xp=\xf0\x05)s%\x03\x8bv\xb3\
^\xe4\xc5\xdcn\xd7\xb5o\xdc\xba\xc8\xe7G\x82vI\
\x88\x13\x89s\xa8c\x83\xedQT\xe3\x87_\xd0\xe3:\
\xadk\xba\x10Z\x03\xbc\xf3\x04\xba5\xb9dY\x98}\
\x1f\xea\xc6\x01{\xe6\x81\xed\xf3x\xe9\x22\x9f\x8d\xdd\xb2\
\xa8\x01\xf0w\x9b\xcb-\x97\x19\x1d\xf3\xa0\xf2\x94\xce@\
'\xf6>\xfe0\xcb\xc3\x14\xe6:J'\xd0UQF\
\xb0\xd2g\xca\x10fA\x85=<\x0a\xf3\xb8\xbb(i\
;]\x0e\xdb\x8drl\xf0\x02n\x04\x13\xfa\xb7_9\
-\xa37XbIX\x1b\x22\x86\xba\xea\xf6\xebx\xe1\
%\x11\x0b\x83\xb7K|\xde\x1b|H\x16\xcf\x88\x1a\xa0\
C\x9b+B$\x9d\xa3v~'x<\xb7\x86\x87\xbb\
\x10e\xd1R8\xb5\xb3&\x0d\x8c]O\xe7\xa9\xb9\x0a\
\x98{\xc8\xa9a\xb4\x0e\x95\x89z\x96\xcc\x97\x96\x8b\x1e\
\xb1(H\xaeR\xe5\xb7\xe4\xb7\x10\x83\x16\x96\xc0\xdeI\
\x85\xe7\xd9{q\x09/\xc6\x85\xe7p\xb7\x8c\xceo\x01\
{\x88\x04\xd5BB\x8f\x04\xb0v(o\xb6\x86\xf8\x96\
\x19\x1d\x03=\x02\xd0\xe7[x\x92==(b\xa6\x1e\
\x22W\xe6\xb5\x8a3z5\xbb\xe3\x1a\xe7\x98\xe1\x89\x9e\
\x92\xe4\x8f}\x1d/\xbc\x17\xe7\x0c\x5c\xf8\xc6k\xbe'\
\x02\xe2\x9b\xe8\x9cH\x1d\xd8\x01y^\xaa\xd3N<D\
\xb0\xc3\x1d\x9bPm\x9d\x8c\x10zQ\x91\x96\xbc2d\
\xac\x09\xbe\xd7\xcea1e\xd0Q\xb6\xec!\x82\x1d\xc4\
N\xa6\xdb\x02\xa3x\xb1o\x22\x8b\xb2Y\x1ct\xb0w\
\x01t\xc8tc\xbc\xe9\x1e\xc3\x9c\xfeA\xd6\xd7-T\
\xdd\xcdN\x1d\xb0\xce\xb4C-;.CcKR\x14\
\x09\xee\x0e\xabs\x81\xcfVr\xc6*[\xe9_\xa8\xa4\
\xd2\xf5\x05\x8cc\xdew \x7flAq9\x04Q\x89\
\xaaj\xa1>1\xef\xd9\xf3\xef\xba.\xd3\xc5n\xfe\xf3\
\xdf\xdc}Y\x22\xb1vB\x8dAN\x22\x9dyip\
\x15\xc0\x1f+\xa0\x0e\xd8S\xd3a\xac)\xa0\xb83:\
\xd7c\x9e\x226G\x22\x9d\x82^\x1d\x80\x82G\x5c\x12\
x\x02\xce\xf1\x96yz\xd3\xe2\x87\x1cT\x9bO\x9a\xdc\
\xd5\xcb:L\xeb\xf4\x94\x0e\xed\xbd\x096\xdb\xf8\xc3b\
\x0f\x18\xf3\xbag\xf0\x1b@\x9b\xd9\xe9\x97nA\x8d\xb3\
1QTu\xee\x00\xb2\xb51\xe4\x0d\x074/9.\
\x82\x19\xef\xf3\xcd8\x1c\xe5'\x1f\xa3!\x0d\x949+\
\x0b\xb7\xe5|4fAh\x0b\x0fe\x8e\xc2\xace\xf5\
K\xe7\xc7.\xf8\xfeI\xab\x0bT,x\xfd\xeb\xef\x10\
Er\xfc\x1b\x08\x83\xb3\x038\xd8cE\x0a\x8e\xd8\x09\
vA\x8bO@h\x8d\xbc\xaf\x01\xe8F\x92\x0e\x05N\
P\xdc3\x15b\x9azC\x16\x1d^\x0dbo\xc8\xeb\
\x84\x12Oc\xacW\x9c6'\x89\x82\xedM\xee\x15=\
\xa4\x0c\xf4\x12N\x91c\x94\xae\x01\xe8e\x0b0'B\
\xe7mtP\xba\x89\x9c5\x11\xcc2\xa2t\x80>_\
y\x0f\x01\xa5\xe3RX\xe0\x995\x93 \xba\x0e\xf6\x8e\
\xb6\xc1\x16g\x97\xab?\x94\x84\xc0\x1f\x8bN\xa2\x08\xbd\
 SrU^\xf8\x93\xbab\xef\xd7G\xef5_)\
\x8a'{\x8c\xf1\xf7\x94\x14?\xa4\xcc\xa0\xaaaX0\
\xdc\x88\xe536\x80\x8c\x994\x14\xabW\xc3X\xabI\
%\xafL&K\x9b@\xca\xcc\xb0\x18A\x18B\x1d\xb0\
\x13\xb3\x08@msWZ\x03\xd8i\xe6\x8aU93\
/\xccZ&J\xd7\xa1\x0e\xccMi\xef\x0bA'Y\
\xce9f>\xaf\xb31q\xceE,G\x0a\xbdDq\
<\xc6\xec\xdd\x0cj=\xd1\x7f\x84\x89\x13\x87Y\x0d\xc8\
\x85\xf7\xc7\xd4\xf5\xe5\xa6\xa8\x8a\xbcO9f\xc8G\x02\
\x19\xea\xb5\xbb\x96\x88\xc2\xcf\xff\x98\x0f\xe37L\xa0\x8b\
\x5c\xab\x13\x98\xa2\x06\xcfj\x8a\x9f\x1f%\xc0\x15\xe5\x16\
\xa1\xf9\x04s\xd0\x01Ep{b\xf3\x0am*<\xee\
\xd5\xf0\xb8\xd7\xa4\x03s!\xac\xd6`.\x1eN \xcc\
\x09u\xf8\xe8\x81:\xf4\xb9j-\x95\xc0d\xaeX\xa8\
K \xd5m0q\xe6\x96\x0et\x9d\x9d\x9eS\x1c\x1a\
*Pzy\x9d\x9e\x13\xe8\xb8;\xa4\xfa\xe7p\xd6\xe0\
\x95\xa6\x08\xdd\xcc\xec\x1cInjO3_{7;\
\x05u3\xd3TV\x057\xc1\x89\xb5\x0d\xbebyz\
9C\x1a\xca\x9c\xa3\x1c-\x19\xa8?x\xfd\x90\x89\xeb\
n>\xda\xdc\xfd\x0b\x89\x1b\x869\x0a\xd78\xdd\x9c0\
G\xce\x0c\xd52\xa1*\x99\xb8<\xaf\xcf\x11\x8b'\x1e\
\xdf\xd0\x80\x8a\x17(\xee\xa0a`\xce\xebpZq.\
\xc2\xed\x1c\xa93bo#}\xae+\xaf\x1a\x1c\x1eD\
\xb4\xe2\xaf\x05[\x1d\x94\xderU/\xb3\xf52]o\
\xa7\x97C\x8f\x9b\x87;\xd3\xe0\xc8\xf3\x0e\xdd=\xdf\xa4\
H%&N\xad\x89\x08t#;\xdd\x95\xcct\xec4\
\x89\x09\x1513\x1d\xfe\xca\x95e\xa7\xa8z!\xcc\xda\
\x811\x93%\xaa\x01\xe7]G\xf9zX\x93\xefj\xb0\
\xd3+\xf1\x94\xe9\x0e\x1a\x06\xcfY\xb3\xcd\xa4D\x8e\xd0\
\x99@&\x99Lt\x0e\xb9NZ\x9d\x81\x1a\xafH\xa9\
A\xda\x04B\xe8p\xb9\x91\xe2\xce\x9c2\x07P\xc5\x0c\
\xf2\x06wg\xb4\x0e\xd1\xce\x88]Q\xd4\xa9-\xea\xdc\
a\xb7rJ\x875\x1dF\x94nh\xb4\x19\xd8\xe9\x02\
\xa5{\xd4-`\xef\x04:\x99k\x97`\xa4\xd7.\xf0\
\xc0\xd2Yc::\x1a\xd0\x01_#\xfe.\x89\xa0\xeb\
\xc0\xcen\x9ev'\x9cho\xa0\x8e\xfe\x92J'\xcb\
+1\xcb\xa9\xf0\xd4I\xf4N\xce@-\xba,9/\
W\xce\xca\xbf?07\x0c\xf4\x08\x9f\xbaN\xb7^E\
\x09\xe4]\x071\x13\x99C\x87\xcbU\x10\x9d\x93\xdd-\
\x90:\xa3\xf4\xbcN\xd2\xf0\x90\x04\xcb\x12\xe2\x18\xa1[\
+\xc4\xac\x14\x02\xa5O<\xeeb\xa0\xde\x06\x8d\xbfZ\
{(e\xdf\x02W\xf7\x92\xdf(\x88\xbc3\x18!'\
0pr\xc8qnX\xd2\xde\x99\xef\xbdx!\xe8\x84\
6^\x01\xcd\xfdR\xbe\xca$\xa1\x9b\x99\xe9\x85\xba\xb5\
\xb5\xbe\x05qRD'\xd1\xf9<\x87\x8d\xc1!\xca\xce\
\xf4\xf8c\xb6\xa22\x1b\x86\x9b\xb7\xc1~\x13\x9b\x92s\
\x84z\xc1\xc0\x80\xc3@mm\xf32E\xcc\xec\xf5\xae\
\x89\x87W\xcc\x05M|\xe0/\xdc%\x8a\x80\xb5\x05Z\
\x17\xb8;\xf4v\x96\x0d\x0b\xccI\x8f\xe7p'\x99\x8e\
\xb2\xe5\x14J\x9b\x00\xd3\xe6]\xaf\xa9\x09\xc3\xb9\x09x\
5\x97[\xc1\xc9u\x8c\xc7@>\x15eFk\x03j\
\x16?\xa1&\x0eZ\x16v\xdb\x06#\xe4n]\x12\xf8\
\xb7\xde\x0d\xab\x93\xe9\x1e\x86\x1e;\xee\xea \xd4\x01\xf9\
-p\xf7\xc5<b!\x14I\xa7V\x938\xf4\xb8\xf8\
\x0b^hZ\xe0\x1a\x19\x91x\x98Bo\xd0\xe8e&\
\x0e\x86\xed\xa2\xae\xfd\x18\xd0\xe1\xef\xb4\xbc\x17^r\x0a\
\x9dD\x0b\xee\x02u\x95\xadm\xb3\x09\x1bb\xdeg\xb8\
\xc6\x04,\xf0\x0e\xcc{\xcaZ\xde\x05w\x87{\x15\xa0\
\x13\xa1\x13\xa9W\xa3X\x15xSJ,n\xc0\xe4y\
G\x0d\xa5G\xb1\xdcW\xc1\xdb\xde\x90`\x0e\x9f\x0d \
\xa7L*\x81\xd4I\xa1\x13\x0f\x83\xd4\x03Rk\x1a\xe6\
\xdb\xc5K\x7f\x8f \xdb\xdb\xd0\xdf\x81\x1et8\x0a\xa9\
p\xec\xbd<\x8b\xa2l\x8bR:\x948\x90:P\xff\
\xfc\xd7\xb7\x17KUCScpq4\xa4\x02\x7f?\
P\xa3=\x1c\x17\xb7;.\xb9\x86\xa3skk#1\
o|\x84\xa8N'\xcf\x1c3\xdc\x96\xe1\xf0\xaeG\x91\
\x1f\x1b\xdcQ\x0b\xb9^\xeb\xdc|.\xc9\xf8\x8d\xe6\xdf\
;y\xbeh\xa1\x9d8\xffIkx\xff\x02\xe8\x9c\x81\
\x0e\xdeMJ\x1c\xfb#%^X<\xec)\x0a(q\
D\xe7B\x88Ek.D\xd9Q\xd9j\x80:\xd9\xec\
m\xb8>:k\x16\xa6\xa9,\xf9=$\xc7\xaa\xae]\
%\x0c\xc9\xdbB\xc83\x93\xad\x1c\xb3Y\xc9#\xf7\x10\
\xa1Ub\xef\x02\x1f\x10\xa4\xc0\xadK\xec2\xf9\xfcV\
\xd5\xe2\x5c\x95S\xe5\xe09 \xff\x1bh\x1e\x8dF\x11\
\x1e`tn7\xcf\x8a3:B\x98\xebl\xea:\xaa\
\x9d\x96\xed4\x17\xd2\xd8\xd8\xefY\xd1'G\xa2\xdf\xae\
f\xc7%\x1b\xa0\x8a>\x8c\xf1\xc3\xb04\xa3\x8fZ\xdf\
;\x11\x09`\xd2zJg\x0a<\xa3s\x0etP;\
h\x9d\x05\xd9Iq\xaf\x81\xf7\x95-\xeb\x14\xbcJ\xb7\
x\x06\xcf\x99\xebD\xea\x88\xbet\xa5\xcd\xf7\x85,\xf7\
\xc5\x82l\xaf\xfd\xfe*\x88\xb6\x8e%\xc4\xe8\xb5w=\
\xa5\x97\x97A_\x13\xe0\xc6-\xae\x0f\xba:\xea.\xdd\
\xfa\xed\xd5%\x0a\x8cD\xbb\x11Og\xbdE\x89\x9f\x13\
\xb3g\x88\x93\x11\xb7x\xc7I:Z\xea\xda\x0f\x06_\
\x98}\xc5RydiZ\x17\x9d\x03\xea\x1d@\xbdO\
\xee\xe2y_\x1d\xbfD\x1ce\xef\xf1\xc4\x90\x8d\xac\x5c\
\x17\x89\x12ae\x13\xa9\x93\xa5\xc5\x919n\xfch\xdb\
\x08ur\xcdv\xa6\x0a\xe2\xfc@\x8db8\x01\xb9\xd1\
:Z\x07\xa9\xf3Y\xf1\xc4\xdf\x912]\xadmH^\
\xb9k\x86\xbb\x1c$P\xe0\xaf\xfe\xf6\xd6e\xe8\xe1X\
\x94\xfa\xc6\x149!\xb4\xaay8R\x02\xb3\x8e)n\
\x1c\xf0$\x03\x00\xf8\xd5\xdf\xff\xf6\xea\xaf\xf3\x97JX\
\x92`P\x018<zF\xb3\x00 \x87;\xf6\x98\xb4\
\xd1\x0d\xaeMt\x9f:\x8by\x8d\x88\xaf?\xf7MX\
\xc6!\xeb\x1a\xd7\xd88\x14<\xeb\xa2\x0e}\xa9\x19\xef\
MX\xd4\x08\x17\xed=\xeewJf\xf0!\xeb\xbf\x99\
\x94hn\xced:9U\x18kgx\xebu9\x82\
\x9eBo\xe4\x9c\xd7\xb2\xec\xf6\x03\xe9\x9d\x14]\xa7\x94\
\x1a\x06:K\xa5\x22\xcc\x09v\x86\xb9\xf9p\xb5\x1f\x12\
\xe8\x16\xb1\x85\x16\xff\x92A\xf566\xb7n\x01vf\
u3\xdc\x91XN\xb1UN\xa6\xfb\x94#\x87\xc2P\
\x97\x03\x81ch4\xbbLn\x1f[\x8a_\xbaR\x10\
\x95\xc9u\xc4}\x09x\x84\xdd\xecVbRz#\xf6\
\x82\x06\xb2\xfe\x83\x9a\x89\xe0\xd8\xa5%u\xc8\xd1\xc6F\
\x97\xe0\xe09\xcd\x03\xcbI\xffV\x85\x9f\xe9X\x8a$\
\xf6x\xee\x86\xcas\x9c\xfe\x0f\x13\xc8\xb4&\xf6\xce\x19\
l\x04<Iv=\xa9\x93>\xc7~\x99\x8f\x06\x1a=\
\xec;\xf8[\xc9\xa3\xc3(\x9d0'V\xaf#u\x00\
?\x0cQ\x90\xba\x94\xb44\x0d\xbc$\xcc\xf6\xf6U(\
\xe2\xdc\x82\x11F\x89\xd1\xb5\x03}\x0e\x05\x81\xd1\xa1>\
\xa1#\x98`O\xc9\x90`\xe9tip\x7f\x14l\xf9\
\xbc\xee\xd2\xe5\xc5Tw\xfe\x93d\xbbA\xeb\x99\x80\x9d\
\xf5\x8fFF\x05s\xd0-\xa1\xc4\x09G\x98\xf4\xd1`\
O\xe1\xf4L\xef\x5c4\x9a?.u]\x99\x89 \xd6\
\x1b\xd5\xdf\x8dM\xb5[V\xfa\x16\xba\x0f\x17\xc5\x9b0\
\xc4e\xb1\x09E\xa7\x96\xbex\x84O^\xbb\xdb\x0b\x18\
\x18J\x901\x8bM\x0f\xb7\x8e\xbbs<\x9e\xd1:\xf0\
\xe6\x223\x0a<\x9b\x0f\xb2\x13\xa9\x13\xea\x0cs\x01w\
(ry]\xfb\x8c\xbd_+\xfb\x06A\xbbnc\x0c\
4\xcf\xc0\x89\xc1\xc3RGC\xa8\x82\xd9\x0eP\xd0\xdc\
\x5c\x81\xaa\x0c\x22\x1d\x0c\x9d\xb4u\xdd\x02\xea\x97\xf3m\
\xa2\x96\xf9\x04t\x8b\xdfN\x92\x9d[\xe4s\xdf\xbe\xb2\
\xaa\x8cm\x1f\x0f\x96J{'f\xe5\xb3M\xd1K\x07\
Ze\xe7\x1a\xc3\xd5\xbd\xbd\xcal_\x8bJ\xb7B\x04\
\x9bO-\xb8\xa8\x92b\x12\xfc\x0c2\xae\x979\xe6\xb5\
z8\x96\xd4\xae\x5cpk\x103#r\x03B\xd7\xf3\
xN\x9d\x83?\x16\xe1\x18\x22x>\xc6N\xd4.0\
y\xc2\x1d\xae9\xb0x`\x8eT\xd9\x03+k\xffm\
\xfc\xbd`\xab\x03s^l\xeb\xedt2\xd9\x90\x10\xcb\
E\xd9@\xe7\x06\x8bc\x0a\x88\xa3\x9b\xa0*\xe3\xf76\
s\x0d\x89\xc3\xa0\x02\xd2\xe2\xec\x10a\xdf\xbe\xe4\xb41\
\x83\x97\x8a\xb6\x9d\x9e\xee\x9d\xf0\xb4\xb5\xb7/@\xcbO\
\x83\x07\x16nJ\xceuU\xb7\x89{\x95=\xbe\x95\xcf\
\xad\xa40h\x0f\x1b\x0bo\xd1\x85\xc4\xdc\xa2\x8dt\xc4\
\xf1\x87\x1cc.\x86?\x0d\xd8\x01W\xd4.\xea\x96\x01\
{\xe7\xa4:\x89u(\xf1\x049[\x0cp\xee\x1f\xa3\
t\x81\xd8\x09t\xb8f\xd2W\x1cJ7:wA\xb6\
\x90\xd0L\xa2S23\xb2a\xf9\x1c9.]\xaa\xb8\
\x9cX\xbb\xc1\x22\xc8\xa1\xc3_\xceoY\xa6W+\xf7\
!\x12n\xa6 \x1b+\xb8\x0a\x7f\xd8\x91\xb19\xb9\xf3\
\xb5\xdf\xde\xb6\xad\x08]\xc6!\xfb\xe1a\xbf\xb66\xf7\
\xd6\xc2\xc1Q\x8b+=J\xa8\xb3\x87\x0df[IN\
\xc6\x1f\x07\x9d/\x97wgt>\xd6\xe6\xcey\x16$\
\x83\xf2\x8edG\x0et\x10\xbcN\xa4\x1bj\xf0`\xf1\
\x82\xa3\x86C]`\xf6\xe8S\xc0qx\x9e\xd8\x11\xae\
\xd1\xaeZs\xe7\xbf\x9d,\xec\xda\xd5\xcbW\x09I\xb0\
qB\xbd\x9c\xe9q\xa4\xc8\x8dk\x1e\x86z\xccK\x9c\
!\xcc\x09\xf8\xfc\xda\xe5\x09\x9d\xfb\x04\xb4\x85\xc6\x8fq\
\xeb\xe0\xe5\xce\xac(\xc6g\xb6\xfe\xf7\xbf\xbem\xbf+\
:fI\xa9\x8et\xbc.\xbf\x22\x0c\xde-\x1c\xb4\xb4\
\x18\xediM\x80k#N\xc8\xb4O\x8aO4\xcfM\
4%\xe7\x97\xfb\xfc7\xfd\xb8$\x11\x09\x10\x09T\x96\
\xca\x149\x8e\xd0\x01;j\xda\xf0\xa3\xe7\xefL\x85'\
%\x9e\xe5K\xf2\x0c^H\x9e\xe3\xa5:\xa9s\xd0\xdf\
\x11\xae\xd1\xa6\xad8\xa6:\xff\x0b\x05\xd9RR;T\
3\xce9C\x94Ne.\x82G\xce\x18t\xc2\x9b\x16\
\xe2\xe8\xf3\xdf\xe7\x8d\xde\xf7\x8a\x0e\x95\x7f}\xcd\xb6y\
\xe8\xfc2\xc5(\xe8\xcc\x15P\xdd\xf6\xbe\xbb\xb4\xd0\xaa\
\xd2\xc27\xdb=\x81\xce\x05c\xf1\xae!\x898\xd1\x89\
z\xd7\xff\x1b=\xc0U\xbd\x99(\xe98\x1a\xbf\x92\xba\
m\x08\xba\x8e\xd4\x81;C\x9f\xd7\xe6\x18\xa5\x13\xec:\
J\xe7\x15;\xe2\xf2<\x8f\x87S\x16\x8e\xbb\xd5\xf6!\
\xd1\x1f\xb4,\xcc\x16\xeew\xe0H\xa0\xb3\x80\x8b.\x05\
\x1a\x94N\xa1U\xdd\xc2\xb3\xb8<\xa9K\xf9\xcb\xa8\xee\
\xfa\xb7\x7f\xad-\x91$*4t\xa0\xea\xe0\xae\x98e\
\x1b@F\xd6tiS\xda\xcc[\x95\xa5\xed\xcf\xa1\xcc\
\xb9\xe7\xe2d\xd8\xed\x8e\xf4\x0a\xd9\xad\x80\xa72q\x85\
Q\xd7\xd7:\xca\x95\xbf\xe8\xa4\xb9;\x1a\xe4\xc1Y\x0e\
\xfe\x0e2_ \xd5\x89\xe0\xf9\xc5)s\xa4\xc7\xeb\xf2\
*t\xc9\xd1:\x1d\x1e\xba<\xac\xb5\xd5\xba\xe2\x0c\x8f\
\x17\xb6:\x83\x92\xb9gt2\x9dr\xe4\xe0\x865\x04\
\xbdN\x8f\xb9\x8d\xa9\xbe\x13\x86o\xfaK\xb7?<\x11\
\x1a\xb8+l\x19\xef\x0c}\x08H\x1d\x11h\xcc\xe7V\
\x96\xbaYX\xb8)\xc5\x0a?td:|\xb8S!\
\x15+\x12\xdf\x02qN\xc7\xb8M\xec\x8e\xee*p\xcf\
P\x94\x0d\x98\x0bb\x9d\x08\x1c\x8b\x09w\x03G<\x80\
\xe7\x04\xbb\x8e\xd8\x19\xad\x93Toc\xc0\x0f\xe7\xa6\x04\
\x1c^lj\xd6\x8aN=luXm\xc4\xe0\x0d(\
\x9d\x8f\xa7\x87\x1ae\xceP\xe2\x04[\xf9&R`W\
\xf4Y+~\x12\xda[\x9e\x8f]\x96\xcc\xe9\x84Ft\
uv\xe5\x15\xb5\xb9\xbb\x17\xf6\xc0p\xf3-\x94\xbaC\
~\xe6&(\x95\xe6\xc3\x89\xc6]\x08W\xfc\xe1o\xfc\
\x89{i\xf6;\xf4wxg\x98\xc9&\xc0\xce!.\
\xc0.\x10;\x83\x9c\x8b\xbaq\xe94d\xae\x0b,\x9e\
\xf3\xd4\x14\xa5t\xa5\xc5\xc9~\xc9q\x06\xd9^\xa6\xac\
\x08=\xa5/\x22\xd3A\xe9\x82\xea\xbe\xe2\x0c\xa5\xd7?\
.\xc9\x0a\xbf\x93\xeb\xe1\x9aN4^\x1c\x862\xd7s\
\xc5\xc2\xb7T*E\x1bm\xa9\xbb\xb9\xd4<1ri\
%\xf0\xf5\x8fm\xb5\xaf\xdc\x86a\xb1\x94\xd7H\xa4\x0e\
\xd4\xb5F\x0c\x9ea\x9e\x07B\x87/^\xbf\x18\xb5\xb3\
p+o\xbf\x19\xc0\x9e[\xed\x07\x81\xbe\x0ak\xc8\xc4\
\xf1J\xc2Z\xe0pc\x94\xae+k\x122g\x8c)\
\x1d\xa0\xe3\xea\xc8\xbf\xb4\x02\x1b\xdd\xc4\xe7\xac\xd1\xaeS\
\x87k\xf6!\xc5\x08*|\xe9\xcel\x04\x22qv \
B\xe1\xeb^.\xabv\x8d\x8e\xc7\xc4\xdb\x9e\xc4U\x98\
\x80tV\x80\xce\x91:\xf5\xfb6^`\xf1\xa8\x5c\xd7\
\x83\x0eJ\xe7\x88\x9ds\xd3P\x82\xb4\xb0\x90\x0c{\xa8\
a\xc7/\xc3\xdc\xcc,\xa8\x0a\xd9\xed\xb78\xf6\x0e\x93\
\x8d\x0a\x18\x05\xed\xddP\xa6\xf31\xb6\x158\xe3L|\
\xef\xb5\xdb\xe5\x15\xd0\xb9\xafK\x9b\xa7\x10\xb7\xba'\x80\
>P\xe7\x9b\xeb\x97\xe0.VD\xac\xddG\xae\xf6\x9d\
?9\xee\x8e\xd6\x88,\xb3\x8d9b\x09s\xbd6\xc7\
Lv\xc1~3\x84\x9d\xb7\xd8\x997\x1e\xa0\xf3^Y\
\xca\xad;l'\xd8\xa5\xab=\x14\xdd\xf3A\xea\x94\x09\
M\xf1\x16A\x91\x13(\xbd\xa0N\xa7\xbbc\x036:\
\xfe\xd9\xac\xb9D\xd7\x1d\xd9\x8a6\xe2\x03\xd0\x22[\x8b\
\x8e-\xb0o\x15\xc3\xa5W\xaeX\xe5\x22\xf5 \xde{\
E/^\x97'y\x1f'\x99N\x9d\x9e\xf9\x90K\x80\
\x96\xe6\xf4\x18.R\xe6\xfc\xa0\xd8\xcd\xd7\xe3\xf9\x84\x1a\
\xe6\x95e\xd4\xde\x06^\xa1\xdd\xb7\xea\xd0\xda\xc2\xef\x19\
T\x9fOau\xce#\xb78\xa5\x93D\x07w\xaf]\
\x07\x89\xbe\xf0\x18\x17\xdfs\xc1O[\xd3\xd9\x85\xf3\x88\
\xc43w\xb7\xe7_~ia\x95\x92[\xf4\xf60w\
\x1c\xf9q\xf7V\xe8\x97\x9cP\xa7\xdc\x19\xd2\xe4\x16H\
vN\x8b\x07\xa9\xeb\xb9\xbc\xe0\x9e\xe3\xd4x\xce9\x87\
:\x87\xb4\xc53\xce\x16?M\xf3\x1fAb,\x14s\
\x13\x94\x1e\xeaaH\xe9,K\x0a6\xfaJ\x9dq\xf3\
?f\x8d\xeeo3\x87mNMy\x14\xb9\xee\xd9?\
^yn\xe9V*\xcd\x8b\x97\xad\xd1\xa7\xbd\xd6\xdb\xc6\
`\x02\xbc\x98\xa1NF\x1bPgt\x9c-\xd1\xa0\x00\
\x00\x0a\x92IDAT\xae\xe7\xf0\xa0y\x22uF\xe8\
d\xb23\xd8!\xabx\xb9\xce{j\x88\xc1\xc3{\x1f\
\xd0\xb5t\x22\xca\x0a\x8fP\x02\xb7\x1c\x03\x9d\x9c3z\
JG\xc0\xa5\x5c\xdf\xa3\x04\xeeWp\x83[u\xb5\xcb\
\x85\xd7V\xf8\xa1o\xe8i\xa2Ob\x0a\xcd\xfd\xbaj\
\xd0\x1e\xbb\xc8\xdd\xca*{\xf4\x8a\x95T*-z[\
\xac5\xee[\xc6\x8a\xa5\xad\x00\xdd\x1c\x890\xccT\xe7\
I}\x01\x8b'\xe8\x09}cb\xe7\x94x\xf8h\xaa\
\xd1\x14<%\xa0\xf3\x8d`nf\xe6\xca\x91\xfa\x02\x99\
nD\xe9\xe0\xee\xa4\xbb\xbf]\x12\xfdB\xc4q\xa9\xff\
Ln\x1e0\xcf\xad\x16[\xb9YY9)\x95\x85R\
\xd3\xf9\x14o\xe8:[\xfd\xdb\xec\x85\xfa\x0e\xa1\x0e\xd0\
\x99\x7f\x86\xac6\xf4\x87\x05\x9b\xd7\xc1\x0e2'j'\
\xc0\xf5\x82\x9dqw\xbd\xc5N\xb0\xc3Z\xe3;/\xae\
\xfe(\xe6\xbf\x82#u\x16oa\xad\x86H\x91C\xc0\
\xc5(\xef\x9d\x13\xe9k\xecu\x9f\x7f`\x8b\xdf\x97$\
\xb9F\xc6\xc7\xfb\xc1>\xc3\xc0\xafad\x92\x15i\x8b\
\xa4NhA\x89\x84\xda\xe3Io\x8b\x89\xce\x1d\xbf\xb7\
;(\x9d\xecHf\xaasQ\x174\xff&\xc8\xf5<\
\x9eA\xcea\xae\xb3\xde\x88\xc5\x0b<>\x05\xc3X\xd1\
'\xf6\xf0\x1b3K\x5c\xe1\x96\x83\xa5\xce\xd8{N\xd6\
S\xca\x86\xe5J\x95\xf52\x9d\x19\xe9\x9f_^O\x89\
\x9e\xe4\xed\xedm\x12=\xd9\xc9\x88\x88Sq\xdbw \
\xda\x02\xd0\xa5\x85\xf0\xb9+rSj:\xc5\xa5\xa8x\
v\xca>\xbdm\xf1keC\x1e\xf1>.m%\xa9\
\xce%M\xf1R\x9d4x@\xaeG\x9d#vb\xee\
\xa4\xc6\xf3K/\xd9\xc9:\xa9\x0e8\xfc\x06\xd3\xf7\xc9\
-w\x89\x07\xdd\xa0)A\x09%\xc8\xf1\xc0C\xa4\xdf\
\xfa|\xcd\xbd\xeezP\x92\x22\x12\x8b\x12\x13\xe3\xe3#\
.|\xa2\xc3\x1e\x13\x05\xf7\x1e\x89\x8dIT\xf8\xa1d\
?\xad\xa6\xf3\xb0\xb6:\x01^W\xa6\xe2\xe4jk\x86\
\x95\xca\x9eA`n\xf2J\xd1\xbf\xf3\xfao\xc5H\x81\
:\x93\xea\xb0\xdaX\xcd)qx\xfcp\xc0\x13\xdcX\
\xc4\xe3\x89\xbf\xc3xc\xaa\x1c\xc3]\xc7\xe3I\x05\xf4\
\xd3\xfeb\x03\xdd\xe0\xcb\xbb\xc2V\xbfE\xcew.\x9e\
\xaeg\xef:;\xfd\x129g\xd6Q\xa2\xcb\xe2\x13\x12\
\x8a\xc0\x0f\x8b\xfc\xaa\xdbN\x7ft\xe6\x08\x90\xf4>r\
f\xffYd\xcb\xc2\x8f\x8d\xb8\x0a\xf2\xfc\xd3\x1bP\xca\
]\x1d\x80\xee[\x94F\x94\xab\x10#\x91\xd6?\xe6m\
\xa3s\x9cf\x08u\x8e\xd4\xf1\x85\xa0\xcb\x81|I\xa0\
3\x06\xaf\x13\xeb\x02\xec\x0cw\xd0\xba\x1ewN\x8b\xa7\
\x02\xd7\x80So4\x95;\xc8\x16\x8d)\xc8\x0d\xcb%\
\xc3651\xf6N\x993\x02\x87\x07\x7f\xcf_?\x89\
.A\x11\x7f.X7PTB\x1d\xcf>\xebv\xe6\
\xcc\xa8\xc5\x97\x16\xa3\xbe\x98\xd0\x0b\xaf\xa6\x02\xdd\x14i\
\xaa\x19\x9bmF\x93\xec\xf0l\xf3\xdc\xf7O\xc7,\xd3\
X\xd8\xe0B_\xc7M\xf0w\xa9;\xa7\xc03\xb1\xce\
PG;\x09\xe8s\x18\xd4b\xc8\xe2\x19\xa5\x93\xa3\x06\
\xc4.\xc0\x8eg3\xc1\xae\x00\xe6o\xf4\xa0I\x81'\
\xfe\x0e\x93\x8d\xcf{\xe7\x149\x03J\xbf\x04g\xdc\xba\
\xd9\xe8\x11(\xf3\x84\x0f\x1dZZ\x0f\x1a\x8e\xf9g;\
\xb9\x8d^\xb1\xb4\xb4\xb0\xb0\xbc2\xea\xeb\x06u\xadP\
)5\xcf\xa5\x86\x8a\xe8\xb2G\xdc\x1dzqBb|\
\xec\x87\xa6\x95\x807z\xaa^\xe7\xcdb\x95:\xa9\xce\
\xfcr\x84:D:\xf0\xe6E;\xd1\xb9\xb0\x98JG\
\xb0\x0b\xa8\x03s\xb4\x0cM\xa9>\xb5\xf2\x06\x91+:\
H\x11\x91\xfa\xa52\xb2\xd3\x8bC\xa1\xc8q\x94n(\
\xd3\x91\x1aW\x1b\xf4f\xaf\xb4\xc5\x8f\x8cJ{\xcd\xc5\
\x08\x9de\x97\xfa\xa3\xa1d\x8f\x95\x9b\x9b\xaf\x1b\xfe|\
}\xddv:e\xa3;\x8d\x98\xd2%\xac\xd1M3\x00\
l\xcf/~\xef\xde\xbd\x17>\xfcd\xbd\x8en\xf1\xe3\
^\xe4\x11\xd16P:\x13\xeb\xfa\x04x\x92\xe0D\xe9\
$\xd7\x0dy<\xdb\xcfh\xdd0\xf0\x86L\x9a\xea7\
_w\x0bRo\x01\x7f'\x8b\x8d+k\x9ao\xb2\xa1\
\xfb\xc4\xba\xd9\xe8I\x89\xb9\x09\x08Q@F\x03qX\
aN\x047Pw\xea)E\xd7h\xe4\xa0P\x0dw\
\x1aF\x8c\xa3V\xd7/1\xe2\x13^\xd2\xbdu\x0a\x9c\
\xee\x1a\x90\xc5@H1\xbf\x9c\x80:\xd1:\x16\xa3t\
\xda0X\x06\xb0\x0b\xba\x9c\xa2\xda\xaf(`\x0d\xd8l\
\x90\xadM\x0b49\x1d\xe8\x949cX\x9f~\xeb\xf3\
\xd7l\xcc\xa9\xfb\xe6+\xde\x90\xc4\x17a\x18#\x19c\
\xd9\xa5S\x1c\xa1\x13\x9d\xef\xb4\x02\x91\x17*[1\xe0\
\x06\xda['&\x8c7\x1c>\x1c\xbf \xd7}\xc5\x1f\
\xb3\x9eO\xdc+\x05\xea\xbc\x06\xcfY\xeb@\x1d\xe82\
\x81\xbe\xd0\x0fO:<O\xe8\xc4\xe6)y\xca\xef\x97\
FSM}]\xaf0t)(\xf1\x00\xe8\xfa\xf6#\
\x1e\xba\x9a\xa6uu\xc6E\xc0\xe7\x82\xfa\x80\xd6BP\
9(\xbdg'1v7+\xe2\xecJe+\x02\xd3\
\xe4\x8dlHMM\x8b\x8b0\x98\xdck\xeaK\xbd=\
\xfb\x88\xd4[\x09u\xb8h\x08u\xf2\xc72bg\xb4\
n\xcc\xe1\x89\xeaI\xa3c?\xf8W\x94\xe2\x97[\xbd\
\x16\x98\x9b\x99E\x11\xa9{\x18\xd5\xa7\x1bv\x8c\xbc\xb4\
\xf4x\xdb7xz]\x13Q\xce\x8d\x14#%\xe8\x1a\
\x0e\xb6l'+\xc6\xdc\x89\xd0\x0bA-\xb0\xcb\xfd\x02\
\x02\x1aR\xb7\xef\x8e\x90\xbd\xc1O]\xe3\xb7J:-\
\xa0\xce'\xd1\x00u\xce7\x07j_\xe0\xa6\xd1C\x8e\
+\x03S7\x17\xab\xd4\xfb\xc5\x07\x9d\x04R\xcf\xe7\xd9\
;\x15\xb80\xf6.\x18lhB\xb0^C\x92d\x89\
\x0a\xf0v`\x0e\xc4\x89\xd2\x9dv2\x05\x8e\xe8\x1c:\
;\x98{\x82\x02MY\xe2\xceE\xa2\xc3\xc5?\xcf\x12\
\xc5*\x19\xea\xe4\xa2\xd1\xd1\xba@\xed\x9c.gd\xbb\
q\xc4\x0e\xc8Y\x12\xbcbm\xe8\x1c\xa7\x8fI\xf5\x17\
\x1c{\xe7\xb2a\xf5\x94~\xeb\xd2z\xd9\xe8\x92\x08E\
.\xdcl0\xd1\xc9\x8d\x9e\xdd\x03\xe6N:\x1c\xe8\x9c\
\x98\xbb\x94\x1c3\x87O-\xacZ{\xeb\xe1\xf7\x8e\x91\
\xe2\xf0\x99\xb5N\xfeX\xf2\xd2\x10\xb1s\xa2\x9d\xc9v\
\xe8\xf0\x86NY\x8e\xb9\xb3\x9a\x87\xc45\x8b \x89\x5c\
w\xd9\xda\x94y\xf0\x9d((\x05\x1aQ6\x81\xd2Q\
\xa6\xbaN\xb5\x9f\xa2\x08pw\x10:\x04:\x19\xe8\xb0\
\xd6\x98\xe2\xee\x06\xe6N\x9a{B|<*f\xdez\
\x88M\x1c\xe0\xb6\xd3R(\xa1\xcc3\xc7P\xe7\x1b\x92\
\x90hg\xfa:\xb3\xdb\x0d`\x07\xe8\x5c\xcdr\xd1\x9a\
\xe8p\xfc\x11J\xa2l[l<\xb8&\xff:J\x87\
\xfb\x15\x0b\x8e\x99 \x13\xdfcmvI>\x8c\x8d?\
~\xfa\xb4\xbf\xbf\x7f\xa1\xbf?Yk\x88\x98Z\x9d=\
\xeb\x7f\xfaxl\xec\x85\x0dm#\xf2\x8b\xbe\xafh/\
$\x16\x949N\x87g!7\x9e\xda\x19\xec\x0cx\x9d\
\xe1F\xbb\xa8z\x95\xd2!\xd7\xb64\xebd\x18H\x9d\
\xebI \xb4\x14\xe3\xb2(.]jY/\x89\xce\xce\
\xabH\xe4}r\xdb\xde\xbd\xb1Gb\xf7\xb0u\xe4\xc8\
\x91\xbd\xdb\x92\xbcE\xffLB\xdc\xc4\x05\x12\xab\x84R\
\x02{\x1dr\x9d$;uufj<\x98<qy\
Z\xbc\xc6N\x92\x9cC<\xd7d\xd9\xbd\x897\x7f\xed\
]Q\xb6\xb66/\x8a\x8bC\xa9R\x19\xec\x1d\xfd\xde\
\xe1|\xc7B\x99\xea\xfa\x11:\x1d\xbd\xe0f\x11\x99I\
h\xbc:\x7fW\xd8\xfb\xda\xdfo\x83_(\x8a\x95\x12\
\xea\xa0u2\xddx\x85\x8ep'\xe1N\x15\xca\xdc\xe2\
*\x95\x15\x0a\x04\x18\x10tZ3q.\x9c\x8c\x93P\
\xe0K \xd4\x85l\xd8\x12L\xe4b\xa0\xbfm)\xb0\
\xc2\x01\xffs\xdd\x8a\xa0\xcc\x15\x82\xd4a\x820j\xa7\
\xde1\xb0\xd9\x89\xde\x89\xe2\x19\xf4\x04?U\xb4\xd0.\
\xf4\x1b\x8c\xf7Z\xf3\xaf(\x89\xbam\xa3\xca\xa1\x963\
\x1c\xa5\xa3\xc9?\x03=\xdfv\xdd\xbc\xeek\xfe\x1d7\
\xf4\x03\xc8p#\xd3M\x80\x9dQ;9kx\xe4\x19\
\xd4Bu*\x1aEF\xac\x87\xf6\xec\x15\x06U\xae\xf8\
\xa9\x8e\xd2\xd1R\x8c\xb8\xfb\xba\xa9\xee\x1b\x8a\xc8\xba|\
\xf8\x91\xd3:\xd4\x89\xda\x89\xc9\x93\x01\xc7\xe3NR>\
\x97\xba\x8f\xa1\x05YBn\xfcz@\x8eo\x0d\x05\xbe\
\x84\x9a\x07r\xda\xbbG\x1d\xabU\xbel\xbb\xbe\x12}\
]\xce\xfe\xc6|\x88\xc8l/\xd2h\xe0\x88'\xd9\xce\
eF3\x9d\x8eC\x9e\xd0GQ\x04\xba\xc1B\xcb\x8b\
\xf7Z/\xbd\xd55\xec\xb6\x8a&\xf7\x08\xda\xfb\xe5:\
\xa2\xf4uU\xdd7\x06\x8d\xf5\xfbT\xef\xd8\xd30\xdd\
x\x1e\xcf\x09w\xa2x\x9e\xd33\xc2'\xc8W1\xbd\
\xe0\x97\x1e\xbb(\xca\xb6\xf6.\xd8\xbb\x9e\xd2\xeb.\xc1\
\xeb\xbe^\xd7\xdc/=\xfc\x7f\x8a\xd7\x8b\xb6\xc5\x9e\x06\
\xb1\x13\xb5s\x8a<Yp\x04;\x83\x9em\xc7{\xad\
\xab?B\x16V\xab2\xd0\xde\x01y\xdd:f\xc6\xfd\
S\x80\xf6\xcb\x0fRt\x92`\xe7V+\xc5\xd99F\
\xcf\xa9\xf4\x09\x89\xcbtM\xfc\xe5\x9f\xbf\xe0\x1d\x82\x9c\
k+\x0c\xd8\xfb\xbaf\xc6-8\x98\xffcwH\xbc\
\xb7\xc5\x1co\x15p'\xe9\xce\x19\xef\xc7\xe3cOn\
\xc0\x00\x8a\x93\x1f\xd4z\x14\xf3\xec\x9d\x02.\xf9\xeb\x98\
\x19\xf7\x7f,\xc6&\xbf\x18\xd8|\xccq\x941c\xbd\
+~\xf7\xf8q\x00~a\xa3\xca4\x82lUY\xbc\
\x22\x07\x8f\x5c\x1dlt\x93\x87\xbc\xb9\xf3M\x9c\x01\x91\
\xb7w\xd2\xb6\xbd\xf89y2IF\xce\xc7\x8dY\x22\
H\xf5r\x1d\xe8\x97>\xb7\xd9T\xdd7\x06\x88\xf5\xfd\
\xd4\xa0]\x05\xcc%\xf7\xf0)J\x95\x7f}{\x93\xd0\
\xd7\xf7\xf4o\xcc\xa7\xc9\x8e\xc9\x8b\x89\xd4\x1f\x8e\x94\xd7\
\xd5]\xdd$\xf4\x8dAa\x9d?U\x14\xe4\x19\x88\xbc\
wM\x13(\xbdn\x93\xd0\xd7\xf9\xeco\xd8\xc7E\x05\
\x13\xe8\x0fG<T\xeb\x96\x19\xb7a\xdfu\xf3\x83\xf9\
3\xe05\xeb\xc3\xe2\xe9\x1e\xaaM\xd5\xfd\xbf\xcfE\x11\
\x15J2=\xb4``S\xa2\xff\xf7\x01\xfdBt\x13\
\xd8{q\xf9\xfaU\xaf\xfd\xf79\xb7o\xef7=\xef\
\x03E.\xb4b\xf9\xd9\x86o\xefW\xd8<\xb2\xd5\x9e\
\x81\xbd\xd1\xa0\xf4P\x87 \xd9j_\xb8\xf9\xfc\x7f\xda\
3 :\xb9\x7f||<\xf4\xc4r\xa3\xcc\xffi\xbf\
\xe0\xe6\x81\x9b8\x03\xa2\x18\x146EGm\x983\xd8\
\xc4!m\xeeZ\xf33\xb0m\xbff|\xd9\xe9\xf5k\
~\x14\x9b\x1f\xb0\xaeg@\xb4g|<v]?q\
\xf3\xc36\xfe\x0c\xc8\xf6\xec\xf1\xde\xf8\xa3\xd8<\x82\xf5\
=\x03\xa2\x8d\x0b\xef\xae\xef\x17\xdd\xfc\xb4\xcd3\xb0y\
\x066\xcf\xc0\xe6\x19\xd8<\x03\x9bg`\xf3\x0cl\x9e\
\x81\xcd3\xb0y\x066\xcf\xc0\xe6\x19\xd8<\x03\x9bg\
`\xf3\x0cl\x9e\x81\xcd3\xb0y\x066\xcf\xc0\xe6\x19\
\xd8<\x03\x9bg`\xf3\x0cl\x9e\x81\xcd3\xb0y\x06\
6\xcf\xc0\xe6\x19\xd8<\x03\x9bg`\xf3\x0cl\x9e\x81\
%\xce\xc0\xff\x0fd\xec\x80\x8f\xa8<\x12\xf2\x00\x00\x00\
\x00IEND\xaeB`\x82\
"

qt_resource_name = b"\
\x00\x04\
\x00\x055\xdf\
\x00L\
\x00o\x00g\x00o\
\x00\x0d\
\x01\xca|\x87\
\x00L\
\x00o\x00g\x00o\x00 \x00P\x00C\x00C\x00C\x00.\x00p\x00n\x00g\
"

qt_resource_struct = b"\
\x00\x00\x00\x00\x00\x02\x00\x00\x00\x01\x00\x00\x00\x01\
\x00\x00\x00\x00\x00\x00\x00\x00\
\x00\x00\x00\x00\x00\x02\x00\x00\x00\x01\x00\x00\x00\x02\
\x00\x00\x00\x00\x00\x00\x00\x00\
\x00\x00\x00\x0e\x00\x00\x00\x00\x00\x01\x00\x00\x00\x00\
\x00\x00\x01\x92\xec&\xea\xda\
"

def qInitResources():
    QtCore.qRegisterResourceData(0x03, qt_resource_struct, qt_resource_name, qt_resource_data)

def qCleanupResources():
    QtCore.qUnregisterResourceData(0x03, qt_resource_struct, qt_resource_name, qt_resource_data)

qInitResources()
